timestamp,potencia_W,corriente_A,rele_cerrado,compresor_pegado
2026-08-17 00:00:00,0.5,0.002,1,0
2026-08-17 00:15:00,5.1,0.023,1,0
2026-08-17 00:30:00,87.4,0.397,1,0
2026-08-17 00:45:00,0.5,0.002,1,0
2026-08-17 01:00:00,2.1,0.009,1,0
2026-08-17 01:15:00,3.8,0.017,1,0
2026-08-17 01:30:00,88.2,0.401,1,0
2026-08-17 01:45:00,2.1,0.01,1,0
2026-08-17 02:00:00,1.6,0.007,1,0
2026-08-17 02:15:00,3.7,0.017,1,0
2026-08-17 02:30:00,86.2,0.392,1,0
2026-08-17 02:45:00,7.3,0.033,1,0
2026-08-17 03:00:00,3.2,0.015,1,0
2026-08-17 03:15:00,2.3,0.01,1,0
2026-08-17 03:30:00,85.1,0.387,1,0
2026-08-17 03:45:00,2.6,0.012,1,0
2026-08-17 04:00:00,6.5,0.029,1,0
2026-08-17 04:15:00,2.3,0.011,1,0
2026-08-17 04:30:00,85.3,0.388,1,0
2026-08-17 04:45:00,2.4,0.011,1,0
2026-08-17 05:00:00,6.9,0.031,1,0
2026-08-17 05:15:00,4.2,0.019,1,0
2026-08-17 05:30:00,84.6,0.385,1,0
2026-08-17 05:45:00,1.7,0.008,1,0
2026-08-17 06:00:00,4.8,0.022,1,0
2026-08-17 06:15:00,6.6,0.03,1,0
2026-08-17 06:30:00,95.4,0.434,1,0
2026-08-17 06:45:00,27.5,0.125,1,0
2026-08-17 07:00:00,42.6,0.193,1,0
2026-08-17 07:15:00,59.4,0.27,1,0
2026-08-17 07:30:00,126.3,0.574,1,0
2026-08-17 07:45:00,73.3,0.333,1,0
2026-08-17 08:00:00,52.8,0.24,1,0
2026-08-17 08:15:00,102.2,0.465,1,0
2026-08-17 08:30:00,127.4,0.579,1,0
2026-08-17 08:45:00,73.1,0.332,1,0
2026-08-17 09:00:00,33.7,0.153,1,0
2026-08-17 09:15:00,26.8,0.122,1,0
2026-08-17 09:30:00,102.1,0.464,1,0
2026-08-17 09:45:00,11.1,0.051,1,0
2026-08-17 10:00:00,4.5,0.02,1,0
2026-08-17 10:15:00,4.2,0.019,1,0
2026-08-17 10:30:00,89.4,0.406,1,0
2026-08-17 10:45:00,0.5,0.002,1,0
2026-08-17 11:00:00,0.9,0.004,1,0
2026-08-17 11:15:00,2.0,0.009,1,0
2026-08-17 11:30:00,86.9,0.395,1,0
2026-08-17 11:45:00,0.5,0.002,1,0
2026-08-17 12:00:00,4.3,0.02,1,0
2026-08-17 12:15:00,0.5,0.002,1,0
2026-08-17 12:30:00,82.8,0.377,1,0
2026-08-17 12:45:00,1.3,0.006,1,0
2026-08-17 13:00:00,0.5,0.002,1,0
2026-08-17 13:15:00,3.3,0.015,1,0
2026-08-17 13:30:00,83.6,0.38,1,0
2026-08-17 13:45:00,2.8,0.013,1,0
2026-08-17 14:00:00,2.4,0.011,1,0
2026-08-17 14:15:00,1.5,0.007,1,0
2026-08-17 14:30:00,84.4,0.384,1,0
2026-08-17 14:45:00,1.2,0.006,1,0
2026-08-17 15:00:00,4.0,0.018,1,0
2026-08-17 15:15:00,1.1,0.005,1,0
2026-08-17 15:30:00,86.7,0.394,1,0
2026-08-17 15:45:00,3.3,0.015,1,0
2026-08-17 16:00:00,0.8,0.004,1,0
2026-08-17 16:15:00,4.5,0.02,1,0
2026-08-17 16:30:00,83.7,0.38,1,0
2026-08-17 16:45:00,1.0,0.004,1,0
2026-08-17 17:00:00,3.2,0.015,1,0
2026-08-17 17:15:00,2.5,0.011,1,0
2026-08-17 17:30:00,88.5,0.402,1,0
2026-08-17 17:45:00,6.1,0.028,1,0
2026-08-17 18:00:00,8.4,0.038,1,0
2026-08-17 18:15:00,10.8,0.049,1,0
2026-08-17 18:30:00,93.3,0.424,1,0
2026-08-17 18:45:00,29.9,0.136,1,0
2026-08-17 19:00:00,30.8,0.14,1,0
2026-08-17 19:15:00,23.1,0.105,1,0
2026-08-17 19:30:00,130.2,0.592,1,0
2026-08-17 19:45:00,87.3,0.397,1,0
2026-08-17 20:00:00,121.9,0.554,1,0
2026-08-17 20:15:00,61.2,0.278,1,0
2026-08-17 20:30:00,178.3,0.811,1,0
2026-08-17 20:45:00,118.2,0.537,1,0
2026-08-17 21:00:00,114.6,0.521,1,0
2026-08-17 21:15:00,71.1,0.323,1,0
2026-08-17 21:30:00,163.1,0.741,1,0
2026-08-17 21:45:00,130.2,0.592,1,0
2026-08-17 22:00:00,50.0,0.227,1,0
2026-08-17 22:15:00,82.5,0.375,1,0
2026-08-17 22:30:00,139.3,0.633,1,0
2026-08-17 22:45:00,35.8,0.163,1,0
2026-08-17 23:00:00,38.7,0.176,1,0
2026-08-17 23:15:00,12.2,0.056,1,0
2026-08-17 23:30:00,98.9,0.45,1,0
2026-08-17 23:45:00,16.3,0.074,1,0
2026-08-18 00:00:00,4.7,0.021,1,0
2026-08-18 00:15:00,3.5,0.016,1,0
2026-08-18 00:30:00,82.2,0.374,1,0
2026-08-18 00:45:00,4.6,0.021,1,0
2026-08-18 01:00:00,2.1,0.009,1,0
2026-08-18 01:15:00,4.9,0.022,1,0
2026-08-18 01:30:00,85.9,0.391,1,0
2026-08-18 01:45:00,5.3,0.024,1,0
2026-08-18 02:00:00,4.4,0.02,1,0
2026-08-18 02:15:00,6.5,0.029,1,0
2026-08-18 02:30:00,85.6,0.389,1,0
2026-08-18 02:45:00,4.3,0.019,1,0
2026-08-18 03:00:00,3.7,0.017,1,0
2026-08-18 03:15:00,4.9,0.022,1,0
2026-08-18 03:30:00,86.8,0.394,1,0
2026-08-18 03:45:00,2.9,0.013,1,0
2026-08-18 04:00:00,0.5,0.002,1,0
2026-08-18 04:15:00,1.2,0.006,1,0
2026-08-18 04:30:00,84.0,0.382,1,0
2026-08-18 04:45:00,4.1,0.018,1,0
2026-08-18 05:00:00,1.3,0.006,1,0
2026-08-18 05:15:00,3.0,0.014,1,0
2026-08-18 05:30:00,88.8,0.404,1,0
2026-08-18 05:45:00,6.1,0.028,1,0
2026-08-18 06:00:00,6.4,0.029,1,0
2026-08-18 06:15:00,11.4,0.052,1,0
2026-08-18 06:30:00,107.4,0.488,1,0
2026-08-18 06:45:00,29.9,0.136,1,0
2026-08-18 07:00:00,38.7,0.176,1,0
2026-08-18 07:15:00,119.4,0.543,1,0
2026-08-18 07:30:00,171.7,0.78,1,0
2026-08-18 07:45:00,206.0,0.936,1,0
2026-08-18 08:00:00,103.3,0.469,1,0
2026-08-18 08:15:00,129.5,0.588,1,0
2026-08-18 08:30:00,181.0,0.823,1,0
2026-08-18 08:45:00,114.1,0.519,1,0
2026-08-18 09:00:00,39.9,0.181,1,0
2026-08-18 09:15:00,29.3,0.133,1,0
2026-08-18 09:30:00,102.7,0.467,1,0
2026-08-18 09:45:00,10.6,0.048,1,0
2026-08-18 10:00:00,10.9,0.05,1,0
2026-08-18 10:15:00,5.0,0.023,1,0
2026-08-18 10:30:00,81.5,0.371,1,0
2026-08-18 10:45:00,3.6,0.016,1,0
2026-08-18 11:00:00,4.7,0.021,1,0
2026-08-18 11:15:00,4.0,0.018,1,0
2026-08-18 11:30:00,87.1,0.396,1,0
2026-08-18 11:45:00,5.4,0.025,1,0
2026-08-18 12:00:00,1.1,0.005,1,0
2026-08-18 12:15:00,3.7,0.017,1,0
2026-08-18 12:30:00,88.4,0.402,1,0
2026-08-18 12:45:00,1.9,0.009,1,0
2026-08-18 13:00:00,3.7,0.017,1,0
2026-08-18 13:15:00,0.5,0.002,1,0
2026-08-18 13:30:00,87.3,0.397,1,0
2026-08-18 13:45:00,3.7,0.017,1,0
2026-08-18 14:00:00,-17.749147225478037,0.016,1,0
2026-08-18 14:15:00,,0.01,1,0
2026-08-18 14:30:00,87.1,0.396,1,0
2026-08-18 14:45:00,2.5,0.011,1,0
2026-08-18 15:00:00,1.0,0.005,1,0
2026-08-18 15:15:00,2.5,0.011,1,0
2026-08-18 15:30:00,86.4,0.393,1,0
2026-08-18 15:45:00,0.5,0.002,1,0
2026-08-18 16:00:00,7.0,0.032,1,0
2026-08-18 16:15:00,4.7,0.021,1,0
2026-08-18 16:30:00,89.0,0.404,1,0
2026-08-18 16:45:00,3.6,0.016,1,0
2026-08-18 17:00:00,6.4,0.029,1,0
2026-08-18 17:15:00,8.6,0.039,1,0
2026-08-18 17:30:00,86.9,0.395,1,0
2026-08-18 17:45:00,14.1,0.064,1,0
2026-08-18 18:00:00,,0.059,1,0
2026-08-18 18:15:00,16.7,0.076,1,0
2026-08-18 18:30:00,109.2,0.496,1,0
2026-08-18 18:45:00,28.3,0.129,1,0
2026-08-18 19:00:00,77.9,0.354,1,0
2026-08-18 19:15:00,99.7,0.453,1,0
2026-08-18 19:30:00,171.8,0.781,1,0
2026-08-18 19:45:00,195.5,0.889,1,0
2026-08-18 20:00:00,226.2,1.028,1,0
2026-08-18 20:15:00,171.5,0.779,1,0
2026-08-18 20:30:00,399.4,1.816,1,0
2026-08-18 20:45:00,246.6,1.121,1,0
2026-08-18 21:00:00,215.5,0.979,1,0
2026-08-18 21:15:00,198.1,0.9,1,0
2026-08-18 21:30:00,274.3,1.247,1,0
2026-08-18 21:45:00,256.2,1.165,1,0
2026-08-18 22:00:00,229.5,1.043,1,0
2026-08-18 22:15:00,188.1,0.855,1,0
2026-08-18 22:30:00,138.7,0.63,1,0
2026-08-18 22:45:00,118.4,0.538,1,0
2026-08-18 23:00:00,62.2,0.283,1,0
2026-08-18 23:15:00,47.3,0.215,1,0
2026-08-18 23:30:00,119.4,0.543,1,0
2026-08-18 23:45:00,27.9,0.127,1,0
2026-08-19 00:00:00,2.1,0.01,1,0
2026-08-19 00:15:00,3.8,0.017,1,0
2026-08-19 00:30:00,84.2,0.383,1,0
2026-08-19 00:45:00,6.2,0.028,1,0
2026-08-19 01:00:00,2.6,0.012,1,0
2026-08-19 01:15:00,3.1,0.014,1,0
2026-08-19 01:30:00,86.6,0.394,1,0
2026-08-19 01:45:00,1.5,0.007,1,0
2026-08-19 02:00:00,,0.006,1,0
2026-08-19 02:15:00,3.2,0.015,1,0
2026-08-19 02:30:00,87.3,0.397,1,0
2026-08-19 02:45:00,0.5,0.002,1,0
2026-08-19 03:00:00,0.5,0.002,1,0
2026-08-19 03:15:00,4.3,0.02,1,0
2026-08-19 03:30:00,82.6,0.375,1,0
2026-08-19 03:45:00,1.9,0.009,1,0
2026-08-19 04:00:00,5.3,0.024,1,0
2026-08-19 04:15:00,6.3,0.028,1,0
2026-08-19 04:30:00,82.4,0.375,1,0
2026-08-19 04:45:00,4.2,0.019,1,0
2026-08-19 05:00:00,0.6,0.003,1,0
2026-08-19 05:15:00,2.0,0.009,1,0
2026-08-19 05:30:00,86.7,0.394,1,0
2026-08-19 05:45:00,3.6,0.017,1,0
2026-08-19 06:00:00,4.1,0.019,1,0
2026-08-19 06:15:00,3.7,0.017,1,0
2026-08-19 06:30:00,93.7,0.426,1,0
2026-08-19 06:45:00,24.7,0.112,1,0
2026-08-19 07:00:00,32.2,0.147,1,0
2026-08-19 07:15:00,45.9,0.209,1,0
2026-08-19 07:30:00,130.3,0.592,1,0
2026-08-19 07:45:00,63.2,0.287,1,0
2026-08-19 08:00:00,72.2,0.328,1,0
2026-08-19 08:15:00,67.9,0.309,1,0
2026-08-19 08:30:00,110.8,0.504,1,0
2026-08-19 08:45:00,39.4,0.179,1,0
2026-08-19 09:00:00,21.9,0.099,1,0
2026-08-19 09:15:00,13.1,0.059,1,0
2026-08-19 09:30:00,87.8,0.399,1,0
2026-08-19 09:45:00,11.3,0.051,1,0
2026-08-19 10:00:00,4.3,0.019,1,0
2026-08-19 10:15:00,3.5,0.016,1,0
2026-08-19 10:30:00,85.9,0.391,1,0
2026-08-19 10:45:00,5.4,0.024,1,0
2026-08-19 11:00:00,,0.02,1,0
2026-08-19 11:15:00,3.4,0.015,1,0
2026-08-19 11:30:00,85.9,0.391,1,0
2026-08-19 11:45:00,1.3,0.006,1,0
2026-08-19 12:00:00,3.0,0.013,1,0
2026-08-19 12:15:00,2.1,0.009,1,0
2026-08-19 12:30:00,90.7,0.412,1,0
2026-08-19 12:45:00,1.0,0.005,1,0
2026-08-19 13:00:00,1.8,0.008,1,0
2026-08-19 13:15:00,1.9,0.009,1,0
2026-08-19 13:30:00,82.6,0.375,1,0
2026-08-19 13:45:00,3.1,0.014,1,0
2026-08-19 14:00:00,0.5,0.002,1,0
2026-08-19 14:15:00,0.5,0.002,1,0
2026-08-19 14:30:00,83.7,0.38,1,0
2026-08-19 14:45:00,0.6,0.003,1,0
2026-08-19 15:00:00,2.3,0.01,1,0
2026-08-19 15:15:00,2.7,0.012,1,0
2026-08-19 15:30:00,83.6,0.38,1,0
2026-08-19 15:45:00,4.4,0.02,1,0
2026-08-19 16:00:00,1.9,0.009,1,0
2026-08-19 16:15:00,0.6,0.003,1,0
2026-08-19 16:30:00,83.8,0.381,1,0
2026-08-19 16:45:00,3.6,0.016,1,0
2026-08-19 17:00:00,4.6,0.021,1,0
2026-08-19 17:15:00,4.4,0.02,1,0
2026-08-19 17:30:00,83.9,0.381,1,0
2026-08-19 17:45:00,4.8,0.022,1,0
2026-08-19 18:00:00,7.2,0.033,1,0
2026-08-19 18:15:00,7.2,0.033,1,0
2026-08-19 18:30:00,96.5,0.439,1,0
2026-08-19 18:45:00,15.3,0.07,1,0
2026-08-19 19:00:00,24.2,0.11,1,0
2026-08-19 19:15:00,25.7,0.117,1,0
2026-08-19 19:30:00,126.0,0.573,1,0
2026-08-19 19:45:00,47.8,0.217,1,0
2026-08-19 20:00:00,40.2,0.183,1,0
2026-08-19 20:15:00,81.3,0.369,1,0
2026-08-19 20:30:00,120.5,0.548,1,0
2026-08-19 20:45:00,59.2,0.269,1,0
2026-08-19 21:00:00,95.6,0.435,1,0
2026-08-19 21:15:00,57.1,0.259,1,0
2026-08-19 21:30:00,180.9,0.822,1,0
2026-08-19 21:45:00,82.2,0.374,1,0
2026-08-19 22:00:00,42.8,0.195,1,0
2026-08-19 22:15:00,59.9,0.272,1,0
2026-08-19 22:30:00,115.4,0.524,1,0
2026-08-19 22:45:00,24.1,0.11,1,0
2026-08-19 23:00:00,29.0,0.132,1,0
2026-08-19 23:15:00,9.7,0.044,1,0
2026-08-19 23:30:00,96.0,0.436,1,0
2026-08-19 23:45:00,10.7,0.049,1,0
2026-08-20 00:00:00,4.9,0.022,1,0
2026-08-20 00:15:00,3.7,0.017,1,0
2026-08-20 00:30:00,84.8,0.385,1,0
2026-08-20 00:45:00,3.6,0.016,1,0
2026-08-20 01:00:00,2.8,0.013,1,0
2026-08-20 01:15:00,4.6,0.021,1,0
2026-08-20 01:30:00,88.8,0.404,1,0
2026-08-20 01:45:00,3.1,0.014,1,0
2026-08-20 02:00:00,4.6,0.021,1,0
2026-08-20 02:15:00,4.9,0.022,1,0
2026-08-20 02:30:00,87.0,0.396,1,0
2026-08-20 02:45:00,3.0,0.013,1,0
2026-08-20 03:00:00,1.0,0.004,1,0
2026-08-20 03:15:00,3.4,0.016,1,0
2026-08-20 03:30:00,87.7,0.399,1,0
2026-08-20 03:45:00,3.0,0.013,1,0
2025-09-01 04:00:00,3.6,0.016,1,0
2026-08-20 04:15:00,2.0,0.009,1,0
2026-08-20 04:30:00,84.3,0.383,1,0
2026-08-20 04:45:00,3.0,0.014,1,0
2026-08-20 05:00:00,2.1,0.009,1,0
2026-08-20 05:15:00,0.5,0.002,1,0
2026-08-20 05:30:00,86.3,0.392,1,0
2026-08-20 05:45:00,2.2,0.01,1,0
2026-08-20 06:00:00,,0.037,1,0
2026-08-20 06:15:00,10.2,0.046,1,0
2026-08-20 06:30:00,90.8,0.413,1,0
2026-08-20 06:45:00,36.2,0.165,1,0
2026-08-20 07:00:00,30.3,0.138,1,0
2026-08-20 07:15:00,46.4,0.211,1,0
2026-08-20 07:30:00,131.8,0.599,1,0
2026-08-20 07:45:00,96.7,0.44,1,0
2026-08-20 08:00:00,87.7,0.399,1,0
2026-08-20 08:15:00,123.2,0.56,1,0
2026-08-20 08:30:00,180.2,0.819,1,0
2026-08-20 08:45:00,36.0,0.163,1,0
2026-08-20 09:00:00,32.5,0.148,1,0
2026-08-20 09:15:00,29.1,0.132,1,0
2026-08-20 09:30:00,102.2,0.465,1,0
2026-08-20 09:45:00,2.2,0.01,1,0
2026-08-20 10:00:00,5.2,0.024,1,0
2026-08-20 10:15:00,3.9,0.018,1,0
2026-08-20 10:30:00,85.6,0.389,1,0
2026-08-20 10:45:00,2.7,0.012,1,0
2026-08-20 11:00:00,4.6,0.021,1,0
2026-08-20 11:15:00,2.7,0.012,1,0
2026-08-20 11:30:00,88.3,0.401,1,0
2026-08-20 11:45:00,1.9,0.009,1,0
2026-08-20 12:00:00,3.7,0.017,1,0
2026-08-20 12:15:00,1.3,0.006,1,0
2026-08-20 12:30:00,86.5,0.393,1,0
2026-08-20 12:45:00,2.3,0.01,1,0
2026-08-20 13:00:00,4.0,0.018,1,0
2026-08-20 13:15:00,4.8,0.022,1,0
2026-08-20 13:30:00,88.2,0.401,1,0
2026-08-20 13:45:00,3.3,0.015,1,0
2026-08-20 14:00:00,4.7,0.021,1,0
2026-08-20 14:15:00,4.1,0.019,1,0
2026-08-20 14:30:00,84.1,0.382,1,0
2026-08-20 14:45:00,1.3,0.006,1,0
2026-08-20 15:00:00,2.6,0.012,1,0
2026-08-20 15:15:00,2.9,0.013,1,0
2026-08-20 15:30:00,87.2,0.396,1,0
2026-08-20 15:45:00,1.2,0.006,1,0
2026-08-20 16:00:00,3.5,0.016,1,0
2026-08-20 16:15:00,0.6,0.003,1,0
2026-08-20 16:30:00,83.2,0.378,1,0
2026-08-20 16:45:00,1.2,0.006,1,0
2026-08-20 17:00:00,5.6,0.026,1,0
2026-08-20 17:15:00,3.2,0.015,1,0
2026-08-20 17:30:00,85.0,0.386,1,0
2026-08-20 17:45:00,4.9,0.022,1,0
2026-08-20 18:00:00,8.3,0.038,1,0
2026-08-20 18:15:00,14.1,0.064,1,0
2026-08-20 18:30:00,92.6,0.421,1,0
2026-08-20 18:45:00,30.1,0.137,1,0
2026-08-20 19:00:00,35.3,0.161,1,0
2026-08-20 19:15:00,-33.619953584008826,0.172,1,0
2026-08-20 19:30:00,159.3,0.724,1,0
2026-08-20 19:45:00,51.6,0.234,1,0
2026-08-20 20:00:00,70.9,0.322,1,0
2026-08-20 20:15:00,-30.035254097805378,0.318,1,0
2026-08-20 20:30:00,174.3,0.792,1,0
2026-08-20 20:45:00,75.8,0.344,1,0
2026-08-20 21:00:00,154.7,0.703,1,0
2026-08-20 21:15:00,94.6,0.43,1,0
2026-08-20 21:30:00,147.3,0.669,1,0
2026-08-20 21:45:00,64.4,0.293,1,0
2026-08-20 22:00:00,75.8,0.345,1,0
2026-08-20 22:15:00,75.5,0.343,1,0
2026-08-20 22:30:00,160.4,0.729,1,0
2026-08-20 22:45:00,21.7,0.099,1,0
2026-08-20 23:00:00,38.9,0.177,1,0
2026-08-20 23:15:00,36.3,0.165,1,0
2026-08-20 23:30:00,109.2,0.496,1,0
2026-08-20 23:45:00,12.5,0.057,1,0
2026-08-21 00:00:00,1.5,0.007,1,0
2026-08-21 00:15:00,0.5,0.002,1,0
2026-08-21 00:30:00,89.3,0.406,1,0
2026-08-21 00:45:00,1.5,0.007,1,0
2026-08-21 01:00:00,3.5,0.016,1,0
2026-08-21 01:15:00,0.5,0.002,1,0
2026-08-21 01:30:00,85.5,0.389,1,0
2026-08-21 01:45:00,2.1,0.01,1,0
2026-08-21 02:00:00,2.6,0.012,1,0
2026-08-21 02:15:00,3.1,0.014,1,0
2026-08-21 02:30:00,83.1,0.378,1,0
2026-08-21 02:45:00,3.9,0.018,1,0
2026-08-21 03:00:00,0.5,0.002,1,0
2026-08-21 03:15:00,3.6,0.017,1,0
2026-08-21 03:30:00,84.5,0.384,1,0
2026-08-21 03:45:00,2.0,0.009,1,0
2026-08-21 04:00:00,0.5,0.002,1,0
2026-08-21 04:15:00,,0.023,1,0
2026-08-21 04:30:00,87.1,0.396,1,0
2026-08-21 04:45:00,5.7,0.026,1,0
2026-08-21 05:00:00,2.1,0.009,1,0
2026-08-21 05:15:00,0.7,0.003,1,0
2026-08-21 05:30:00,86.7,0.394,1,0
2026-08-21 05:45:00,3.4,0.016,1,0
2026-08-21 06:00:00,7.7,0.035,1,0
2026-08-21 06:15:00,18.4,0.084,1,0
2026-08-21 06:30:00,117.0,0.532,1,0
2026-08-21 06:45:00,77.7,0.353,1,0
2026-08-21 07:00:00,70.8,0.322,1,0
2026-08-21 07:15:00,127.2,0.578,1,0
2026-08-21 07:30:00,301.8,1.372,1,0
2026-08-21 07:45:00,99.0,0.45,1,0
2026-08-21 08:00:00,164.0,0.746,1,0
2026-08-21 08:15:00,229.6,1.044,1,0
2026-08-21 08:30:00,277.6,1.262,1,0
2026-08-21 08:45:00,165.2,0.751,1,0
2026-08-21 09:00:00,78.7,0.358,1,0
2026-08-21 09:15:00,75.3,0.342,1,0
2026-08-21 09:30:00,118.5,0.539,1,0
2026-08-21 09:45:00,23.5,0.107,1,0
2026-08-21 10:00:00,2.6,0.012,1,0
2026-08-21 10:15:00,7.5,0.034,1,0
2026-08-21 10:30:00,83.8,0.381,1,0
2026-08-21 10:45:00,0.8,0.004,1,0
2026-08-21 11:00:00,0.5,0.002,1,0
2026-08-21 11:15:00,3.5,0.016,1,0
2026-08-21 11:30:00,87.6,0.398,1,0
2026-08-21 11:45:00,3.1,0.014,1,0
2026-08-21 12:00:00,0.5,0.002,1,0
2026-08-21 12:15:00,1.1,0.005,1,0
2026-08-21 12:30:00,84.3,0.383,1,0
2026-08-21 12:45:00,5.8,0.026,1,0
2026-08-21 13:00:00,3.1,0.014,1,0
2026-08-21 13:15:00,2.8,0.013,1,0
2026-08-21 13:30:00,83.7,0.381,1,0
2026-08-21 13:45:00,2.7,0.012,1,0
2026-08-21 14:00:00,1.9,0.009,1,0
2026-08-21 14:15:00,0.5,0.002,1,0
2026-08-21 14:30:00,86.7,0.394,1,0
2026-08-21 14:45:00,1.3,0.006,1,0
2026-08-21 15:00:00,6.2,0.028,1,0
2026-08-21 15:15:00,2.8,0.013,1,0
2026-08-21 15:30:00,84.8,0.385,1,0
2026-08-21 15:45:00,1.5,0.007,1,0
2026-08-21 16:00:00,2.4,0.011,1,0
2026-08-21 16:15:00,4.9,0.022,1,0
2026-08-21 16:30:00,84.0,0.382,1,0
2026-08-21 16:45:00,4.6,0.021,1,0
2026-08-21 17:00:00,6.0,0.027,1,0
2026-08-21 17:15:00,5.2,0.024,1,0
2026-08-21 17:30:00,91.8,0.417,1,0
2026-08-21 17:45:00,19.9,0.09,1,0
2026-08-21 18:00:00,20.1,0.092,1,0
2026-08-21 18:15:00,16.2,0.073,1,0
2026-08-21 18:30:00,105.1,0.478,1,0
2026-08-21 18:45:00,31.0,0.141,1,0
2026-08-21 19:00:00,43.9,0.2,1,0
2026-08-21 19:15:00,134.6,0.612,1,0
2026-08-21 19:30:00,154.7,0.703,1,0
2026-08-21 19:45:00,175.8,0.799,1,0
2026-08-21 20:00:00,104.2,0.474,1,0
2026-08-21 20:15:00,132.4,0.602,1,0
2026-08-21 20:30:00,432.9,1.968,1,0
2026-08-21 20:45:00,147.7,0.671,1,0
2026-08-21 21:00:00,259.7,1.181,1,0
2026-08-21 21:15:00,321.8,1.463,1,0
2026-08-21 21:30:00,327.7,1.49,1,0
2026-08-21 21:45:00,181.5,0.825,1,0
2026-08-21 22:00:00,143.6,0.653,1,0
2026-08-21 22:15:00,229.5,1.043,1,0
2026-08-21 22:30:00,265.3,1.206,1,0
2026-08-21 22:45:00,141.8,0.645,1,0
2026-08-21 23:00:00,69.5,0.316,1,0
2026-08-21 23:15:00,61.2,0.278,1,0
2026-08-21 23:30:00,107.9,0.49,1,0
2026-08-21 23:45:00,16.5,0.075,1,0
2026-08-22 00:00:00,4.4,0.02,1,0
2026-08-22 00:15:00,1.5,0.007,1,0
2026-08-22 00:30:00,87.3,0.397,1,0
2026-08-22 00:45:00,,0.012,1,0
2026-08-22 01:00:00,2.1,0.01,1,0
2026-08-22 01:15:00,1.9,0.008,1,0
2026-08-22 01:30:00,86.4,0.393,1,0
2026-08-22 01:45:00,1.4,0.006,1,0
2026-08-22 02:00:00,6.2,0.028,1,0
2026-08-22 02:15:00,4.5,0.02,1,0
2026-08-22 02:30:00,85.8,0.39,1,0
2026-08-22 02:45:00,0.5,0.002,1,0
2026-08-22 03:00:00,3.1,0.014,1,0
2026-08-22 03:15:00,5.9,0.027,1,0
2026-08-22 03:30:00,84.8,0.386,1,0
2026-08-22 03:45:00,1.8,0.008,1,0
2026-08-22 04:00:00,4.3,0.019,1,0
2026-08-22 04:15:00,4.3,0.02,1,0
2026-08-22 04:30:00,85.2,0.387,1,0
2026-08-22 04:45:00,0.7,0.003,1,0
2026-08-22 05:00:00,3.7,0.017,1,0
2026-08-22 05:15:00,0.5,0.002,1,0
2026-08-22 05:30:00,87.5,0.398,1,0
2026-08-22 05:45:00,2.4,0.011,1,0
2026-08-22 06:00:00,7.2,0.033,1,0
2026-08-22 06:15:00,2.2,0.01,1,0
2026-08-22 06:30:00,95.3,0.433,1,0
2026-08-22 06:45:00,23.0,0.104,1,0
2026-08-22 07:00:00,33.5,0.152,1,0
2026-08-22 07:15:00,35.6,0.162,1,0
2026-08-22 07:30:00,157.6,0.716,1,0
2026-08-22 07:45:00,82.6,0.375,1,0
2026-08-22 08:00:00,74.6,0.339,1,0
2026-08-22 08:15:00,35.0,0.159,1,0
2026-08-22 08:30:00,149.9,0.682,1,0
2026-08-22 08:45:00,58.8,0.267,1,0
2026-08-22 09:00:00,33.7,0.153,1,0
2026-08-22 09:15:00,24.2,0.11,1,0
2026-08-22 09:30:00,98.8,0.449,1,0
2026-08-22 09:45:00,11.6,0.053,1,0
2026-08-22 10:00:00,2.3,0.01,1,0
2026-08-22 10:15:00,5.8,0.026,1,0
2026-08-22 10:30:00,87.4,0.397,1,0
2026-08-22 10:45:00,5.6,0.026,1,0
2026-08-22 11:00:00,4.1,0.019,1,0
2026-08-22 11:15:00,0.5,0.002,1,0
2026-08-22 11:30:00,87.7,0.399,1,0
2026-08-22 11:45:00,0.5,0.002,1,0
2026-08-22 12:00:00,4.7,0.022,1,0
2026-08-22 12:15:00,4.0,0.018,1,0
2026-08-22 12:30:00,85.7,0.39,1,0
2026-08-22 12:45:00,5.2,0.024,1,0
2026-08-22 13:00:00,0.5,0.002,1,0
2026-08-22 13:15:00,0.9,0.004,1,0
2026-08-22 13:30:00,85.4,0.388,1,0
2026-08-22 13:45:00,3.4,0.015,1,0
2026-08-22 14:00:00,2.1,0.009,1,0
2026-08-22 14:15:00,0.7,0.003,1,0
2026-08-22 14:30:00,82.8,0.377,1,0
2026-08-22 14:45:00,4.2,0.019,1,0
2026-08-22 15:00:00,5.5,0.025,1,0
2026-08-22 15:15:00,0.5,0.002,1,0
2026-08-22 15:30:00,79.0,0.359,1,0
2026-08-22 15:45:00,0.5,0.002,1,0
2026-08-22 16:00:00,2.3,0.01,1,0
2026-08-22 16:15:00,0.9,0.004,1,0
2026-08-22 16:30:00,84.0,0.382,1,0
2026-08-22 16:45:00,1.7,0.008,1,0
2026-08-22 17:00:00,1.1,0.005,1,0
2026-08-22 17:15:00,0.5,0.002,1,0
2026-08-22 17:30:00,86.2,0.392,1,0
2026-08-22 17:45:00,1.1,0.005,1,0
2026-08-22 18:00:00,6.0,0.027,1,0
2026-08-22 18:15:00,15.7,0.071,1,0
2026-08-22 18:30:00,94.8,0.431,1,0
2026-08-22 18:45:00,11.4,0.052,1,0
2026-08-22 19:00:00,15.0,0.068,1,0
2026-08-22 19:15:00,26.1,0.119,1,0
2026-08-22 19:30:00,119.5,0.543,1,0
2026-08-22 19:45:00,78.7,0.358,1,0
2026-08-22 20:00:00,52.8,0.24,1,0
2026-08-22 20:15:00,82.6,0.375,1,0
2026-08-22 20:30:00,178.3,0.811,1,0
2026-08-22 20:45:00,85.6,0.389,1,0
2026-08-22 21:00:00,119.2,0.542,1,0
2026-08-22 21:15:00,80.5,0.366,1,0
2026-08-22 21:30:00,162.2,0.737,1,0
2026-08-22 21:45:00,,0.264,1,0
2026-08-22 22:00:00,86.9,0.395,1,0
2026-08-22 22:15:00,75.3,0.342,1,0
2026-08-22 22:30:00,106.3,0.483,1,0
2026-08-22 22:45:00,22.5,0.102,1,0
2026-08-22 23:00:00,34.9,0.159,1,0
2026-08-22 23:15:00,16.8,0.077,1,0
2026-08-22 23:30:00,91.6,0.416,1,0
2026-08-22 23:45:00,14.6,0.067,1,0
2026-08-23 00:00:00,2.1,0.01,1,0
2026-08-23 00:15:00,1.6,0.007,1,0
2026-08-23 00:30:00,83.2,0.378,1,0
2026-08-23 00:45:00,4.2,0.019,1,0
2026-08-23 01:00:00,2.0,0.009,1,0
2026-08-23 01:15:00,5.0,0.023,1,0
2026-08-23 01:30:00,86.6,0.394,1,0
2026-08-23 01:45:00,3.8,0.017,1,0
2026-08-23 02:00:00,0.5,0.002,1,0
2026-08-23 02:15:00,2.6,0.012,1,0
2026-08-23 02:30:00,83.7,0.381,1,0
2026-08-23 02:45:00,1.3,0.006,1,0
2026-08-23 03:00:00,3.0,0.013,1,0
2026-08-23 03:15:00,4.7,0.021,1,0
2026-08-23 03:30:00,88.3,0.401,1,0
2026-08-23 03:45:00,4.4,0.02,1,0
2026-08-23 04:00:00,0.5,0.002,1,0
2026-08-23 04:15:00,2.5,0.011,1,0
2026-08-23 04:30:00,82.7,0.376,1,0
2026-08-23 04:45:00,6.2,0.028,1,0
2026-08-23 05:00:00,5.6,0.025,1,0
2026-08-23 05:15:00,5.6,0.025,1,0
2026-08-23 05:30:00,88.3,0.401,1,0
2026-08-23 05:45:00,0.5,0.002,1,0
2026-08-23 06:00:00,4.9,0.022,1,0
2026-08-23 06:15:00,10.3,0.047,1,0
2026-08-23 06:30:00,-21.703699302952398,0.397,1,0
2026-08-23 06:45:00,22.7,0.103,1,0
2026-08-23 07:00:00,25.3,0.115,1,0
2026-08-23 07:15:00,31.4,0.143,1,0
2026-08-23 07:30:00,118.3,0.538,1,0
2026-08-23 07:45:00,55.7,0.253,1,0
2026-08-23 08:00:00,85.2,0.387,1,0
2026-08-23 08:15:00,40.2,0.183,1,0
2026-08-23 08:30:00,137.0,0.623,1,0
2026-08-23 08:45:00,34.5,0.157,1,0
2026-08-23 09:00:00,39.8,0.181,1,0
2026-08-23 09:15:00,23.0,0.105,1,0
2026-08-23 09:30:00,88.1,0.401,1,0
2026-08-23 09:45:00,6.0,0.027,1,0
2026-08-23 10:00:00,9.1,0.041,1,0
2026-08-23 10:15:00,0.5,0.002,1,0
2026-08-23 10:30:00,86.5,0.393,1,0
2026-08-23 10:45:00,6.5,0.029,1,0
2026-08-23 11:00:00,,0.006,1,0
2026-08-23 11:15:00,4.4,0.02,1,0
2026-08-23 11:30:00,86.6,0.394,1,0
2026-08-23 11:45:00,0.5,0.002,1,0
2026-08-23 12:00:00,3.6,0.016,1,0
2026-08-23 12:15:00,3.8,0.017,1,0
2026-08-23 12:30:00,85.0,0.386,1,0
2026-08-23 12:45:00,5.6,0.025,1,0
2026-08-23 13:00:00,3.2,0.015,1,0
2026-08-23 13:15:00,3.4,0.015,1,0
2026-08-23 13:30:00,86.9,0.395,1,0
2026-08-23 13:45:00,2.6,0.012,1,0
2026-08-23 14:00:00,0.5,0.002,1,0
2026-08-23 14:15:00,5.5,0.025,1,0
2026-08-23 14:30:00,82.5,0.375,1,0
2026-08-23 14:45:00,4.5,0.021,1,0
2026-08-23 15:00:00,2.1,0.01,1,0
2026-08-23 15:15:00,4.1,0.019,1,0
2026-08-23 15:30:00,83.2,0.378,1,0
2026-08-23 15:45:00,3.3,0.015,1,0
2026-08-23 16:00:00,1.6,0.007,1,0
2026-08-23 16:15:00,3.8,0.017,1,0
2026-08-23 16:30:00,85.7,0.389,1,0
2026-08-23 16:45:00,1.9,0.009,1,0
2026-08-23 17:00:00,1.5,0.007,1,0
2026-08-23 17:15:00,2.5,0.011,1,0
2026-08-23 17:30:00,84.7,0.385,1,0
2026-08-23 17:45:00,4.3,0.02,1,0
2026-08-23 18:00:00,6.1,0.028,1,0
2026-08-23 18:15:00,5.7,0.026,1,0
2026-08-23 18:30:00,98.1,0.446,1,0
2026-08-23 18:45:00,18.0,0.082,1,0
2026-08-23 19:00:00,17.9,0.081,1,0
2026-08-23 19:15:00,45.4,0.206,1,0
2026-08-23 19:30:00,134.6,0.612,1,0
2026-08-23 19:45:00,53.7,0.244,1,0
2026-08-23 20:00:00,44.8,0.204,1,0
2026-08-23 20:15:00,55.6,0.253,1,0
2026-08-23 20:30:00,177.5,0.807,1,0
2026-08-23 20:45:00,64.7,0.294,1,0
2026-08-23 21:00:00,72.5,0.33,1,0
2026-08-23 21:15:00,78.0,0.355,1,0
2026-08-23 21:30:00,177.8,0.808,1,0
2026-08-23 21:45:00,56.1,0.255,1,0
2026-08-23 22:00:00,50.5,0.23,1,0
2026-08-23 22:15:00,46.8,0.213,1,0
2026-08-23 22:30:00,134.9,0.613,1,0
2026-08-23 22:45:00,32.8,0.149,1,0
2026-08-23 23:00:00,18.3,0.083,1,0
2026-08-23 23:15:00,19.4,0.088,1,0
2026-08-23 23:30:00,86.8,0.395,1,0
2026-08-23 23:45:00,11.7,0.053,1,0
2026-08-24 00:00:00,1.3,0.006,1,0
2026-08-24 00:15:00,1.1,0.005,1,0
2026-08-24 00:30:00,85.8,0.39,1,0
2026-08-24 00:45:00,2.4,0.011,1,0
2026-08-24 01:00:00,3.3,0.015,1,0
2026-08-24 01:15:00,6.6,0.03,1,0
2026-08-24 01:30:00,87.4,0.397,1,0
2026-08-24 01:45:00,1.8,0.008,1,0
2026-08-24 02:00:00,0.5,0.002,1,0
2026-08-24 02:15:00,2.3,0.01,1,0
2026-08-24 02:30:00,84.2,0.383,1,0
2026-08-24 02:45:00,5.8,0.026,1,0
2026-08-24 03:00:00,0.5,0.002,1,0
2026-08-24 03:15:00,1.9,0.009,1,0
2026-08-24 03:30:00,85.7,0.39,1,0
2026-08-24 03:45:00,0.5,0.002,1,0
2026-08-24 04:00:00,5.1,0.023,1,0
2026-08-24 04:15:00,5.5,0.025,1,0
2026-08-24 04:30:00,90.2,0.41,1,0
2026-08-24 04:45:00,1.6,0.007,1,0
2026-08-24 05:00:00,1.0,0.004,1,0
2026-08-24 05:15:00,1.5,0.007,1,0
2026-08-24 05:30:00,83.5,0.379,1,0
2026-08-24 05:45:00,5.0,0.023,1,0
2026-08-24 06:00:00,3.2,0.014,1,0
2026-08-24 06:15:00,12.2,0.055,1,0
2026-08-24 06:30:00,97.5,0.443,1,0
2026-08-24 06:45:00,22.2,0.101,1,0
2026-08-24 07:00:00,43.4,0.197,1,0
2026-08-24 07:15:00,22.3,0.101,1,0
2026-08-24 07:30:00,123.8,0.563,1,0
2026-08-24 07:45:00,57.3,0.26,1,0
2026-08-24 08:00:00,105.2,0.478,1,0
2026-08-24 08:15:00,31.0,0.141,1,0
2026-08-24 08:30:00,159.6,0.725,1,0
2026-08-24 08:45:00,42.4,0.193,1,0
2026-08-24 09:00:00,33.0,0.15,1,0
2026-08-24 09:15:00,27.7,0.126,1,0
2026-08-24 09:30:00,95.2,0.433,1,0
2026-08-24 09:45:00,7.8,0.035,1,0
2026-08-24 10:00:00,0.7,0.003,1,0
2026-08-24 10:15:00,5.6,0.026,1,0
2026-08-24 10:30:00,88.2,0.401,1,0
2026-08-24 10:45:00,5.9,0.027,1,0
2026-08-24 11:00:00,0.5,0.002,1,0
2026-08-24 11:15:00,2.2,0.01,1,0
2026-08-24 11:30:00,84.4,0.383,1,0
2026-08-24 11:45:00,0.5,0.002,1,0
2026-08-24 12:00:00,3.0,0.014,1,0
2026-08-24 12:15:00,2.5,0.012,1,0
2026-08-24 12:30:00,86.5,0.393,1,0
2026-08-24 12:45:00,0.8,0.004,1,0
2026-08-24 13:00:00,4.1,0.019,1,0
2026-08-24 13:15:00,1.5,0.007,1,0
2026-08-24 13:30:00,82.6,0.376,1,0
2026-08-24 13:45:00,4.3,0.02,1,0
2026-08-24 14:00:00,1.1,0.005,1,0
2026-08-24 14:15:00,0.5,0.002,1,0
2026-08-24 14:30:00,86.4,0.393,1,0
2026-08-24 14:45:00,5.2,0.024,1,0
2026-08-24 15:00:00,2.7,0.012,1,0
2026-08-24 15:15:00,6.5,0.03,1,0
2026-08-24 15:30:00,88.6,0.403,1,0
2026-08-24 15:45:00,0.5,0.002,1,0
2026-08-24 16:00:00,0.5,0.002,1,0
2026-08-24 16:15:00,3.4,0.016,1,0
2026-08-24 16:30:00,85.2,0.387,1,0
2026-08-24 16:45:00,0.5,0.002,1,0
2026-08-24 17:00:00,4.6,0.021,1,0
2026-08-24 17:15:00,8.0,0.037,1,0
2026-08-24 17:30:00,86.5,0.393,1,0
2026-08-24 17:45:00,8.0,0.036,1,0
2026-08-24 18:00:00,6.1,0.028,1,0
2026-08-24 18:15:00,12.7,0.058,1,0
2026-08-24 18:30:00,94.4,0.429,1,0
2026-08-24 18:45:00,12.7,0.058,1,0
2026-08-24 19:00:00,20.7,0.094,1,0
2026-08-24 19:15:00,42.4,0.193,1,0
2026-08-24 19:30:00,124.6,0.567,1,0
2026-08-24 19:45:00,84.0,0.382,1,0
2026-08-24 20:00:00,57.9,0.263,1,0
2026-08-24 20:15:00,48.1,0.219,1,0
2026-08-24 20:30:00,,0.635,1,0
2026-08-24 20:45:00,71.8,0.326,1,0
2026-08-24 21:00:00,72.8,0.331,1,0
2026-08-24 21:15:00,49.2,0.224,1,0
2026-08-24 21:30:00,133.5,0.607,1,0
2026-08-24 21:45:00,43.3,0.197,1,0
2026-08-24 22:00:00,72.0,0.327,1,0
2026-08-24 22:15:00,64.4,0.293,1,0
2026-08-24 22:30:00,139.4,0.634,1,0
2026-08-24 22:45:00,35.5,0.161,1,0
2026-08-24 23:00:00,24.7,0.112,1,0
2026-08-24 23:15:00,19.4,0.088,1,0
2026-08-24 23:30:00,91.1,0.414,1,0
2026-08-24 23:45:00,7.9,0.036,1,0
2026-08-25 00:00:00,4.1,0.018,1,0
2026-08-25 00:15:00,0.5,0.002,1,0
2026-08-25 00:30:00,83.3,0.379,1,0
2026-08-25 00:45:00,7.3,0.033,1,0
2026-08-25 01:00:00,5.7,0.026,1,0
2026-08-25 01:15:00,2.3,0.011,1,0
2026-08-25 01:30:00,83.6,0.38,1,0
2026-08-25 01:45:00,4.2,0.019,1,0
2026-08-25 02:00:00,1.9,0.008,1,0
2026-08-25 02:15:00,0.5,0.002,1,0
2026-08-25 02:30:00,83.4,0.379,1,0
2026-08-25 02:45:00,4.2,0.019,1,0
2026-08-25 03:00:00,3.8,0.017,1,0
2026-08-25 03:15:00,3.3,0.015,1,0
2026-08-25 03:30:00,86.7,0.394,1,0
2026-08-25 03:45:00,4.4,0.02,1,0
2026-08-25 04:00:00,0.8,0.004,1,0
2026-08-25 04:15:00,4.9,0.022,1,0
2026-08-25 04:30:00,80.9,0.368,1,0
2026-08-25 04:45:00,-6.216055963539702,0.018,1,0
2026-08-25 05:00:00,1.2,0.005,1,0
2026-08-25 05:15:00,1.4,0.006,1,0
2026-08-25 05:30:00,84.9,0.386,1,0
2026-08-25 05:45:00,5.1,0.023,1,0
2026-08-25 06:00:00,5.0,0.023,1,0
2026-08-25 06:15:00,6.4,0.029,1,0
2026-08-25 06:30:00,98.4,0.447,1,0
2026-08-25 06:45:00,28.8,0.131,1,0
2026-08-25 07:00:00,39.4,0.179,1,0
2026-08-25 07:15:00,34.1,0.155,1,0
2026-08-25 07:30:00,143.3,0.651,1,0
2026-08-25 07:45:00,49.1,0.223,1,0
2026-08-25 08:00:00,45.3,0.206,1,0
2026-08-25 08:15:00,52.2,0.237,1,0
2026-08-25 08:30:00,149.4,0.679,1,0
2026-08-25 08:45:00,63.3,0.288,1,0
2026-08-25 09:00:00,20.0,0.091,1,0
2026-08-25 09:15:00,17.3,0.079,1,0
2026-08-25 09:30:00,97.7,0.444,1,0
2026-08-25 09:45:00,9.9,0.045,1,0
2026-08-25 10:00:00,5.0,0.023,1,0
2026-08-25 10:15:00,4.8,0.022,1,0
2026-08-25 10:30:00,84.0,0.382,1,0
2026-08-25 10:45:00,3.7,0.017,1,0
2026-08-25 11:00:00,5.3,0.024,1,0
2026-08-25 11:15:00,0.5,0.002,1,0
2026-08-25 11:30:00,88.0,0.4,1,0
2026-08-25 11:45:00,2.3,0.01,1,0
2026-08-25 12:00:00,2.2,0.01,1,0
2026-08-25 12:15:00,4.8,0.022,1,0
2026-08-25 12:30:00,86.1,0.391,1,0
2026-08-25 12:45:00,2.3,0.01,1,0
2026-08-25 13:00:00,1.4,0.006,1,0
2026-08-25 13:15:00,0.5,0.002,1,0
2026-08-25 13:30:00,82.8,0.376,1,0
2026-08-25 13:45:00,1.9,0.009,1,0
2026-08-25 14:00:00,2.8,0.013,1,0
2026-08-25 14:15:00,3.8,0.017,1,0
2026-08-25 14:30:00,84.9,0.386,1,0
2026-08-25 14:45:00,4.2,0.019,1,0
2026-08-25 15:00:00,1.1,0.005,1,0
2026-08-25 15:15:00,3.2,0.014,1,0
2026-08-25 15:30:00,87.2,0.397,1,0
2026-08-25 15:45:00,4.7,0.021,1,0
2026-08-25 16:00:00,0.5,0.002,1,0
2026-08-25 16:15:00,3.1,0.014,1,0
2026-08-25 16:30:00,85.3,0.388,1,0
2026-08-25 16:45:00,6.4,0.029,1,0
2026-08-25 17:00:00,2.4,0.011,1,0
2026-08-25 17:15:00,2.4,0.011,1,0
2026-08-25 17:30:00,87.7,0.399,1,0
2026-08-25 17:45:00,6.8,0.031,1,0
2026-08-25 18:00:00,12.5,0.057,1,0
2026-08-25 18:15:00,9.3,0.042,1,0
2026-08-25 18:30:00,95.4,0.434,1,0
2026-08-25 18:45:00,18.4,0.083,1,0
2026-08-25 19:00:00,30.2,0.137,1,0
2026-08-25 19:15:00,29.3,0.133,1,0
2026-08-25 19:30:00,135.1,0.614,1,0
2026-08-25 19:45:00,94.3,0.429,1,0
2026-08-25 20:00:00,52.8,0.24,1,0
2026-08-25 20:15:00,52.4,0.238,1,0
2026-08-25 20:30:00,223.0,1.013,1,0
2026-08-25 20:45:00,95.2,0.433,1,0
2026-08-25 21:00:00,147.2,0.669,1,0
2026-08-25 21:15:00,97.4,0.443,1,0
2026-08-25 21:30:00,219.0,0.995,1,0
2026-08-25 21:45:00,73.2,0.333,1,0
2026-08-25 22:00:00,97.4,0.443,1,0
2026-08-25 22:15:00,78.6,0.357,1,0
2026-08-25 22:30:00,78.6,0.602,1,0
2026-08-25 22:45:00,78.6,0.148,1,0
2026-08-25 23:00:00,78.6,0.103,1,0
2026-08-25 23:15:00,78.6,0.066,1,0
2026-08-25 23:30:00,78.6,0.418,1,0
2026-08-25 23:45:00,78.6,0.055,1,0
2026-08-26 00:00:00,78.6,0.011,1,0
2026-08-26 00:15:00,78.6,0.016,1,0
2026-08-26 00:30:00,78.6,0.394,1,0
2026-08-26 00:45:00,78.6,0.028,1,0
2026-08-26 01:00:00,78.6,0.002,1,0
2026-08-26 01:15:00,78.6,0.014,1,0
2026-08-26 01:30:00,78.6,0.383,1,0
2026-08-26 01:45:00,78.6,0.008,1,0
2026-08-26 02:00:00,78.6,0.014,1,0
2026-08-26 02:15:00,0.6,0.003,1,0
2026-08-26 02:30:00,82.7,0.376,1,0
2026-08-26 02:45:00,0.5,0.002,1,0
2026-08-26 03:00:00,0.6,0.003,1,0
2026-08-26 03:15:00,2.0,0.009,1,0
2026-08-26 03:30:00,85.0,0.386,1,0
2026-08-26 03:45:00,0.5,0.002,1,0
2026-08-26 04:00:00,7.4,0.034,1,0
2026-08-26 04:15:00,0.6,0.003,1,0
2026-08-26 04:30:00,83.6,0.38,1,0
2026-08-26 04:45:00,2.3,0.011,1,0
2026-08-26 05:00:00,0.7,0.003,1,0
2026-08-26 05:15:00,3.2,0.015,1,0
2026-08-26 05:30:00,83.7,0.38,1,0
2026-08-26 05:45:00,4.4,0.02,1,0
2026-08-26 06:00:00,5.0,0.023,1,0
2026-08-26 06:15:00,4.8,0.022,1,0
2026-08-26 06:30:00,89.4,0.406,1,0
2026-08-26 06:45:00,24.6,0.112,1,0
2026-08-26 07:00:00,40.9,0.186,1,0
2026-08-26 07:15:00,57.8,0.263,1,0
2026-08-26 07:30:00,132.7,0.603,1,0
2026-08-26 07:45:00,56.9,0.259,1,0
2026-08-26 08:00:00,53.4,0.243,1,0
2026-08-26 08:15:00,85.8,0.39,1,0
2026-08-26 08:30:00,150.3,0.683,1,0
2026-08-26 08:45:00,55.9,0.254,1,0
2026-08-26 09:00:00,45.0,0.205,1,0
2026-08-26 09:15:00,17.9,0.082,1,0
2026-08-26 09:30:00,97.2,0.442,1,0
2026-08-26 09:45:00,6.2,0.028,1,0
2026-08-26 10:00:00,5.2,0.024,1,0
2026-08-26 10:15:00,4.8,0.022,1,0
2026-08-26 10:30:00,85.2,0.387,1,0
2026-08-26 10:45:00,6.0,0.027,1,0
2026-08-26 11:00:00,0.5,0.002,1,0
2026-08-26 11:15:00,3.8,0.017,1,0
2026-08-26 11:30:00,83.5,0.38,1,0
2026-08-26 11:45:00,1.7,0.008,1,0
2026-08-26 12:00:00,2.7,0.012,1,0
2026-08-26 12:15:00,5.3,0.024,1,0
2026-08-26 12:30:00,86.6,0.394,1,0
2026-08-26 12:45:00,3.4,0.015,1,0
2026-08-26 13:00:00,4.7,0.021,1,0
2026-08-26 13:15:00,3.3,0.015,1,0
2026-08-26 13:30:00,83.6,0.38,1,0
2026-08-26 13:45:00,0.5,0.002,1,0
2026-08-26 14:00:00,2.9,0.013,1,0
2026-08-26 14:15:00,2.6,0.012,1,0
2026-08-26 14:30:00,84.5,0.384,1,0
2026-08-26 14:45:00,1.7,0.008,1,0
2026-08-26 15:00:00,0.8,0.004,1,0
2026-08-26 15:15:00,4.5,0.02,1,0
2026-08-26 15:30:00,85.6,0.389,1,0
2026-08-26 15:45:00,1.9,0.008,1,0
2026-08-26 16:00:00,7.4,0.034,1,0
2026-08-26 16:15:00,0.5,0.002,1,0
2026-08-26 16:30:00,85.1,0.387,1,0
2026-08-26 16:45:00,3.6,0.016,1,0
2026-08-26 17:00:00,0.5,0.002,1,0
2026-08-26 17:15:00,5.0,0.023,1,0
2026-08-26 17:30:00,91.4,0.416,1,0
2026-08-26 17:45:00,2.6,0.012,1,0
2026-08-26 18:00:00,7.9,0.036,1,0
2026-08-26 18:15:00,10.7,0.048,1,0
2026-08-26 18:30:00,95.4,0.434,1,0
2026-08-26 18:45:00,24.9,0.113,1,0
2026-08-26 19:00:00,21.1,0.096,1,0
2026-08-26 19:15:00,32.3,0.147,1,0
2026-08-26 19:30:00,146.7,0.667,1,0
2026-08-26 19:45:00,60.4,0.275,1,0
2026-08-26 20:00:00,74.2,0.337,1,0
2026-08-26 20:15:00,57.5,0.261,1,0
2026-08-26 20:30:00,173.1,0.787,1,0
2026-08-26 20:45:00,85.9,0.391,1,0
2026-08-26 21:00:00,100.1,0.455,1,0
2026-08-26 21:15:00,117.3,0.533,1,0
2026-08-26 21:30:00,146.5,0.666,1,0
2026-08-26 21:45:00,44.7,0.203,1,0
2026-08-26 22:00:00,52.1,0.237,1,0
2026-08-26 22:15:00,26.5,0.121,1,0
2026-08-26 22:30:00,120.4,0.547,1,0
2026-08-26 22:45:00,27.3,0.124,1,0
2026-08-26 23:00:00,24.8,0.113,1,0
2026-08-26 23:15:00,22.7,0.103,1,0
2026-08-26 23:30:00,102.6,0.466,1,0
2026-08-26 23:45:00,11.4,0.052,1,0
2026-08-27 00:00:00,5.0,0.023,1,0
2026-08-27 00:15:00,2.6,0.012,1,0
2026-08-27 00:30:00,86.7,0.394,1,0
2026-08-27 00:45:00,2.0,0.009,1,0
2026-08-27 01:00:00,4.9,0.022,1,0
2026-08-27 01:15:00,2.5,0.012,1,0
2026-08-27 01:30:00,88.6,0.403,1,0
2026-08-27 01:45:00,5.9,0.027,1,0
2026-08-27 02:00:00,3.7,0.017,1,0
2026-08-27 02:15:00,5.8,0.026,1,0
2026-08-27 02:30:00,85.7,0.39,1,0
2026-08-27 02:45:00,2.8,0.013,1,0
2026-08-27 03:00:00,0.8,0.004,1,0
2026-08-27 03:15:00,1.2,0.006,1,0
2026-08-27 03:30:00,83.4,0.379,1,0
2026-08-27 03:45:00,2.4,0.011,1,0
2026-08-27 04:00:00,6.7,0.031,1,0
2026-08-27 04:15:00,0.6,0.003,1,0
2026-08-27 04:30:00,81.6,0.371,1,0
2026-08-27 04:45:00,0.5,0.002,1,0
2026-08-27 05:00:00,3.9,0.018,1,0
2026-08-27 05:15:00,2.3,0.011,1,0
2026-08-27 05:30:00,81.7,0.371,1,0
2026-08-27 05:45:00,3.9,0.018,1,0
2026-08-27 06:00:00,7.6,0.035,1,0
2026-08-27 06:15:00,4.1,0.019,1,0
2026-08-27 06:30:00,99.6,0.453,1,0
2026-08-27 06:45:00,15.0,0.068,1,0
2026-08-27 07:00:00,37.6,0.171,1,0
2026-08-27 07:15:00,78.1,0.355,1,0
2026-08-27 07:30:00,159.9,0.727,1,0
2026-08-27 07:45:00,83.1,0.378,1,0
2026-08-27 08:00:00,72.5,0.33,1,0
2026-08-27 08:15:00,118.8,0.54,1,0
2026-08-27 08:30:00,122.5,0.557,1,0
2026-08-27 08:45:00,34.7,0.158,1,0
2026-08-27 09:00:00,46.9,0.213,1,0
2026-08-27 09:15:00,21.1,0.096,1,0
2026-08-27 09:30:00,94.9,0.432,1,0
2026-08-27 09:45:00,10.9,0.05,1,0
2026-08-27 10:00:00,10.6,0.048,1,0
2026-08-27 10:15:00,6.9,0.031,1,0
2026-08-27 10:30:00,84.2,0.383,1,0
2026-08-27 10:45:00,2.3,0.01,1,0
2026-08-27 11:00:00,4.6,0.021,1,0
2026-08-27 11:15:00,5.4,0.025,1,0
2026-08-27 11:30:00,84.1,0.382,1,0
2026-08-27 11:45:00,5.7,0.026,1,0
2026-08-27 12:00:00,2.3,0.011,1,0
2026-08-27 12:15:00,2.5,0.011,1,0
2026-08-27 12:30:00,84.4,0.384,1,0
2026-08-27 12:45:00,1.6,0.007,1,0
2026-08-27 13:00:00,0.5,0.002,1,0
2026-08-27 13:15:00,0.5,0.002,1,0
2026-08-27 13:30:00,85.1,0.387,1,0
2026-08-27 13:45:00,0.5,0.002,1,0
2026-08-27 14:00:00,3.8,0.017,1,0
2026-08-27 14:15:00,2.8,0.013,1,0
2026-08-27 14:30:00,83.6,0.38,1,0
2026-08-27 14:45:00,5.3,0.024,1,0
2026-08-27 15:00:00,0.5,0.002,1,0
2026-08-27 15:15:00,6.8,0.031,1,0
2026-08-27 15:30:00,85.4,0.388,1,0
2026-08-27 15:45:00,3.3,0.015,1,0
2026-08-27 16:00:00,0.5,0.002,1,0
2026-08-27 16:15:00,6.4,0.029,1,0
2026-08-27 16:30:00,83.3,0.379,1,0
2026-08-27 16:45:00,4.1,0.018,1,0
2026-08-27 17:00:00,1.4,0.006,1,0
2026-08-27 17:15:00,5.8,0.026,1,0
2026-08-27 17:30:00,87.1,0.396,1,0
2026-08-27 17:45:00,6.3,0.029,1,0
2026-08-27 18:00:00,11.5,0.052,1,0
2026-08-27 18:15:00,12.4,0.056,1,0
2026-08-27 18:30:00,97.7,0.444,1,0
2026-08-27 18:45:00,16.7,0.076,1,0
2026-08-27 19:00:00,33.9,0.154,1,0
2026-08-27 19:15:00,56.2,0.256,1,0
2026-08-27 19:30:00,165.3,0.752,1,0
2026-08-27 19:45:00,60.0,0.273,1,0
2026-08-27 20:00:00,63.9,0.29,1,0
2026-08-27 20:15:00,94.7,0.43,1,0
2026-08-27 20:30:00,133.6,0.607,1,0
2026-08-27 20:45:00,78.2,0.355,1,0
2026-08-27 21:00:00,147.2,0.669,1,0
2026-08-27 21:15:00,153.9,0.699,1,0
2026-08-27 21:30:00,152.7,0.694,1,0
2026-08-27 21:45:00,84.0,0.382,1,0
2026-08-27 22:00:00,111.3,0.506,1,0
2026-08-27 22:15:00,65.6,0.298,1,0
2026-08-27 22:30:00,170.1,0.773,1,0
2026-08-27 22:45:00,63.2,0.287,1,0
2026-08-27 23:00:00,49.2,0.224,1,0
2026-08-27 23:15:00,23.6,0.107,1,0
2026-08-27 23:30:00,90.3,0.41,1,0
2026-08-27 23:45:00,10.0,0.046,1,0
2026-08-28 00:00:00,93.3,0.424,1,1
2026-08-28 00:15:00,94.4,0.429,1,1
2026-08-28 00:30:00,103.1,0.469,1,1
2026-08-28 00:45:00,92.8,0.422,1,1
2026-08-28 01:00:00,86.0,0.391,1,1
2026-08-28 01:15:00,94.0,0.427,1,1
2026-08-28 01:30:00,88.2,0.401,1,1
2026-08-28 01:45:00,104.7,0.476,1,1
2026-08-28 02:00:00,96.8,0.44,1,1
2026-08-28 02:15:00,89.3,0.406,1,1
2026-08-28 02:30:00,92.4,0.42,1,1
2026-08-28 02:45:00,100.9,0.459,1,1
2026-08-28 03:00:00,92.0,0.418,1,1
2026-08-28 03:15:00,98.9,0.45,1,1
2026-08-28 03:30:00,96.1,0.437,1,1
2026-08-28 03:45:00,87.0,0.395,1,1
2026-08-28 04:00:00,98.1,0.446,1,1
2026-08-28 04:15:00,87.0,0.396,1,1
2026-08-28 04:30:00,92.6,0.421,1,1
2026-08-28 04:45:00,92.4,0.42,1,1
2026-08-28 05:00:00,95.0,0.432,1,1
2026-08-28 05:15:00,93.0,0.423,1,1
2026-08-28 05:30:00,88.1,0.4,1,1
2026-08-28 05:45:00,100.1,0.455,1,1
2026-08-28 06:00:00,110.1,0.5,1,1
2026-08-28 06:15:00,102.7,0.467,1,1
2026-08-28 06:30:00,111.0,0.505,1,1
2026-08-28 06:45:00,110.1,0.5,1,1
2026-08-28 07:00:00,128.9,0.586,1,1
2026-08-28 07:15:00,190.6,0.866,1,1
2026-08-28 07:30:00,152.5,0.693,1,1
2026-08-28 07:45:00,179.2,0.815,1,1
2026-08-28 08:00:00,200.9,0.913,1,1
2026-08-28 08:15:00,197.8,0.899,1,1
2026-08-28 08:30:00,158.5,0.721,1,1
2026-08-28 08:45:00,152.0,0.691,1,1
2026-08-28 09:00:00,145.5,0.661,1,1
2026-08-28 09:15:00,125.3,0.569,1,1
2026-08-28 09:30:00,112.1,0.509,1,1
2026-08-28 09:45:00,101.2,0.46,1,1
2026-08-28 10:00:00,101.6,0.462,1,1
2026-08-28 10:15:00,95.8,0.436,1,1
2026-08-28 10:30:00,100.4,0.457,1,1
2026-08-28 10:45:00,100.0,0.455,1,1
2026-08-28 11:00:00,91.6,0.416,1,1
2026-08-28 11:15:00,93.0,0.423,1,1
2026-08-28 11:30:00,96.2,0.437,1,1
2026-08-28 11:45:00,82.6,0.376,1,1
2026-08-28 12:00:00,85.3,0.388,1,1
2026-08-28 12:15:00,99.4,0.452,1,1
2026-08-28 12:30:00,109.9,0.499,1,1
2026-08-28 12:45:00,95.4,0.434,1,1
2026-08-28 13:00:00,96.0,0.436,1,1
2026-08-28 13:15:00,92.7,0.422,1,1
2026-08-28 13:30:00,91.3,0.415,1,1
2026-08-28 13:45:00,97.7,0.444,1,1
2026-08-28 14:00:00,98.8,0.449,1,1
2026-08-28 14:15:00,97.0,0.441,1,1
2026-08-28 14:30:00,96.8,0.44,1,1
2026-08-28 14:45:00,97.3,0.442,1,1
2026-08-28 15:00:00,92.7,0.421,1,1
2026-08-28 15:15:00,101.0,0.459,1,1
2026-08-28 15:30:00,100.0,0.455,1,1
2026-08-28 15:45:00,89.2,0.405,1,1
2026-08-28 16:00:00,103.8,0.472,1,1
2026-08-28 16:15:00,93.7,0.426,1,1
2026-08-28 16:30:00,98.8,0.449,1,1
2026-08-28 16:45:00,91.7,0.417,1,1
2026-08-28 17:00:00,99.4,0.452,1,1
2026-08-28 17:15:00,89.1,0.405,1,1
2026-08-28 17:30:00,91.2,0.415,1,1
2026-08-28 17:45:00,96.2,0.437,1,1
2026-08-28 18:00:00,100.2,0.455,1,1
2026-08-28 18:15:00,106.0,0.482,1,1
2026-08-28 18:30:00,125.2,0.569,1,1
2026-08-28 18:45:00,105.2,0.478,1,1
2026-08-28 19:00:00,138.0,0.627,1,1
2026-08-28 19:15:00,131.1,0.596,1,1
2026-08-28 19:30:00,188.1,0.855,1,1
2026-08-28 19:45:00,154.1,0.7,1,1
2026-08-28 20:00:00,227.9,1.036,1,1
2026-08-28 20:15:00,190.2,0.865,1,1
2026-08-28 20:30:00,257.3,1.17,1,1
2026-08-28 20:45:00,275.7,1.253,1,1
2026-08-28 21:00:00,233.5,1.061,1,1
2026-08-28 21:15:00,281.6,1.28,1,1
2026-08-28 21:30:00,190.6,0.867,1,1
2026-08-28 21:45:00,258.9,1.177,1,1
2026-08-28 22:00:00,249.0,1.132,1,1
2026-08-28 22:15:00,223.6,1.016,1,1
2026-08-28 22:30:00,197.1,0.896,1,1
2026-08-28 22:45:00,149.9,0.682,1,1
2026-08-28 23:00:00,136.4,0.62,1,1
2026-08-28 23:15:00,115.6,0.526,1,1
2026-08-28 23:30:00,114.4,0.52,1,1
2026-08-28 23:45:00,112.1,0.509,1,1
2026-08-29 00:00:00,93.7,0.426,1,1
2026-08-29 00:15:00,95.2,0.433,1,1
2026-08-29 00:30:00,97.1,0.441,1,1
2026-08-29 00:45:00,92.8,0.422,1,1
2026-08-29 01:00:00,92.5,0.42,1,1
2026-08-29 01:15:00,102.2,0.465,1,1
2026-08-29 01:30:00,92.9,0.422,1,1
2026-08-29 01:45:00,96.8,0.44,1,1
2026-08-29 02:00:00,103.0,0.468,1,1
2026-08-29 02:15:00,81.6,0.371,1,1
2026-08-29 02:30:00,87.9,0.4,1,1
2026-08-29 02:45:00,93.4,0.424,1,1
2026-08-29 03:00:00,104.8,0.476,1,1
2026-08-29 03:15:00,92.9,0.422,1,1
2026-08-29 03:30:00,99.3,0.452,1,1
2026-08-29 03:45:00,88.4,0.402,1,1
2026-08-29 04:00:00,104.2,0.473,1,1
2026-08-29 04:15:00,93.7,0.426,1,1
2026-08-29 04:30:00,91.2,0.415,1,1
2026-08-29 04:45:00,90.8,0.413,1,1
2026-08-29 05:00:00,89.1,0.405,1,1
2026-08-29 05:15:00,97.0,0.441,1,1
2026-08-29 05:30:00,83.5,0.379,1,1
2026-08-29 05:45:00,96.4,0.438,1,1
2026-08-29 06:00:00,99.6,0.453,1,1
2026-08-29 06:15:00,99.4,0.452,1,1
2026-08-29 06:30:00,134.9,0.613,1,1
2026-08-29 06:45:00,135.0,0.614,1,1
2026-08-29 07:00:00,148.5,0.675,1,1
2026-08-29 07:15:00,194.7,0.885,1,1
2026-08-29 07:30:00,168.9,0.768,1,1
2026-08-29 07:45:00,185.3,0.842,1,1
2026-08-29 08:00:00,229.0,1.041,1,1
2026-08-29 08:15:00,240.8,1.095,1,1
2026-08-29 08:30:00,287.3,1.306,1,1
2026-08-29 08:45:00,162.3,0.738,1,1
2026-08-29 09:00:00,159.0,0.723,1,1
2026-08-29 09:15:00,164.2,0.746,1,1
2026-08-29 09:30:00,117.3,0.533,1,1
2026-08-29 09:45:00,109.7,0.498,1,1
2026-08-29 10:00:00,100.4,0.456,1,1
2026-08-29 10:15:00,88.5,0.402,1,1
2026-08-29 10:30:00,92.1,0.419,1,1
2026-08-29 10:45:00,103.0,0.468,1,1
2026-08-29 11:00:00,91.5,0.416,1,1
2026-08-29 11:15:00,104.2,0.474,1,1
2026-08-29 11:30:00,84.2,0.383,1,1
2026-08-29 11:45:00,87.1,0.396,1,1
2026-08-29 12:00:00,100.9,0.459,1,1
2026-08-29 12:15:00,104.3,0.474,1,1
2026-08-29 12:30:00,94.3,0.429,1,1
2026-08-29 12:45:00,94.3,0.429,1,1
2026-08-29 13:00:00,87.6,0.398,1,1
2026-08-29 13:15:00,97.7,0.444,1,1
2026-08-29 13:30:00,93.9,0.427,1,1
2026-08-29 13:45:00,87.2,0.396,1,1
2026-08-29 14:00:00,96.3,0.438,1,1
2026-08-29 14:15:00,97.6,0.444,1,1
2026-08-29 14:30:00,96.7,0.439,1,1
2026-08-29 14:45:00,99.6,0.453,1,1
2026-08-29 15:00:00,85.9,0.391,1,1
2026-08-29 15:15:00,99.2,0.451,1,1
2026-08-29 15:30:00,88.2,0.401,1,1
2026-08-29 15:45:00,109.8,0.499,1,1
2026-08-29 16:00:00,103.0,0.468,1,1
2026-08-29 16:15:00,96.2,0.437,1,1
2026-08-29 16:30:00,100.4,0.456,1,1
2026-08-29 16:45:00,92.5,0.42,1,1
2026-08-29 17:00:00,93.4,0.425,1,1
2026-08-29 17:15:00,99.9,0.454,1,1
2026-08-29 17:30:00,104.6,0.475,1,1
2026-08-29 17:45:00,111.8,0.508,1,1
2026-08-29 18:00:00,105.6,0.48,1,1
2026-08-29 18:15:00,113.4,0.515,1,1
2026-08-29 18:30:00,130.8,0.595,1,1
2026-08-29 18:45:00,117.1,0.532,1,1
2026-08-29 19:00:00,132.1,0.6,1,1
2026-08-29 19:15:00,222.0,1.009,1,1
2026-08-29 19:30:00,150.9,0.686,1,1
2026-08-29 19:45:00,238.8,1.086,1,1
2026-08-29 20:00:00,346.6,1.575,1,1
2026-08-29 20:15:00,369.1,1.678,1,1
2026-08-29 20:30:00,367.0,1.668,1,1
2026-08-29 20:45:00,464.6,2.112,1,1
2026-08-29 21:00:00,-6.599439550502645,1.592,1,1
2026-08-29 21:15:00,303.1,1.378,1,1
2026-08-29 21:30:00,404.8,1.84,1,1
2026-08-29 21:45:00,405.1,1.841,1,1
2026-08-29 22:00:00,191.0,0.868,1,1
2026-08-29 22:15:00,166.7,0.758,1,1
2026-08-29 22:30:00,170.9,0.777,1,1
2026-08-29 22:45:00,183.5,0.834,1,1
2026-08-29 23:00:00,135.1,0.614,1,1
2026-08-29 23:15:00,145.4,0.661,1,1
2026-08-29 23:30:00,114.5,0.52,1,1
2026-08-29 23:45:00,115.8,0.526,1,1
2026-08-30 00:00:00,4.2,0.019,1,0
2026-08-30 00:15:00,2.6,0.012,1,0
2026-08-30 00:30:00,83.1,0.378,1,0
2026-08-30 00:45:00,1.2,0.006,1,0
2026-08-30 01:00:00,2.6,0.012,1,0
2026-08-30 01:15:00,3.7,0.017,1,0
2026-08-30 01:30:00,84.0,0.382,1,0
2026-08-30 01:45:00,0.5,0.002,1,0
2026-08-30 02:00:00,2.3,0.011,1,0
2026-08-30 02:15:00,4.6,0.021,1,0
2026-08-30 02:30:00,85.5,0.388,1,0
2026-08-30 02:45:00,3.6,0.016,1,0
2026-08-30 03:00:00,1.7,0.008,1,0
2026-08-30 03:15:00,3.4,0.015,1,0
2026-08-30 03:30:00,86.9,0.395,1,0
2026-08-30 03:45:00,3.3,0.015,1,0
2026-08-30 04:00:00,4.4,0.02,1,0
2026-08-30 04:15:00,2.2,0.01,1,0
2026-08-30 04:30:00,89.2,0.406,1,0
2026-08-30 04:45:00,1.4,0.006,1,0
2026-08-30 05:00:00,5.9,0.027,1,0
2026-08-30 05:15:00,4.6,0.021,1,0
2026-08-30 05:30:00,85.4,0.388,1,0
2026-08-30 05:45:00,5.9,0.027,1,0
2026-08-30 06:00:00,11.6,0.053,1,0
2026-08-30 06:15:00,22.2,0.101,1,0
2026-08-30 06:30:00,103.1,0.468,1,0
2026-08-30 06:45:00,27.9,0.127,1,0
2026-08-30 07:00:00,34.3,0.156,1,0
2026-08-30 07:15:00,154.8,0.704,1,0
2026-08-30 07:30:00,276.3,1.256,1,0
2026-08-30 07:45:00,128.3,0.583,1,0
2026-08-30 08:00:00,246.0,1.118,1,0
2026-08-30 08:15:00,136.2,0.619,1,0
2026-08-30 08:30:00,267.1,1.214,1,0
2026-08-30 08:45:00,138.6,0.63,1,0
2026-08-30 09:00:00,77.4,0.352,1,0
2026-08-30 09:15:00,45.0,0.204,1,0
2026-08-30 09:30:00,106.7,0.485,1,0
2026-08-30 09:45:00,17.8,0.081,1,0
2026-08-30 10:00:00,8.0,0.036,1,0
2026-08-30 10:15:00,6.0,0.027,1,0
2026-08-30 10:30:00,86.5,0.393,1,0
2026-08-30 10:45:00,3.4,0.016,1,0
2026-08-30 11:00:00,6.5,0.03,1,0
2026-08-30 11:15:00,1.0,0.005,1,0
2026-08-30 11:30:00,82.3,0.374,1,0
2026-08-30 11:45:00,1.4,0.006,1,0
2026-08-30 12:00:00,3.4,0.016,1,0
2026-08-30 12:15:00,2.9,0.013,1,0
2026-08-30 12:30:00,84.7,0.385,1,0
2026-08-30 12:45:00,2.1,0.01,1,0
2026-08-30 13:00:00,2.7,0.012,1,0
2026-08-30 13:15:00,4.9,0.022,1,0
2026-08-30 13:30:00,87.0,0.395,1,0
2026-08-30 13:45:00,5.0,0.023,1,0
2026-08-30 14:00:00,4.1,0.018,1,0
2026-08-30 14:15:00,2.9,0.013,1,0
2026-08-30 14:30:00,88.2,0.401,1,0
2026-08-30 14:45:00,1.9,0.009,1,0
2026-08-30 15:00:00,0.5,0.002,1,0
2026-08-30 15:15:00,0.6,0.003,1,0
2026-08-30 15:30:00,84.2,0.383,1,0
2026-08-30 15:45:00,2.9,0.013,1,0
2026-08-30 16:00:00,1.3,0.006,1,0
2026-08-30 16:15:00,3.7,0.017,1,0
2026-08-30 16:30:00,83.2,0.378,1,0
2026-08-30 16:45:00,1.4,0.006,1,0
2026-08-30 17:00:00,4.1,0.019,1,0
2026-08-30 17:15:00,1.9,0.009,1,0
2026-08-30 17:30:00,87.5,0.398,1,0
2026-08-30 17:45:00,12.4,0.056,1,0
2026-08-30 18:00:00,7.4,0.034,1,0
2026-08-30 18:15:00,20.1,0.091,1,0
2026-08-30 18:30:00,105.5,0.48,1,0
2026-08-30 18:45:00,40.4,0.183,1,0
2026-08-30 19:00:00,74.2,0.337,1,0
2026-08-30 19:15:00,55.4,0.252,1,0
2026-08-30 19:30:00,166.7,0.758,1,0
2026-08-30 19:45:00,132.2,0.601,1,0
2026-08-30 20:00:00,237.1,1.078,1,0
2026-08-30 20:15:00,172.4,0.783,1,0
2026-08-30 20:30:00,323.1,1.469,1,0
2026-08-30 20:45:00,220.2,1.001,1,0
2026-08-30 21:00:00,234.9,1.068,1,0
2026-08-30 21:15:00,229.0,1.041,1,0
2026-08-30 21:30:00,319.0,1.45,1,0
2026-08-30 21:45:00,101.1,0.46,1,0
2026-08-30 22:00:00,137.6,0.625,1,0
2026-08-30 22:15:00,122.8,0.558,1,0
2026-08-30 22:30:00,203.6,0.925,1,0
2026-08-30 22:45:00,72.3,0.329,1,0
2026-08-30 23:00:00,78.1,0.355,1,0
2026-08-30 23:15:00,39.8,0.181,1,0
2026-08-30 23:30:00,120.6,0.548,1,0
2026-08-30 23:45:00,25.7,0.117,1,0
2026-08-31 00:00:00,4.1,0.019,1,0
2026-08-31 00:15:00,3.5,0.016,1,0
2026-08-31 00:30:00,87.0,0.395,1,0
2026-08-31 00:45:00,5.1,0.023,1,0
2026-08-31 01:00:00,5.9,0.027,1,0
2026-08-31 01:15:00,4.8,0.022,1,0
2026-08-31 01:30:00,86.5,0.393,1,0
2026-08-31 01:45:00,2.5,0.011,1,0
2026-08-31 02:00:00,0.5,0.002,1,0
2026-08-31 02:15:00,0.5,0.002,1,0
2026-08-31 02:30:00,83.1,0.378,1,0
2026-08-31 02:45:00,2.6,0.012,1,0
2026-08-31 03:00:00,2.9,0.013,1,0
2026-08-31 03:15:00,1.2,0.005,1,0
2026-08-31 03:30:00,80.4,0.365,1,0
2026-08-31 03:45:00,9.1,0.041,1,0
2026-08-31 04:00:00,6.8,0.031,1,0
2026-08-31 04:15:00,2.7,0.012,1,0
2026-08-31 04:30:00,84.4,0.384,1,0
2026-08-31 04:45:00,3.7,0.017,1,0
2026-08-31 05:00:00,3.8,0.017,1,0
2026-08-31 05:15:00,3.9,0.018,1,0
2026-08-31 05:30:00,89.2,0.405,1,0
2026-08-31 05:45:00,4.4,0.02,1,0
2026-08-31 06:00:00,10.3,0.047,1,0
2026-08-31 06:15:00,11.3,0.051,1,0
2026-08-31 06:30:00,108.9,0.495,1,0
2026-08-31 06:45:00,41.8,0.19,1,0
2026-08-31 07:00:00,42.6,0.194,1,0
2026-08-31 07:15:00,44.9,0.204,1,0
2026-08-31 07:30:00,165.9,0.754,1,0
2026-08-31 07:45:00,70.4,0.32,1,0
2026-08-31 08:00:00,102.9,0.468,1,0
2026-08-31 08:15:00,79.4,0.361,1,0
2026-08-31 08:30:00,182.1,0.828,1,0
2026-08-31 08:45:00,110.6,0.503,1,0
2026-08-31 09:00:00,33.1,0.151,1,0
2026-08-31 09:15:00,41.1,0.187,1,0
2026-08-31 09:30:00,99.1,0.451,1,0
2026-08-31 09:45:00,18.6,0.084,1,0
2026-08-31 10:00:00,3.8,0.017,1,0
2026-08-31 10:15:00,4.6,0.021,1,0
2026-08-31 10:30:00,81.5,0.371,1,0
2026-08-31 10:45:00,3.3,0.015,1,0
2026-08-31 11:00:00,5.6,0.026,1,0
2026-08-31 11:15:00,3.5,0.016,1,0
2026-08-31 11:30:00,85.2,0.387,1,0
2026-08-31 11:45:00,0.5,0.002,1,0
2026-08-31 12:00:00,1.3,0.006,1,0
2026-08-31 12:15:00,2.8,0.013,1,0
2026-08-31 12:30:00,86.0,0.391,1,0
2026-08-31 12:45:00,3.9,0.018,1,0
2026-08-31 13:00:00,4.2,0.019,1,0
2026-08-31 13:15:00,1.3,0.006,1,0
2026-08-31 13:30:00,83.7,0.381,1,0
2026-08-31 13:45:00,0.5,0.002,1,0
2026-08-31 14:00:00,0.5,0.002,1,0
2026-08-31 14:15:00,5.9,0.027,1,0
2026-08-31 14:30:00,81.6,0.371,1,0
2026-08-31 14:45:00,0.5,0.002,1,0
2026-08-31 15:00:00,4.5,0.02,1,0
2026-08-31 15:15:00,1.1,0.005,1,0
2026-08-31 15:30:00,83.4,0.379,1,0
2026-08-31 15:45:00,4.5,0.02,1,0
2026-08-31 16:00:00,2.9,0.013,1,0
2026-08-31 16:15:00,2.1,0.009,1,0
2026-08-31 16:30:00,80.8,0.367,1,0
2026-08-31 16:45:00,2.8,0.013,1,0
2026-08-31 17:00:00,4.4,0.02,1,0
2026-08-31 17:15:00,7.6,0.034,1,0
2026-08-31 17:30:00,89.5,0.407,1,0
2026-08-31 17:45:00,9.5,0.043,1,0
2026-08-31 18:00:00,14.0,0.064,1,0
2026-08-31 18:15:00,26.3,0.119,1,0
2026-08-31 18:30:00,105.5,0.479,1,0
2026-08-31 18:45:00,35.3,0.161,1,0
2026-08-31 19:00:00,39.1,0.178,1,0
2026-08-31 19:15:00,48.1,0.218,1,0
2026-08-31 19:30:00,215.9,0.981,1,0
2026-08-31 19:45:00,59.2,0.269,1,0
2026-08-31 20:00:00,90.7,0.412,1,0
2026-08-31 20:15:00,162.7,0.74,1,0
2026-08-31 20:30:00,265.8,1.208,1,0
2026-08-31 20:45:00,265.3,1.206,1,0
2026-08-31 21:00:00,279.2,1.269,1,0
2026-08-31 21:15:00,268.3,1.22,1,0
2026-08-31 21:30:00,278.6,1.266,1,0
2026-08-31 21:45:00,165.4,0.752,1,0
2026-08-31 22:00:00,167.8,0.763,1,0
2026-08-31 22:15:00,91.5,0.416,1,0
2026-08-31 22:30:00,217.5,0.989,1,0
2026-08-31 22:45:00,51.9,0.236,1,0
2026-08-31 23:00:00,44.7,0.203,1,0
2026-08-31 23:15:00,41.0,0.186,1,0
2026-08-31 23:30:00,118.6,0.539,1,0
2026-08-31 23:45:00,22.1,0.101,1,0
2026-09-01 00:00:00,1.8,0.008,1,0
2026-09-01 00:15:00,3.7,0.017,1,0
2026-09-01 00:30:00,85.4,0.388,1,0
2026-09-01 00:45:00,6.7,0.03,1,0
2026-09-01 01:00:00,3.3,0.015,1,0
2026-09-01 01:15:00,4.0,0.018,1,0
2026-09-01 01:30:00,85.5,0.389,1,0
2026-09-01 01:45:00,5.5,0.025,1,0
2026-09-01 02:00:00,3.8,0.017,1,0
2026-09-01 02:15:00,5.5,0.025,1,0
2026-09-01 02:30:00,87.1,0.396,1,0
2026-09-01 02:45:00,2.4,0.011,1,0
2026-09-01 03:00:00,2.1,0.009,1,0
2026-09-01 03:15:00,1.5,0.007,1,0
2026-09-01 03:30:00,84.1,0.382,1,0
2026-09-01 03:45:00,2.0,0.009,1,0
2026-09-01 04:00:00,1.7,0.008,1,0
2026-09-01 04:15:00,4.6,0.021,1,0
2026-09-01 04:30:00,85.8,0.39,1,0
2026-09-01 04:45:00,6.1,0.028,1,0
2026-09-01 05:00:00,5.8,0.026,1,0
2026-09-01 05:15:00,7.7,0.035,1,0
2026-09-01 05:30:00,84.1,0.382,1,0
2026-09-01 05:45:00,6.0,0.027,1,0
2026-09-01 06:00:00,6.6,0.03,1,0
2026-09-01 06:15:00,9.5,0.043,1,0
2026-09-01 06:30:00,98.5,0.448,1,0
2026-09-01 06:45:00,29.7,0.135,1,0
2026-09-01 07:00:00,23.4,0.106,1,0
2026-09-01 07:15:00,62.4,0.284,1,0
2026-09-01 07:30:00,154.2,0.701,1,0
2026-09-01 07:45:00,79.2,0.36,1,0
2026-09-01 08:00:00,112.9,0.513,1,0
2026-09-01 08:15:00,47.7,0.217,1,0
2026-09-01 08:30:00,127.7,0.581,1,0
2026-09-01 08:45:00,49.5,0.225,1,0
2026-09-01 09:00:00,22.6,0.103,1,0
2026-09-01 09:15:00,30.3,0.138,1,0
2026-09-01 09:30:00,99.0,0.45,1,0
2026-09-01 09:45:00,8.3,0.038,1,0
2026-09-01 10:00:00,5.0,0.023,1,0
2026-09-01 10:15:00,3.9,0.018,1,0
2026-09-01 10:30:00,86.8,0.394,1,0
2026-09-01 10:45:00,5.2,0.024,1,0
2026-09-01 11:00:00,2.8,0.013,1,0
2026-09-01 11:15:00,0.5,0.002,1,0
2026-09-01 11:30:00,86.5,0.393,1,0
2026-09-01 11:45:00,2.9,0.013,1,0
2026-09-01 12:00:00,3.8,0.017,1,0
2026-09-01 12:15:00,6.7,0.03,1,0
2026-09-01 12:30:00,85.9,0.39,1,0
2026-09-01 12:45:00,0.5,0.002,1,0
2026-09-01 13:00:00,4.2,0.019,1,0
2026-09-01 13:15:00,2.9,0.013,1,0
2026-09-01 13:30:00,84.6,0.385,1,0
2026-09-01 13:45:00,3.8,0.017,1,0
2026-09-01 14:00:00,3.1,0.014,1,0
2026-09-01 14:15:00,3.2,0.014,1,0
2026-09-01 14:30:00,87.0,0.396,1,0
2026-09-01 14:45:00,4.6,0.021,1,0
2026-09-01 15:00:00,4.3,0.019,1,0
2026-09-01 15:15:00,1.8,0.008,1,0
2026-09-01 15:30:00,81.9,0.372,1,0
2026-09-01 15:45:00,2.7,0.012,1,0
2026-09-01 16:00:00,4.3,0.02,1,0
2026-09-01 16:15:00,2.3,0.011,1,0
2026-09-01 16:30:00,84.0,0.382,1,0
2026-09-01 16:45:00,3.9,0.018,1,0
2026-09-01 17:00:00,5.0,0.023,1,0
2026-09-01 17:15:00,1.3,0.006,1,0
2026-09-01 17:30:00,88.2,0.401,1,0
2026-09-01 17:45:00,5.3,0.024,1,0
2026-09-01 18:00:00,7.9,0.036,1,0
2026-09-01 18:15:00,7.3,0.033,1,0
2026-09-01 18:30:00,92.0,0.418,1,0
2026-09-01 18:45:00,30.7,0.139,1,0
2026-09-01 19:00:00,24.9,0.113,1,0
2026-09-01 19:15:00,22.8,0.104,1,0
2026-09-01 19:30:00,130.5,0.593,1,0
2026-09-01 19:45:00,46.3,0.21,1,0
2026-09-01 20:00:00,106.1,0.482,1,0
2026-09-01 20:15:00,120.4,0.547,1,0
2026-09-01 20:30:00,214.2,0.974,1,0
2026-09-01 20:45:00,92.6,0.421,1,0
2026-09-01 21:00:00,149.9,0.681,1,0
2026-09-01 21:15:00,120.4,0.547,1,0
2026-09-01 21:30:00,131.2,0.596,1,0
2026-09-01 21:45:00,113.6,0.517,1,0
2026-09-01 22:00:00,43.9,0.2,1,0
2026-09-01 22:15:00,76.9,0.35,1,0
2026-09-01 22:30:00,150.8,0.686,1,0
2026-09-01 22:45:00,32.1,0.146,1,0
2026-09-01 23:00:00,29.3,0.133,1,0
2026-09-01 23:15:00,22.0,0.1,1,0
2026-09-01 23:30:00,108.1,0.491,1,0
2026-09-01 23:45:00,9.3,0.042,1,0
2026-09-02 00:00:00,2.3,0.01,1,0
2026-09-02 00:15:00,3.9,0.018,1,0
2026-09-02 00:30:00,79.7,0.362,1,0
2026-09-02 00:45:00,3.1,0.014,1,0
2026-09-02 01:00:00,3.7,0.017,1,0
2026-09-02 01:15:00,4.5,0.021,1,0
2026-09-02 01:30:00,85.1,0.387,1,0
2026-09-02 01:45:00,0.5,0.002,1,0
2026-09-02 02:00:00,0.5,0.002,1,0
2026-09-02 02:15:00,0.5,0.002,1,0
2026-09-02 02:30:00,0.5,0.404,1,0
2026-09-02 02:45:00,0.5,0.005,1,0
2026-09-02 03:00:00,0.5,0.012,1,0
2026-09-02 03:15:00,0.5,0.015,1,0
2026-09-02 03:30:00,0.5,0.371,1,0
2026-09-02 03:45:00,0.5,0.007,1,0
2026-09-02 04:00:00,0.5,0.021,1,0
2026-09-02 04:15:00,0.5,0.004,1,0
2026-09-02 04:30:00,0.5,0.4,1,0
2026-09-02 04:45:00,0.5,0.017,1,0
2026-09-02 05:00:00,0.5,0.007,1,0
2026-09-02 05:15:00,0.5,0.014,1,0
2026-09-02 05:30:00,0.5,0.386,1,0
2026-09-02 05:45:00,0.5,0.03,1,0
2026-09-02 06:00:00,0.5,0.031,1,0
2026-09-02 06:15:00,0.5,0.054,1,0
2026-09-02 06:30:00,0.5,0.481,1,0
2026-09-02 06:45:00,0.5,0.07,1,0
2026-09-02 07:00:00,0.5,0.308,1,0
2026-09-02 07:15:00,0.5,0.271,1,0
2026-09-02 07:30:00,0.5,0.833,1,0
2026-09-02 07:45:00,0.5,0.328,1,0
2026-09-02 08:00:00,0.5,0.565,1,0
2026-09-02 08:15:00,0.5,0.539,1,0
2026-09-02 08:30:00,0.5,0.589,1,0
2026-09-02 08:45:00,0.5,0.197,1,0
2026-09-02 09:00:00,0.5,0.233,1,0
2026-09-02 09:15:00,0.5,0.134,1,0
2026-09-02 09:30:00,96.8,0.44,1,0
2026-09-02 09:45:00,8.9,0.04,1,0
2026-09-02 10:00:00,5.4,0.024,1,0
2026-09-02 10:15:00,6.3,0.029,1,0
2026-09-02 10:30:00,84.0,0.382,1,0
2026-09-02 10:45:00,3.1,0.014,1,0
2026-09-02 11:00:00,7.8,0.036,1,0
2026-09-02 11:15:00,3.4,0.015,1,0
2026-09-02 11:30:00,85.0,0.387,1,0
2026-09-02 11:45:00,4.0,0.018,1,0
2026-09-02 12:00:00,4.0,0.018,1,0
2026-09-02 12:15:00,6.6,0.03,1,0
2026-09-02 12:30:00,83.0,0.377,1,0
2026-09-02 12:45:00,4.0,0.018,1,0
2026-09-02 13:00:00,6.8,0.031,1,0
2026-09-02 13:15:00,5.3,0.024,1,0
2026-09-02 13:30:00,83.3,0.379,1,0
2026-09-02 13:45:00,0.5,0.002,1,0
2026-09-02 14:00:00,6.7,0.03,1,0
2026-09-02 14:15:00,2.1,0.01,1,0
2026-09-02 14:30:00,85.0,0.386,1,0
2026-09-02 14:45:00,2.9,0.013,1,0
2026-09-02 15:00:00,2.3,0.011,1,0
2026-09-02 15:15:00,2.3,0.011,1,0
2026-09-02 15:30:00,83.9,0.381,1,0
2026-09-02 15:45:00,0.5,0.002,1,0
2026-09-02 16:00:00,0.5,0.002,1,0
2026-09-02 16:15:00,3.6,0.016,1,0
2026-09-02 16:30:00,84.7,0.385,1,0
2026-09-02 16:45:00,3.2,0.015,1,0
2026-09-02 17:00:00,0.5,0.002,1,0
2026-09-02 17:15:00,4.1,0.019,1,0
2026-09-02 17:30:00,90.7,0.412,1,0
2026-09-02 17:45:00,6.1,0.028,1,0
2026-09-02 18:00:00,11.2,0.051,1,0
2026-09-02 18:15:00,13.5,0.062,1,0
2026-09-02 18:30:00,107.5,0.489,1,0
2026-09-02 18:45:00,44.1,0.2,1,0
2026-09-02 19:00:00,29.9,0.136,1,0
2026-09-02 19:15:00,66.6,0.303,1,0
2026-09-02 19:30:00,126.6,0.576,1,0
2026-09-02 19:45:00,76.1,0.346,1,0
2026-09-02 20:00:00,68.9,0.313,1,0
2026-09-02 20:15:00,119.8,0.545,1,0
2026-09-02 20:30:00,275.4,1.252,1,0
2026-09-02 20:45:00,189.4,0.861,1,0
2026-09-02 21:00:00,202.8,0.922,1,0
2026-09-02 21:15:00,166.5,0.757,1,0
2026-09-02 21:30:00,152.8,0.695,1,0
2026-09-02 21:45:00,84.7,0.385,1,0
2026-09-02 22:00:00,105.6,0.48,1,0
2026-09-02 22:15:00,121.5,0.552,1,0
2026-09-02 22:30:00,170.6,0.775,1,0
2026-09-02 22:45:00,84.8,0.385,1,0
2026-09-02 23:00:00,40.2,0.183,1,0
2026-09-02 23:15:00,29.8,0.135,1,0
2026-09-02 23:30:00,95.1,0.432,1,0
2026-09-02 23:45:00,17.5,0.08,1,0
2026-09-03 00:00:00,3.2,0.015,1,0
2026-09-03 00:15:00,-16.125517813995703,0.011,1,0
2026-09-03 00:30:00,85.8,0.39,1,0
2026-09-03 00:45:00,3.6,0.016,1,0
2026-09-03 01:00:00,3.2,0.015,1,0
2026-09-03 01:15:00,5.2,0.024,1,0
2026-09-03 01:30:00,88.7,0.403,1,0
2026-09-03 01:45:00,4.9,0.022,1,0
2026-09-03 02:00:00,4.3,0.019,1,0
2026-09-03 02:15:00,2.7,0.012,1,0
2026-09-03 02:30:00,82.7,0.376,1,0
2026-09-03 02:45:00,2.6,0.012,1,0
2026-09-03 03:00:00,2.4,0.011,1,0
2026-09-03 03:15:00,4.4,0.02,1,0
2026-09-03 03:30:00,81.8,0.372,1,0
2026-09-03 03:45:00,3.1,0.014,1,0
2026-09-03 04:00:00,6.1,0.028,1,0
2026-09-03 04:15:00,3.7,0.017,1,0
2026-09-03 04:30:00,83.1,0.378,1,0
2026-09-03 04:45:00,2.2,0.01,1,0
2026-09-03 05:00:00,0.6,0.003,1,0
2026-09-03 05:15:00,4.0,0.018,1,0
2026-09-03 05:30:00,85.8,0.39,1,0
2026-09-03 05:45:00,0.6,0.003,1,0
2026-09-03 06:00:00,7.1,0.032,1,0
2026-09-03 06:15:00,11.0,0.05,1,0
2026-09-03 06:30:00,106.6,0.484,1,0
2026-09-03 06:45:00,21.7,0.099,1,0
2026-09-03 07:00:00,71.0,0.323,1,0
2026-09-03 07:15:00,51.1,0.232,1,0
2026-09-03 07:30:00,148.6,0.675,1,0
2026-09-03 07:45:00,148.7,0.676,1,0
2026-09-03 08:00:00,69.8,0.317,1,0
2026-09-03 08:15:00,80.4,0.366,1,0
2026-09-03 08:30:00,191.1,0.869,1,0
2026-09-03 08:45:00,69.9,0.318,1,0
2026-09-03 09:00:00,60.6,0.276,1,0
2026-09-03 09:15:00,47.5,0.216,1,0
2026-09-03 09:30:00,105.1,0.478,1,0
2026-09-03 09:45:00,6.0,0.027,1,0
2026-09-03 10:00:00,7.7,0.035,1,0
2026-09-03 10:15:00,4.1,0.018,1,0
2026-09-03 10:30:00,87.8,0.399,1,0
2026-09-03 10:45:00,4.8,0.022,1,0
2026-09-03 11:00:00,1.7,0.008,1,0
2026-09-03 11:15:00,1.5,0.007,1,0
2026-09-03 11:30:00,84.5,0.384,1,0
2026-09-03 11:45:00,3.6,0.016,1,0
2026-09-03 12:00:00,7.8,0.035,1,0
2026-09-03 12:15:00,4.5,0.02,1,0
2026-09-03 12:30:00,82.0,0.373,1,0
2026-09-03 12:45:00,0.5,0.002,1,0
2026-09-03 13:00:00,4.6,0.021,1,0
2026-09-03 13:15:00,1.6,0.007,1,0
2026-09-03 13:30:00,87.5,0.398,1,0
2026-09-03 13:45:00,2.6,0.012,1,0
2026-09-03 14:00:00,0.5,0.002,1,0
2026-09-03 14:15:00,3.2,0.014,1,0
2026-09-03 14:30:00,85.6,0.389,1,0
2026-09-03 14:45:00,4.0,0.018,1,0
2026-09-03 15:00:00,6.8,0.031,1,0
2026-09-03 15:15:00,3.2,0.014,1,0
2026-09-03 15:30:00,81.1,0.368,1,0
2026-09-03 15:45:00,2.5,0.012,1,0
2026-09-03 16:00:00,6.9,0.031,1,0
2026-09-03 16:15:00,5.0,0.023,1,0
2026-09-03 16:30:00,85.3,0.388,1,0
2026-09-03 16:45:00,2.5,0.011,1,0
2026-09-03 17:00:00,8.0,0.036,1,0
2026-09-03 17:15:00,3.3,0.015,1,0
2026-09-03 17:30:00,86.2,0.392,1,0
2026-09-03 17:45:00,8.4,0.038,1,0
2026-09-03 18:00:00,8.2,0.037,1,0
2026-09-03 18:15:00,26.2,0.119,1,0
2026-09-03 18:30:00,114.4,0.52,1,0
2026-09-03 18:45:00,26.1,0.119,1,0
2026-09-03 19:00:00,39.1,0.178,1,0
2026-09-03 19:15:00,68.8,0.313,1,0
2026-09-03 19:30:00,161.8,0.735,1,0
2026-09-03 19:45:00,149.0,0.677,1,0
2026-09-03 20:00:00,185.1,0.841,1,0
2026-09-03 20:15:00,218.4,0.993,1,0
2026-09-03 20:30:00,181.8,0.826,1,0
2026-09-03 20:45:00,198.2,0.901,1,0
2026-09-03 21:00:00,246.2,1.119,1,0
2026-09-03 21:15:00,114.0,0.518,1,0
2026-09-03 21:30:00,291.3,1.324,1,0
2026-09-03 21:45:00,102.9,0.468,1,0
2026-09-03 22:00:00,196.2,0.892,1,0
2026-09-03 22:15:00,77.0,0.35,1,0
2026-09-03 22:30:00,217.7,0.99,1,0
2026-09-03 22:45:00,95.2,0.433,1,0
2026-09-03 23:00:00,53.1,0.241,1,0
2026-09-03 23:15:00,45.2,0.206,1,0
2026-09-03 23:30:00,100.3,0.456,1,0
2026-09-03 23:45:00,14.9,0.068,1,0
2026-09-04 00:00:00,4.1,0.019,1,0
2026-09-04 00:15:00,2.5,0.011,1,0
2026-09-04 00:30:00,84.0,0.382,1,0
2026-09-04 00:45:00,0.5,0.002,1,0
2026-09-04 01:00:00,4.4,0.02,1,0
2026-09-04 01:15:00,0.5,0.002,1,0
2026-09-04 01:30:00,85.1,0.387,1,0
2026-09-04 01:45:00,3.9,0.018,1,0
2026-09-04 02:00:00,2.1,0.01,1,0
2026-09-04 02:15:00,1.6,0.007,1,0
2026-09-04 02:30:00,85.6,0.389,1,0
2026-09-04 02:45:00,1.3,0.006,1,0
2026-09-04 03:00:00,0.5,0.002,1,0
2026-09-04 03:15:00,1.6,0.007,1,0
2026-09-04 03:30:00,85.8,0.39,1,0
2026-09-04 03:45:00,0.5,0.002,1,0
2026-09-04 04:00:00,3.3,0.015,1,0
2026-09-04 04:15:00,0.5,0.002,1,0
2026-09-04 04:30:00,80.0,0.364,1,0
2026-09-04 04:45:00,0.6,0.003,1,0
2026-09-04 05:00:00,3.3,0.015,1,0
2026-09-04 05:15:00,2.0,0.009,1,0
2026-09-04 05:30:00,82.0,0.373,1,0
2026-09-04 05:45:00,6.4,0.029,1,0
2026-09-04 06:00:00,10.6,0.048,1,0
2026-09-04 06:15:00,22.8,0.104,1,0
2026-09-04 06:30:00,99.5,0.452,1,0
2026-09-04 06:45:00,55.0,0.25,1,0
2026-09-04 07:00:00,79.1,0.36,1,0
2026-09-04 07:15:00,124.9,0.568,1,0
2026-09-04 07:30:00,180.3,0.819,1,0
2026-09-04 07:45:00,122.5,0.557,1,0
2026-09-04 08:00:00,231.8,1.054,1,0
2026-09-04 08:15:00,132.8,0.603,1,0
2026-09-04 08:30:00,156.6,0.712,1,0
2026-09-04 08:45:00,96.2,0.437,1,0
2026-09-04 09:00:00,67.3,0.306,1,0
2026-09-04 09:15:00,68.5,0.311,1,0
2026-09-04 09:30:00,99.9,0.454,1,0
2026-09-04 09:45:00,12.5,0.057,1,0
2026-09-04 10:00:00,9.1,0.041,1,0
2026-09-04 10:15:00,6.6,0.03,1,0
2026-09-04 10:30:00,88.2,0.401,1,0
2026-09-04 10:45:00,0.6,0.003,1,0
2026-09-04 11:00:00,3.0,0.014,1,0
2026-09-04 11:15:00,4.2,0.019,1,0
2026-09-04 11:30:00,85.4,0.388,1,0
2026-09-04 11:45:00,4.3,0.019,1,0
2026-09-04 12:00:00,0.8,0.004,1,0
2026-09-04 12:15:00,2.3,0.011,1,0
2026-09-04 12:30:00,86.3,0.392,1,0
2026-09-04 12:45:00,5.0,0.023,1,0
2026-09-04 13:00:00,0.5,0.002,1,0
2026-09-04 13:15:00,1.9,0.009,1,0
2026-09-04 13:30:00,82.4,0.375,1,0
2026-09-04 13:45:00,2.2,0.01,1,0
2026-09-04 14:00:00,,0.014,1,0
2026-09-04 14:15:00,3.7,0.017,1,0
2026-09-04 14:30:00,85.7,0.39,1,0
2026-09-04 14:45:00,5.4,0.024,1,0
2026-09-04 15:00:00,0.5,0.002,1,0
2026-09-04 15:15:00,3.9,0.018,1,0
2026-09-04 15:30:00,86.1,0.391,1,0
2026-09-04 15:45:00,1.5,0.007,1,0
2026-09-04 16:00:00,4.0,0.018,1,0
2026-09-04 16:15:00,0.8,0.004,1,0
2026-09-04 16:30:00,86.4,0.393,1,0
2026-09-04 16:45:00,3.3,0.015,1,0
2026-09-04 17:00:00,4.5,0.02,1,0
2026-09-04 17:15:00,8.3,0.038,1,0
2026-09-04 17:30:00,88.0,0.4,1,0
2026-09-04 17:45:00,10.1,0.046,1,0
2026-09-04 18:00:00,19.0,0.087,1,0
2026-09-04 18:15:00,22.9,0.104,1,0
2026-09-04 18:30:00,117.0,0.532,1,0
2026-09-04 18:45:00,68.8,0.313,1,0
2026-09-04 19:00:00,36.7,0.167,1,0
2026-09-04 19:15:00,82.6,0.375,1,0
2026-09-04 19:30:00,172.4,0.784,1,0
2026-09-04 19:45:00,193.1,0.878,1,0
2026-09-04 20:00:00,197.5,0.898,1,0
2026-09-04 20:15:00,267.5,1.216,1,0
2026-09-04 20:30:00,265.7,1.208,1,0
2026-09-04 20:45:00,283.4,1.288,1,0
2026-09-04 21:00:00,327.2,1.487,1,0
2026-09-04 21:15:00,187.3,0.851,1,0
2026-09-04 21:30:00,247.9,1.127,1,0
2026-09-04 21:45:00,135.5,0.616,1,0
2026-09-04 22:00:00,135.5,0.616,1,0
2026-09-04 22:15:00,158.9,0.722,1,0
2026-09-04 22:30:00,180.5,0.82,1,0
2026-09-04 22:45:00,50.5,0.229,1,0
2026-09-04 23:00:00,87.9,0.399,1,0
2026-09-04 23:15:00,34.4,0.156,1,0
2026-09-04 23:30:00,125.1,0.569,1,0
2026-09-04 23:45:00,17.4,0.079,1,0
2026-09-05 00:00:00,0.5,0.002,1,0
2026-09-05 00:15:00,2.2,0.01,1,0
2026-09-05 00:30:00,80.7,0.367,1,0
2026-09-05 00:45:00,6.4,0.029,1,0
2026-09-05 01:00:00,0.9,0.004,1,0
2026-09-05 01:15:00,0.9,0.004,1,0
2026-09-05 01:30:00,82.3,0.374,1,0
2026-09-05 01:45:00,3.7,0.017,1,0
2026-09-05 02:00:00,0.5,0.002,1,0
2026-09-05 02:15:00,3.0,0.014,1,0
2026-09-05 02:30:00,86.4,0.393,1,0
2026-09-05 02:45:00,1.4,0.006,1,0
2026-09-05 03:00:00,2.0,0.009,1,0
2026-09-05 03:15:00,1.4,0.007,1,0
2026-09-05 03:30:00,87.0,0.395,1,0
2026-09-05 03:45:00,2.6,0.012,1,0
2026-09-05 04:00:00,1.7,0.008,1,0
2026-09-05 04:15:00,3.2,0.015,1,0
2026-09-05 04:30:00,86.8,0.395,1,0
2026-09-05 04:45:00,1.0,0.005,1,0
2026-09-05 05:00:00,2.0,0.009,1,0
2026-09-05 05:15:00,3.5,0.016,1,0
2026-09-05 05:30:00,85.6,0.389,1,0
2026-09-05 05:45:00,8.4,0.038,1,0
2026-09-05 06:00:00,10.4,0.047,1,0
2026-09-05 06:15:00,22.7,0.103,1,0
2026-09-05 06:30:00,101.8,0.463,1,0
2026-09-05 06:45:00,60.8,0.277,1,0
2026-09-05 07:00:00,46.5,0.211,1,0
2026-09-05 07:15:00,61.8,0.281,1,0
2026-09-05 07:30:00,236.6,1.076,1,0
2026-09-05 07:45:00,93.3,0.424,1,0
2026-09-05 08:00:00,91.6,0.416,1,0
2026-09-05 08:15:00,196.8,0.894,1,0
2026-09-05 08:30:00,285.1,1.296,1,0
2026-09-05 08:45:00,103.5,0.47,1,0
2026-09-05 09:00:00,,0.187,1,0
2026-09-05 09:15:00,40.3,0.183,1,0
2026-09-05 09:30:00,118.5,0.538,1,0
2026-09-05 09:45:00,24.5,0.112,1,0
2026-09-05 10:00:00,6.7,0.031,1,0
2026-09-05 10:15:00,7.8,0.036,1,0
2026-09-05 10:30:00,87.1,0.396,1,0
2026-09-05 10:45:00,1.4,0.006,1,0
2026-09-05 11:00:00,1.0,0.004,1,0
2026-09-05 11:15:00,2.5,0.011,1,0
2026-09-05 11:30:00,88.5,0.402,1,0
2026-09-05 11:45:00,6.1,0.028,1,0
2026-09-05 12:00:00,0.6,0.003,1,0
2026-09-05 12:15:00,4.6,0.021,1,0
2026-09-05 12:30:00,86.4,0.393,1,0
2026-09-05 12:45:00,0.9,0.004,1,0
2026-09-05 13:00:00,3.9,0.018,1,0
2026-09-05 13:15:00,2.0,0.009,1,0
2026-09-05 13:30:00,86.8,0.394,1,0
2026-09-05 13:45:00,3.3,0.015,1,0
2026-09-05 14:00:00,0.5,0.002,1,0
2026-09-05 14:15:00,2.4,0.011,1,0
2026-09-05 14:30:00,82.6,0.375,1,0
2026-09-05 14:45:00,3.3,0.015,1,0
2026-09-05 15:00:00,1.2,0.005,1,0
2026-09-05 15:15:00,2.6,0.012,1,0
2026-09-05 15:30:00,84.9,0.386,1,0
2026-09-05 15:45:00,3.9,0.018,1,0
2026-09-05 16:00:00,7.7,0.035,1,0
2026-09-05 16:15:00,4.2,0.019,1,0
2026-09-05 16:30:00,83.5,0.38,1,0
2026-09-05 16:45:00,2.1,0.01,1,0
2026-09-05 17:00:00,5.5,0.025,1,0
2026-09-05 17:15:00,4.1,0.019,1,0
2026-09-05 17:30:00,90.1,0.409,1,0
2026-09-05 17:45:00,11.3,0.051,1,0
2026-09-05 18:00:00,17.4,0.079,1,0
2026-09-05 18:15:00,30.4,0.138,1,0
2026-09-05 18:30:00,133.0,0.605,1,0
2026-09-05 18:45:00,27.1,0.123,1,0
2026-09-05 19:00:00,76.9,0.35,1,0
2026-09-05 19:15:00,55.5,0.252,1,0
2026-09-05 19:30:00,196.2,0.892,1,0
2026-09-05 19:45:00,133.0,0.604,1,0
2026-09-05 20:00:00,133.6,0.607,1,0
2026-09-05 20:15:00,291.4,1.325,1,0
2026-09-05 20:30:00,348.3,1.583,1,0
2026-09-05 20:45:00,190.4,0.866,1,0
2026-09-05 21:00:00,357.1,1.623,1,0
2026-09-05 21:15:00,369.1,1.678,1,0
2026-09-05 21:30:00,274.4,1.247,1,0
2026-09-05 21:45:00,264.6,1.203,1,0
2026-09-05 22:00:00,189.4,0.861,1,0
2026-09-05 22:15:00,119.3,0.542,1,0
2026-09-05 22:30:00,199.5,0.907,1,0
2026-09-05 22:45:00,98.3,0.447,1,0
2026-09-05 23:00:00,90.9,0.413,1,0
2026-09-05 23:15:00,54.6,0.248,1,0
2026-09-05 23:30:00,112.8,0.513,1,0
2026-09-05 23:45:00,19.5,0.089,1,0
2026-09-06 00:00:00,4.5,0.021,1,0
2026-09-06 00:15:00,4.2,0.019,1,0
2026-09-06 00:30:00,86.4,0.393,1,0
2026-09-06 00:45:00,3.6,0.016,1,0
2026-09-06 01:00:00,1.7,0.008,1,0
2026-09-06 01:15:00,3.3,0.015,1,0
2026-09-06 01:30:00,87.8,0.399,1,0
2026-09-06 01:45:00,3.4,0.016,1,0
2026-09-06 02:00:00,3.8,0.017,1,0
2026-09-06 02:15:00,2.5,0.011,1,0
2026-09-06 02:30:00,84.0,0.382,1,0
2026-09-06 02:45:00,4.6,0.021,1,0
2026-09-06 03:00:00,4.6,0.021,1,0
2026-09-06 03:15:00,5.9,0.027,1,0
2026-09-06 03:30:00,83.8,0.381,1,0
2026-09-06 03:45:00,5.9,0.027,1,0
2026-09-06 04:00:00,1.7,0.008,1,0
2026-09-06 04:15:00,0.8,0.004,1,0
2026-09-06 04:30:00,85.3,0.388,1,0
2026-09-06 04:45:00,6.6,0.03,1,0
2026-09-06 05:00:00,4.3,0.019,1,0
2026-09-06 05:15:00,4.7,0.021,1,0
2026-09-06 05:30:00,86.6,0.394,1,0
2026-09-06 05:45:00,7.9,0.036,1,0
2026-09-06 06:00:00,-15.760577608220352,0.025,1,0
2026-09-06 06:15:00,10.8,0.049,1,0
2026-09-06 06:30:00,90.4,0.411,1,0
2026-09-06 06:45:00,13.0,0.059,1,0
2026-09-06 07:00:00,35.6,0.162,1,0
2026-09-06 07:15:00,51.3,0.233,1,0
2026-09-06 07:30:00,125.4,0.57,1,0
2026-09-06 07:45:00,32.5,0.148,1,0
2026-09-06 08:00:00,57.3,0.26,1,0
2026-09-06 08:15:00,38.3,0.174,1,0
2026-09-06 08:30:00,123.6,0.562,1,0
2026-09-06 08:45:00,60.5,0.275,1,0
2026-09-06 09:00:00,43.1,0.196,1,0
2026-09-06 09:15:00,15.2,0.069,1,0
2026-09-06 09:30:00,92.6,0.421,1,0
2026-09-06 09:45:00,4.7,0.021,1,0
2026-09-06 10:00:00,,0.03,1,0
2026-09-06 10:15:00,4.9,0.022,1,0
2026-09-06 10:30:00,85.2,0.387,1,0
2026-09-06 10:45:00,2.5,0.011,1,0
2026-09-06 11:00:00,3.6,0.016,1,0
2026-09-06 11:15:00,1.5,0.007,1,0
2026-09-06 11:30:00,90.4,0.411,1,0
2026-09-06 11:45:00,4.3,0.02,1,0
2026-09-06 12:00:00,0.9,0.004,1,0
2026-09-06 12:15:00,4.2,0.019,1,0
2026-09-06 12:30:00,85.3,0.388,1,0
2026-09-06 12:45:00,3.0,0.014,1,0
2026-09-06 13:00:00,2.4,0.011,1,0
2026-09-06 13:15:00,3.9,0.018,1,0
2026-09-06 13:30:00,81.7,0.371,1,0
2026-09-06 13:45:00,6.9,0.031,1,0
2026-09-06 14:00:00,4.0,0.018,1,0
2026-09-06 14:15:00,6.4,0.029,1,0
2026-09-06 14:30:00,86.7,0.394,1,0
2026-09-06 14:45:00,1.9,0.009,1,0
2026-09-06 15:00:00,2.3,0.011,1,0
2026-09-06 15:15:00,4.9,0.022,1,0
2026-09-06 15:30:00,87.0,0.396,1,0
2026-09-06 15:45:00,3.3,0.015,1,0
2026-09-06 16:00:00,4.6,0.021,1,0
2026-09-06 16:15:00,0.8,0.004,1,0
2026-09-06 16:30:00,84.1,0.382,1,0
2026-09-06 16:45:00,5.7,0.026,1,0
2026-09-06 17:00:00,5.4,0.025,1,0
2026-09-06 17:15:00,3.7,0.017,1,0
2026-09-06 17:30:00,90.2,0.41,1,0
2026-09-06 17:45:00,8.1,0.037,1,0
2026-09-06 18:00:00,6.2,0.028,1,0
2026-09-06 18:15:00,7.8,0.035,1,0
2026-09-06 18:30:00,99.2,0.451,1,0
2026-09-06 18:45:00,13.6,0.062,1,0
2026-09-06 19:00:00,36.1,0.164,1,0
2026-09-06 19:15:00,39.4,0.179,1,0
2026-09-06 19:30:00,153.0,0.696,1,0
2026-09-06 19:45:00,45.7,0.208,1,0
2026-09-06 20:00:00,69.5,0.316,1,0
2026-09-06 20:15:00,125.5,0.571,1,0
2026-09-06 20:30:00,168.3,0.765,1,0
2026-09-06 20:45:00,105.5,0.48,1,0
2026-09-06 21:00:00,87.0,0.395,1,0
2026-09-06 21:15:00,63.0,0.286,1,0
2026-09-06 21:30:00,195.7,0.889,1,0
2026-09-06 21:45:00,124.3,0.565,1,0
2026-09-06 22:00:00,69.6,0.316,1,0
2026-09-06 22:15:00,-32.790247090248656,0.299,1,0
2026-09-06 22:30:00,149.4,0.679,1,0
2026-09-06 22:45:00,59.7,0.272,1,0
2026-09-06 23:00:00,19.9,0.09,1,0
2026-09-06 23:15:00,24.0,0.109,1,0
2026-09-06 23:30:00,101.0,0.459,1,0
2026-09-06 23:45:00,8.1,0.037,1,0
2026-09-07 00:00:00,4.1,0.019,1,0
2026-09-07 00:15:00,3.8,0.017,1,0
2026-09-07 00:30:00,84.6,0.385,1,0
2026-09-07 00:45:00,1.9,0.009,1,0
2026-09-07 01:00:00,2.8,0.013,1,0
2026-09-07 01:15:00,1.7,0.008,1,0
2026-09-07 01:30:00,82.4,0.374,1,0
2026-09-07 01:45:00,4.1,0.019,1,0
2026-09-07 02:00:00,3.0,0.014,1,0
2026-09-07 02:15:00,1.9,0.008,1,0
2026-09-07 02:30:00,87.1,0.396,1,0
2026-09-07 02:45:00,5.7,0.026,1,0
2026-09-07 03:00:00,3.8,0.017,1,0
2026-09-07 03:15:00,2.5,0.011,1,0
2026-09-07 03:30:00,85.4,0.388,1,0
2026-09-07 03:45:00,0.5,0.002,1,0
2026-09-07 04:00:00,3.1,0.014,1,0
2026-09-07 04:15:00,1.7,0.008,1,0
2026-09-07 04:30:00,84.1,0.382,1,0
2026-09-07 04:45:00,2.2,0.01,1,0
2026-09-07 05:00:00,4.7,0.021,1,0
2026-09-07 05:15:00,3.4,0.015,1,0
2026-09-07 05:30:00,86.4,0.393,1,0
2026-09-07 05:45:00,2.8,0.013,1,0
2026-09-07 06:00:00,4.9,0.022,1,0
2026-09-07 06:15:00,5.5,0.025,1,0
2026-09-07 06:30:00,103.6,0.471,1,0
2026-09-07 06:45:00,41.6,0.189,1,0
2026-09-07 07:00:00,65.3,0.297,1,0
2026-09-07 07:15:00,42.1,0.191,1,0
2026-09-07 07:30:00,148.2,0.674,1,0
2026-09-07 07:45:00,142.3,0.647,1,0
2026-09-07 08:00:00,147.2,0.669,1,0
2026-09-07 08:15:00,121.5,0.552,1,0
2026-09-07 08:30:00,158.2,0.719,1,0
2026-09-07 08:45:00,64.2,0.292,1,0
2026-09-07 09:00:00,28.6,0.13,1,0
2026-09-07 09:15:00,29.6,0.134,1,0
2026-09-07 09:30:00,100.0,0.455,1,0
2026-09-07 09:45:00,10.3,0.047,1,0
2026-09-07 10:00:00,9.3,0.042,1,0
2026-09-07 10:15:00,4.4,0.02,1,0
2026-09-07 10:30:00,87.9,0.4,1,0
2026-09-07 10:45:00,2.0,0.009,1,0
2026-09-07 11:00:00,5.5,0.025,1,0
2026-09-07 11:15:00,0.6,0.003,1,0
2026-09-07 11:30:00,83.8,0.381,1,0
2026-09-07 11:45:00,3.4,0.015,1,0
2026-09-07 12:00:00,0.5,0.002,1,0
2026-09-07 12:15:00,0.8,0.004,1,0
2026-09-07 12:30:00,86.2,0.392,1,0
2026-09-07 12:45:00,0.5,0.002,1,0
2026-09-07 13:00:00,1.9,0.009,1,0
2026-09-07 13:15:00,5.9,0.027,1,0
2026-09-07 13:30:00,87.3,0.397,1,0
2026-09-07 13:45:00,2.1,0.009,1,0
2026-09-07 14:00:00,0.5,0.002,1,0
2026-09-07 14:15:00,2.9,0.013,1,0
2026-09-07 14:30:00,85.3,0.388,1,0
2026-09-07 14:45:00,4.8,0.022,1,0
2026-09-07 15:00:00,2.2,0.01,1,0
2026-09-07 15:15:00,2.4,0.011,1,0
2026-09-07 15:30:00,85.5,0.388,1,0
2026-09-07 15:45:00,3.6,0.016,1,0
2026-09-07 16:00:00,1.5,0.007,1,0
2026-09-07 16:15:00,4.3,0.02,1,0
2026-09-07 16:30:00,84.7,0.385,1,0
2026-09-07 16:45:00,5.3,0.024,1,0
2026-09-07 17:00:00,3.4,0.015,1,0
2026-09-07 17:15:00,1.1,0.005,1,0
2026-09-07 17:30:00,88.8,0.404,1,0
2026-09-07 17:45:00,5.0,0.023,1,0
2026-09-07 18:00:00,8.2,0.037,1,0
2026-09-07 18:15:00,20.8,0.094,1,0
2026-09-07 18:30:00,99.6,0.453,1,0
2026-09-07 18:45:00,18.7,0.085,1,0
2026-09-07 19:00:00,47.3,0.215,1,0
2026-09-07 19:15:00,61.3,0.279,1,0
2026-09-07 19:30:00,120.0,0.545,1,0
2026-09-07 19:45:00,126.1,0.573,1,0
2026-09-07 20:00:00,74.6,0.339,1,0
2026-09-07 20:15:00,120.5,0.548,1,0
2026-09-07 20:30:00,237.2,1.078,1,0
2026-09-07 20:45:00,75.1,0.341,1,0
2026-09-07 21:00:00,223.0,1.013,1,0
2026-09-07 21:15:00,190.5,0.866,1,0
2026-09-07 21:30:00,287.0,1.305,1,0
2026-09-07 21:45:00,63.8,0.29,1,0
2026-09-07 22:00:00,89.9,0.409,1,0
2026-09-07 22:15:00,80.7,0.367,1,0
2026-09-07 22:30:00,175.6,0.798,1,0
2026-09-07 22:45:00,31.4,0.143,1,0
2026-09-07 23:00:00,45.7,0.208,1,0
2026-09-07 23:15:00,25.6,0.116,1,0
2026-09-07 23:30:00,96.3,0.438,1,0
2026-09-07 23:45:00,20.3,0.092,1,0
2026-09-08 00:00:00,2.5,0.011,1,0
2026-09-08 00:15:00,4.6,0.021,1,0
2026-09-08 00:30:00,83.5,0.38,1,0
2026-09-08 00:45:00,5.3,0.024,1,0
2026-09-08 01:00:00,2.0,0.009,1,0
2026-09-08 01:15:00,1.6,0.007,1,0
2026-09-08 01:30:00,80.5,0.366,1,0
2026-09-08 01:45:00,2.9,0.013,1,0
2026-09-08 02:00:00,1.5,0.007,1,0
2026-09-08 02:15:00,1.4,0.006,1,0
2026-09-08 02:30:00,86.0,0.391,1,0
2026-09-08 02:45:00,1.7,0.008,1,0
2026-09-08 03:00:00,3.5,0.016,1,0
2026-09-08 03:15:00,2.3,0.011,1,0
2026-09-08 03:30:00,85.6,0.389,1,0
2026-09-08 03:45:00,1.5,0.007,1,0
2026-09-08 04:00:00,2.5,0.011,1,0
2026-09-08 04:15:00,0.5,0.002,1,0
2026-09-08 04:30:00,83.8,0.381,1,0
2026-09-08 04:45:00,2.9,0.013,1,0
2026-09-08 05:00:00,1.3,0.006,1,0
2026-09-08 05:15:00,3.2,0.014,1,0
2026-09-08 05:30:00,86.0,0.391,1,0
2026-09-08 05:45:00,0.7,0.003,1,0
2026-09-08 06:00:00,3.7,0.017,1,0
2026-09-08 06:15:00,3.0,0.014,1,0
2026-09-08 06:30:00,93.8,0.426,1,0
2026-09-08 06:45:00,10.1,0.046,1,0
2026-09-08 07:00:00,26.2,0.119,1,0
2026-09-08 07:15:00,24.8,0.113,1,0
2026-09-08 07:30:00,142.8,0.649,1,0
2026-09-08 07:45:00,41.9,0.19,1,0
2026-09-08 08:00:00,68.6,0.312,1,0
2026-09-08 08:15:00,45.1,0.205,1,0
2026-09-08 08:30:00,107.9,0.49,1,0
2026-09-08 08:45:00,22.6,0.103,1,0
2026-09-08 09:00:00,11.4,0.052,1,0
2026-09-08 09:15:00,12.8,0.058,1,0
2026-09-08 09:30:00,88.9,0.404,1,0
2026-09-08 09:45:00,3.8,0.017,1,0
2026-09-08 10:00:00,2.3,0.01,1,0
2026-09-08 10:15:00,3.0,0.013,1,0
2026-09-08 10:30:00,86.2,0.392,1,0
2026-09-08 10:45:00,1.1,0.005,1,0
2026-09-08 11:00:00,0.5,0.002,1,0
2026-09-08 11:15:00,2.8,0.013,1,0
2026-09-08 11:30:00,86.8,0.394,1,0
2026-09-08 11:45:00,1.7,0.008,1,0
2026-09-08 12:00:00,4.8,0.022,1,0
2025-03-23 12:15:00,3.3,0.015,1,0
2026-09-08 12:30:00,85.0,0.386,1,0
2026-09-08 12:45:00,5.0,0.023,1,0
2026-09-08 13:00:00,0.6,0.003,1,0
2026-09-08 13:15:00,4.6,0.021,1,0
2026-09-08 13:30:00,83.8,0.381,1,0
2026-09-08 13:45:00,1.3,0.006,1,0
2026-09-08 14:00:00,0.8,0.004,1,0
2026-09-08 14:15:00,3.9,0.018,1,0
2026-09-08 14:30:00,83.8,0.381,1,0
2026-09-08 14:45:00,0.8,0.004,1,0
2026-09-08 15:00:00,1.4,0.006,1,0
2026-09-08 15:15:00,-20.3425451884804,0.002,1,0
2026-09-08 15:30:00,86.5,0.393,1,0
2026-09-08 15:45:00,5.2,0.024,1,0
2026-09-08 16:00:00,6.1,0.028,1,0
2026-09-08 16:15:00,4.0,0.018,1,0
2026-09-08 16:30:00,88.9,0.404,1,0
2025-02-16 16:45:00,2.6,0.012,1,0
2026-09-08 17:00:00,2.4,0.011,1,0
2026-09-08 17:15:00,2.3,0.01,1,0
2026-09-08 17:30:00,86.7,0.394,1,0
2026-09-08 17:45:00,2.1,0.01,1,0
2026-09-08 18:00:00,8.1,0.037,1,0
2026-09-08 18:15:00,8.6,0.039,1,0
2026-09-08 18:30:00,89.2,0.405,1,0
2026-09-08 18:45:00,22.6,0.103,1,0
2026-09-08 19:00:00,23.1,0.105,1,0
2026-09-08 19:15:00,29.2,0.133,1,0
2026-09-08 19:30:00,125.0,0.568,1,0
2026-09-08 19:45:00,42.8,0.195,1,0
2026-09-08 20:00:00,,0.341,1,0
2026-09-08 20:15:00,86.4,0.393,1,0
2026-09-08 20:30:00,157.6,0.716,1,0
2026-09-08 20:45:00,79.8,0.363,1,0
2026-09-08 21:00:00,79.6,0.362,1,0
2026-09-08 21:15:00,83.5,0.38,1,0
2026-09-08 21:30:00,155.1,0.705,1,0
2026-09-08 21:45:00,56.1,0.255,1,0
2026-09-08 22:00:00,39.1,0.178,1,0
2026-09-08 22:15:00,51.2,0.233,1,0
2026-09-08 22:30:00,126.8,0.576,1,0
2026-09-08 22:45:00,29.7,0.135,1,0
2026-09-08 23:00:00,13.6,0.062,1,0
2026-09-08 23:15:00,16.4,0.074,1,0
2026-09-08 23:30:00,93.1,0.423,1,0
2026-09-08 23:45:00,7.0,0.032,1,0
2026-09-09 00:00:00,0.5,0.002,1,0
2026-09-09 00:15:00,3.6,0.016,1,0
2026-09-09 00:30:00,87.1,0.396,1,0
2026-09-09 00:45:00,6.2,0.028,1,0
2026-09-09 01:00:00,5.0,0.023,1,0
2026-09-09 01:15:00,2.1,0.009,1,0
2026-09-09 01:30:00,82.6,0.375,1,0
2026-09-09 01:45:00,4.2,0.019,1,0
2026-09-09 02:00:00,0.5,0.002,1,0
2026-09-09 02:15:00,3.7,0.017,1,0
2026-09-09 02:30:00,85.2,0.387,1,0
2026-09-09 02:45:00,3.2,0.015,1,0
2026-09-09 03:00:00,,0.007,1,0
2026-09-09 03:15:00,4.3,0.019,1,0
2026-09-09 03:30:00,80.1,0.364,1,0
2026-09-09 03:45:00,6.4,0.029,1,0
2026-09-09 04:00:00,3.3,0.015,1,0
2026-09-09 04:15:00,5.3,0.024,1,0
2026-09-09 04:30:00,87.7,0.399,1,0
2026-09-09 04:45:00,3.2,0.015,1,0
2026-09-09 05:00:00,3.4,0.015,1,0
2026-09-09 05:15:00,1.6,0.007,1,0
2026-09-09 05:30:00,88.4,0.402,1,0
2026-09-09 05:45:00,1.9,0.009,1,0
2026-09-09 06:00:00,8.3,0.038,1,0
2026-09-09 06:15:00,10.9,0.049,1,0
2026-09-09 06:30:00,100.4,0.456,1,0
2026-09-09 06:45:00,52.8,0.24,1,0
2026-09-09 07:00:00,34.1,0.155,1,0
2026-09-09 07:15:00,120.4,0.547,1,0
2026-09-09 07:30:00,254.9,1.159,1,0
2026-09-09 07:45:00,98.6,0.448,1,0
2026-09-09 08:00:00,105.0,0.477,1,0
2026-09-09 08:15:00,180.0,0.818,1,0
2026-09-09 08:30:00,252.3,1.147,1,0
2026-09-09 08:45:00,132.3,0.601,1,0
2026-09-09 09:00:00,49.2,0.224,1,0
2026-09-09 09:15:00,48.3,0.219,1,0
2026-09-09 09:30:00,111.1,0.505,1,0
2026-09-09 09:45:00,18.9,0.086,1,0
2026-09-09 10:00:00,7.4,0.034,1,0
2026-09-09 10:15:00,6.8,0.031,1,0
2026-09-09 10:30:00,86.1,0.391,1,0
2026-09-09 10:45:00,2.1,0.01,1,0
2026-09-09 11:00:00,3.1,0.014,1,0
2026-09-09 11:15:00,1.6,0.007,1,0
2026-09-09 11:30:00,82.8,0.376,1,0
2026-09-09 11:45:00,1.8,0.008,1,0
2026-09-09 12:00:00,4.2,0.019,1,0
2026-09-09 12:15:00,3.9,0.018,1,0
2026-09-09 12:30:00,85.3,0.388,1,0
2026-09-09 12:45:00,3.5,0.016,1,0
2026-09-09 13:00:00,2.4,0.011,1,0
2026-09-09 13:15:00,1.4,0.006,1,0
2026-09-09 13:30:00,86.9,0.395,1,0
2026-09-09 13:45:00,3.8,0.017,1,0
2026-09-09 14:00:00,2.6,0.012,1,0
2026-09-09 14:15:00,3.7,0.017,1,0
2026-09-09 14:30:00,82.0,0.373,1,0
2026-09-09 14:45:00,2.2,0.01,1,0
2026-09-09 15:00:00,0.5,0.002,1,0
2026-09-09 15:15:00,1.6,0.007,1,0
2026-09-09 15:30:00,83.2,0.378,1,0
2026-09-09 15:45:00,2.3,0.01,1,0
2026-09-09 16:00:00,0.6,0.003,1,0
2026-09-09 16:15:00,3.7,0.017,1,0
2026-09-09 16:30:00,85.7,0.389,1,0
2026-09-09 16:45:00,4.2,0.019,1,0
2026-09-09 17:00:00,3.7,0.017,1,0
2026-09-09 17:15:00,5.3,0.024,1,0
2026-09-09 17:30:00,89.8,0.408,1,0
2026-09-09 17:45:00,6.8,0.031,1,0
2026-09-09 18:00:00,12.8,0.058,1,0
2026-09-09 18:15:00,22.5,0.102,1,0
2026-09-09 18:30:00,103.3,0.47,1,0
2026-09-09 18:45:00,38.2,0.174,1,0
2026-09-09 19:00:00,31.9,0.145,1,0
2026-09-09 19:15:00,44.8,0.204,1,0
2026-09-09 19:30:00,129.3,0.588,1,0
2026-09-09 19:45:00,90.8,0.413,1,0
2026-09-09 20:00:00,187.6,0.853,1,0
2026-09-09 20:15:00,87.9,0.399,1,0
2026-09-09 20:30:00,272.8,1.24,1,0
2026-09-09 20:45:00,286.1,1.301,1,0
2026-09-09 21:00:00,140.9,0.64,1,0
2026-09-09 21:15:00,151.7,0.69,1,0
2026-09-09 21:30:00,368.6,1.675,1,0
2026-09-09 21:45:00,112.8,0.513,1,0
2026-09-09 22:00:00,136.9,0.622,1,0
2026-09-09 22:15:00,147.4,0.67,1,0
2026-09-09 22:30:00,153.6,0.698,1,0
2026-09-09 22:45:00,73.2,0.333,1,0
2026-09-09 23:00:00,34.0,0.154,1,0
2026-09-09 23:15:00,52.4,0.238,1,0
2026-09-09 23:30:00,118.1,0.537,1,0
2026-09-09 23:45:00,20.0,0.091,1,0
2026-09-10 00:00:00,102.0,0.464,1,1
2026-09-10 00:15:00,91.6,0.416,1,1
2026-09-10 00:30:00,91.8,0.417,1,1
2026-09-10 00:45:00,95.4,0.434,1,1
2026-09-10 01:00:00,91.5,0.416,1,1
2026-09-10 01:15:00,96.1,0.437,1,1
2026-09-10 01:30:00,94.6,0.43,1,1
2026-09-10 01:45:00,93.7,0.426,1,1
2026-09-10 02:00:00,94.4,0.429,1,1
2026-09-10 02:15:00,88.4,0.402,1,1
2026-09-10 02:30:00,95.5,0.434,1,1
2026-09-10 02:45:00,87.4,0.397,1,1
2026-09-10 03:00:00,89.7,0.408,1,1
2026-09-10 03:15:00,101.8,0.463,1,1
2026-09-10 03:30:00,95.1,0.432,1,1
2026-09-10 03:45:00,89.0,0.404,1,1
2026-09-10 04:00:00,88.8,0.404,1,1
2026-09-10 04:15:00,100.5,0.457,1,1
2026-09-10 04:30:00,94.2,0.428,1,1
2026-09-10 04:45:00,91.6,0.416,1,1
2026-09-10 05:00:00,91.6,0.453,1,1
2026-09-10 05:15:00,91.6,0.398,1,1
2026-09-10 05:30:00,91.6,0.398,1,1
2026-09-10 05:45:00,91.6,0.462,1,1
2026-09-10 06:00:00,91.6,0.45,1,1
2026-09-10 06:15:00,91.6,0.455,1,1
2026-09-10 06:30:00,91.6,0.565,1,1
2026-09-10 06:45:00,91.6,0.602,1,1
2026-09-10 07:00:00,91.6,0.678,1,1
2026-09-10 07:15:00,91.6,0.683,1,1
2026-09-10 07:30:00,91.6,0.775,1,1
2026-09-10 07:45:00,162.6,0.739,1,1
2026-09-10 08:00:00,178.4,0.811,1,1
2026-09-10 08:15:00,170.5,0.775,1,1
2026-09-10 08:30:00,161.4,0.734,1,1
2026-09-10 08:45:00,160.9,0.732,1,1
2026-09-10 09:00:00,139.3,0.633,1,1
2026-09-10 09:15:00,116.6,0.53,1,1
2026-09-10 09:30:00,95.8,0.435,1,1
2026-09-10 09:45:00,,0.438,1,1
2026-09-10 10:00:00,105.8,0.481,1,1
2026-09-10 10:15:00,98.8,0.449,1,1
2026-09-10 10:30:00,85.5,0.388,1,1
2026-09-10 10:45:00,93.5,0.425,1,1
2026-09-10 11:00:00,87.2,0.396,1,1
2026-09-10 11:15:00,100.1,0.455,1,1
2026-09-10 11:30:00,94.0,0.427,1,1
2026-09-10 11:45:00,90.9,0.413,1,1
2026-09-10 12:00:00,102.2,0.465,1,1
2026-09-10 12:15:00,94.7,0.43,1,1
2026-09-10 12:30:00,102.4,0.466,1,1
2026-09-10 12:45:00,93.7,0.426,1,1
2026-09-10 13:00:00,90.0,0.409,1,1
2026-09-10 13:15:00,104.8,0.476,1,1
2026-09-10 13:30:00,97.1,0.441,1,1
2026-09-10 13:45:00,96.0,0.436,1,1
2026-09-10 14:00:00,96.3,0.438,1,1
2026-09-10 14:15:00,106.6,0.485,1,1
2026-09-10 14:30:00,91.7,0.417,1,1
2026-09-10 14:45:00,99.0,0.45,1,1
2026-09-10 15:00:00,91.6,0.416,1,1
2026-09-10 15:15:00,99.3,0.451,1,1
2026-09-10 15:30:00,98.6,0.448,1,1
2026-09-10 15:45:00,91.4,0.415,1,1
2026-09-10 16:00:00,88.3,0.401,1,1
2026-09-10 16:15:00,104.8,0.477,1,1
2026-09-10 16:30:00,97.3,0.442,1,1
2026-09-10 16:45:00,96.2,0.437,1,1
2026-09-10 17:00:00,94.6,0.43,1,1
2026-09-10 17:15:00,99.8,0.454,1,1
2026-09-10 17:30:00,85.1,0.387,1,1
2026-09-10 17:45:00,91.6,0.417,1,1
2026-09-10 18:00:00,93.2,0.424,1,1
2026-09-10 18:15:00,124.0,0.564,1,1
2026-09-10 18:30:00,109.5,0.498,1,1
2026-09-10 18:45:00,118.5,0.539,1,1
2026-09-10 19:00:00,133.2,0.605,1,1
2026-09-10 19:15:00,160.6,0.73,1,1
2026-09-10 19:30:00,182.2,0.828,1,1
2026-09-10 19:45:00,124.6,0.566,1,1
2026-09-10 20:00:00,175.1,0.796,1,1
2026-09-10 20:15:00,235.4,1.07,1,1
2026-09-10 20:30:00,262.3,1.192,1,1
2026-09-10 20:45:00,221.4,1.006,1,1
2026-09-10 21:00:00,179.0,0.814,1,1
2026-09-10 21:15:00,216.2,0.983,1,1
2026-09-10 21:30:00,271.4,1.234,1,1
2026-09-10 21:45:00,213.7,0.971,1,1
2026-09-10 22:00:00,244.1,1.109,1,1
2026-09-10 22:15:00,155.8,0.708,1,1
2026-09-10 22:30:00,154.2,0.701,1,1
2026-09-10 22:45:00,128.7,0.585,1,1
2026-09-10 23:00:00,130.9,0.595,1,1
2026-09-10 23:15:00,106.1,0.482,1,1
2026-09-10 23:30:00,105.9,0.481,1,1
2026-09-10 23:45:00,115.0,0.523,1,1
2026-09-11 00:00:00,96.4,0.438,1,1
2026-09-11 00:15:00,92.2,0.419,1,1
2026-09-11 00:30:00,84.5,0.384,1,1
2026-09-11 00:45:00,93.8,0.426,1,1
2026-09-11 01:00:00,95.5,0.434,1,1
2026-09-11 01:15:00,92.8,0.422,1,1
2026-09-11 01:30:00,92.1,0.419,1,1
2026-09-11 01:45:00,94.9,0.431,1,1
2026-09-11 02:00:00,107.9,0.49,1,1
2026-09-11 02:15:00,93.0,0.423,1,1
2026-09-11 02:30:00,90.3,0.41,1,1
2026-09-11 02:45:00,91.9,0.418,1,1
2026-09-11 03:00:00,96.8,0.44,1,1
2026-09-11 03:15:00,101.3,0.461,1,1
2026-09-11 03:30:00,90.2,0.41,1,1
2026-09-11 03:45:00,88.7,0.403,1,1
2026-09-11 04:00:00,97.4,0.443,1,1
2026-09-11 04:15:00,93.6,0.425,1,1
2026-09-11 04:30:00,95.2,0.433,1,1
2026-09-11 04:45:00,99.7,0.453,1,1
2026-09-11 05:00:00,87.2,0.396,1,1
2026-09-11 05:15:00,99.7,0.453,1,1
2026-09-11 05:30:00,95.6,0.435,1,1
2026-09-11 05:45:00,94.9,0.431,1,1
2026-09-11 06:00:00,96.8,0.44,1,1
2026-09-11 06:15:00,102.3,0.465,1,1
2026-09-11 06:30:00,115.9,0.527,1,1
2026-09-11 06:45:00,108.5,0.493,1,1
2026-09-11 07:00:00,152.2,0.692,1,1
2026-09-11 07:15:00,167.2,0.76,1,1
2026-09-11 07:30:00,126.9,0.577,1,1
2026-09-11 07:45:00,157.2,0.714,1,1
2026-09-11 08:00:00,153.3,0.697,1,1
2026-09-11 08:15:00,231.0,1.05,1,1
2026-09-11 08:30:00,190.2,0.865,1,1
2026-09-11 08:45:00,181.1,0.823,1,1
2026-09-11 09:00:00,139.0,0.632,1,1
2026-09-11 09:15:00,106.2,0.483,1,1
2026-09-11 09:30:00,98.4,0.447,1,1
2026-09-11 09:45:00,116.5,0.529,1,1
2026-09-11 10:00:00,107.2,0.487,1,1
2026-09-11 10:15:00,94.5,0.43,1,1
2026-09-11 10:30:00,85.6,0.389,1,1
2026-09-11 10:45:00,91.6,0.416,1,1
2026-09-11 11:00:00,87.5,0.398,1,1
2026-09-11 11:15:00,100.8,0.458,1,1
2026-09-11 11:30:00,97.8,0.444,1,1
2026-09-11 11:45:00,91.0,0.414,1,1
2026-09-11 12:00:00,90.7,0.412,1,1
2026-09-11 12:15:00,85.8,0.39,1,1
2026-09-11 12:30:00,95.0,0.432,1,1
2026-09-11 12:45:00,96.3,0.438,1,1
2026-09-11 13:00:00,102.1,0.464,1,1
2026-09-11 13:15:00,99.2,0.451,1,1
2026-09-11 13:30:00,97.1,0.442,1,1
2026-09-11 13:45:00,88.8,0.404,1,1
2026-09-11 14:00:00,97.4,0.443,1,1
2026-09-11 14:15:00,88.0,0.4,1,1
2026-09-11 14:30:00,,0.419,1,1
2026-09-11 14:45:00,97.1,0.442,1,1
2026-09-11 15:00:00,92.4,0.42,1,1
2026-09-11 15:15:00,95.9,0.436,1,1
2026-09-11 15:30:00,91.4,0.416,1,1
2026-09-11 15:45:00,,0.424,1,1
2026-09-11 16:00:00,101.9,0.463,1,1
2026-09-11 16:15:00,90.0,0.409,1,1
2026-09-11 16:30:00,85.3,0.388,1,1
2026-09-11 16:45:00,96.4,0.438,1,1
2026-09-11 17:00:00,99.5,0.452,1,1
2026-09-11 17:15:00,86.1,0.391,1,1
2026-09-11 17:30:00,93.4,0.424,1,1
2026-09-11 17:45:00,90.2,0.41,1,1
2026-09-11 18:00:00,111.5,0.507,1,1
2026-09-11 18:15:00,108.8,0.494,1,1
2026-09-11 18:30:00,111.5,0.507,1,1
2026-09-11 18:45:00,111.6,0.507,1,1
2026-09-11 19:00:00,104.0,0.473,1,1
2026-09-11 19:15:00,135.3,0.615,1,1
2026-09-11 19:30:00,137.8,0.626,1,1
2026-09-11 19:45:00,142.8,0.649,1,1
2026-09-11 20:00:00,155.0,0.705,1,1
2026-09-11 20:15:00,225.9,1.027,1,1
2026-09-11 20:30:00,201.2,0.915,1,1
2026-09-11 20:45:00,175.4,0.797,1,1
2026-09-11 21:00:00,261.2,1.187,1,1
2026-09-11 21:15:00,175.5,0.798,1,1
2026-09-11 21:30:00,209.5,0.952,1,1
2026-09-11 21:45:00,244.8,1.113,1,1
2026-09-11 22:00:00,171.9,0.781,1,1
2026-09-11 22:15:00,138.6,0.63,1,1
2026-09-11 22:30:00,124.6,0.566,1,1
2026-09-11 22:45:00,155.1,0.705,1,1
2026-09-11 23:00:00,139.0,0.632,1,1
2026-09-11 23:15:00,116.4,0.529,1,1
2026-09-11 23:30:00,123.5,0.561,1,1
2026-09-11 23:45:00,107.0,0.486,1,1
2026-09-12 00:00:00,94.2,0.428,1,1
2026-09-12 00:15:00,,0.418,1,1
2026-09-12 00:30:00,94.4,0.429,1,1
2026-09-12 00:45:00,87.2,0.397,1,1
2026-09-12 01:00:00,89.3,0.406,1,1
2026-09-12 01:15:00,88.8,0.404,1,1
2026-09-12 01:30:00,,0.476,1,1
2026-09-12 01:45:00,83.7,0.381,1,1
2026-09-12 02:00:00,,0.414,1,1
2026-09-12 02:15:00,95.6,0.435,1,1
2026-09-12 02:30:00,,0.459,1,1
2026-09-12 02:45:00,83.7,0.381,1,1
2026-09-12 03:00:00,105.0,0.477,1,1
2026-09-12 03:15:00,94.9,0.431,1,1
2026-09-12 03:30:00,100.5,0.457,1,1
2026-09-12 03:45:00,96.3,0.438,1,1
2026-09-12 04:00:00,74.9,0.341,1,1
2026-09-12 04:15:00,97.6,0.444,1,1
2026-09-12 04:30:00,85.4,0.388,1,1
2026-09-12 04:45:00,84.9,0.386,1,1
2026-09-12 05:00:00,96.2,0.437,1,1
2026-09-12 05:15:00,96.2,0.437,1,1
2026-09-12 05:30:00,95.7,0.435,1,1
2026-09-12 05:45:00,94.2,0.428,1,1
2026-09-12 06:00:00,98.6,0.448,1,1
2026-09-12 06:15:00,106.4,0.484,1,1
2026-09-12 06:30:00,102.4,0.466,1,1
2026-09-12 06:45:00,119.2,0.542,1,1
2026-09-12 07:00:00,140.4,0.638,1,1
2026-09-12 07:15:00,169.8,0.772,1,1
2026-09-12 07:30:00,178.3,0.81,1,1
2026-09-12 07:45:00,153.3,0.697,1,1
2026-09-12 08:00:00,191.9,0.872,1,1
2026-09-12 08:15:00,178.5,0.812,1,1
2026-09-12 08:30:00,204.1,0.928,1,1
2026-09-12 08:45:00,158.4,0.72,1,1
2026-09-12 09:00:00,156.4,0.711,1,1
2026-09-12 09:15:00,118.9,0.54,1,1
2026-09-12 09:30:00,99.4,0.452,1,1
2026-09-12 09:45:00,98.8,0.449,1,1
2026-09-12 10:00:00,103.4,0.47,1,1
2026-09-12 10:15:00,92.0,0.418,1,1
2026-09-12 10:30:00,104.6,0.475,1,1
2026-09-12 10:45:00,93.1,0.423,1,1
2026-09-12 11:00:00,97.2,0.442,1,1
2026-09-12 11:15:00,94.4,0.429,1,1
2026-09-12 11:30:00,93.4,0.424,1,1
2026-09-12 11:45:00,94.1,0.428,1,1
2026-09-12 12:00:00,94.3,0.429,1,1
2026-09-12 12:15:00,106.9,0.486,1,1
2026-09-12 12:30:00,96.4,0.438,1,1
2026-09-12 12:45:00,91.7,0.417,1,1
2026-09-12 13:00:00,92.3,0.42,1,1
2026-09-12 13:15:00,95.4,0.433,1,1
2026-09-12 13:30:00,106.4,0.484,1,1
2026-09-12 13:45:00,97.1,0.442,1,1
2026-09-12 14:00:00,94.2,0.428,1,1
2026-09-12 14:15:00,90.6,0.412,1,1
2026-09-12 14:30:00,96.9,0.44,1,1
2026-09-12 14:45:00,110.0,0.5,1,1
2026-09-12 15:00:00,105.2,0.478,1,1
2026-09-12 15:15:00,99.6,0.453,1,1
2026-09-12 15:30:00,97.8,0.445,1,1
2026-09-12 15:45:00,95.8,0.435,1,1
2026-09-12 16:00:00,103.7,0.471,1,1
2026-09-12 16:15:00,94.2,0.428,1,1
2026-09-12 16:30:00,103.4,0.47,1,1
2026-09-12 16:45:00,98.4,0.447,1,1
2026-09-12 17:00:00,102.2,0.465,1,1
2026-09-12 17:15:00,92.4,0.42,1,1
2026-09-12 17:30:00,98.5,0.448,1,1
2026-09-12 17:45:00,99.8,0.454,1,1
2026-09-12 18:00:00,100.9,0.459,1,1
2026-09-12 18:15:00,101.9,0.463,1,1
2026-09-12 18:30:00,94.1,0.428,1,1
2026-09-12 18:45:00,112.5,0.511,1,1
2026-09-12 19:00:00,146.9,0.668,1,1
2026-09-12 19:15:00,167.9,0.763,1,1
2026-09-12 19:30:00,169.3,0.77,1,1
2026-09-12 19:45:00,139.5,0.634,1,1
2026-09-12 20:00:00,184.1,0.837,1,1
2026-09-12 20:15:00,196.8,0.894,1,1
2026-09-12 20:30:00,260.4,1.183,1,1
2026-09-12 20:45:00,315.2,1.433,1,1
2026-09-12 21:00:00,294.1,1.337,1,1
2026-09-12 21:15:00,187.5,0.852,1,1
2026-09-12 21:30:00,-11.56576342706062,1.129,1,1
2026-09-12 21:45:00,161.7,0.735,1,1
2026-09-12 22:00:00,173.6,0.789,1,1
2026-09-12 22:15:00,148.5,0.675,1,1
2026-09-12 22:30:00,131.8,0.599,1,1
2026-09-12 22:45:00,153.6,0.698,1,1
2026-09-12 23:00:00,108.4,0.493,1,1
2026-09-12 23:15:00,125.9,0.572,1,1
2026-09-12 23:30:00,123.4,0.561,1,1
2026-09-12 23:45:00,104.9,0.477,1,1
2026-09-13 00:00:00,0.5,0.002,1,0
2026-09-13 00:15:00,4.3,0.02,1,0
2026-09-13 00:30:00,85.7,0.389,1,0
2026-09-13 00:45:00,5.2,0.024,1,0
2026-09-13 01:00:00,5.9,0.027,1,0
2026-09-13 01:15:00,6.7,0.03,1,0
2026-09-13 01:30:00,85.4,0.388,1,0
2026-09-13 01:45:00,1.8,0.008,1,0
2026-09-13 02:00:00,5.5,0.025,1,0
2026-09-13 02:15:00,6.5,0.03,1,0
2026-09-13 02:30:00,85.4,0.388,1,0
2026-09-13 02:45:00,0.6,0.003,1,0
2026-09-13 03:00:00,2.1,0.009,1,0
2026-09-13 03:15:00,3.8,0.017,1,0
2026-09-13 03:30:00,85.9,0.391,1,0
2026-09-13 03:45:00,5.1,0.023,1,0
2026-09-13 04:00:00,1.7,0.008,1,0
2026-09-13 04:15:00,4.7,0.021,1,0
2026-09-13 04:30:00,86.5,0.393,1,0
2026-09-13 04:45:00,2.0,0.009,1,0
2026-09-13 05:00:00,3.7,0.017,1,0
2026-09-13 05:15:00,0.5,0.002,1,0
2026-09-13 05:30:00,87.5,0.398,1,0
2026-09-13 05:45:00,2.9,0.013,1,0
2026-09-13 06:00:00,4.3,0.02,1,0
2026-09-13 06:15:00,6.7,0.031,1,0
2026-09-13 06:30:00,89.8,0.408,1,0
2026-09-13 06:45:00,13.2,0.06,1,0
2026-09-13 07:00:00,55.2,0.251,1,0
2026-09-13 07:15:00,53.7,0.244,1,0
2026-09-13 07:30:00,168.1,0.764,1,0
2026-09-13 07:45:00,70.8,0.322,1,0
2026-09-13 08:00:00,54.9,0.25,1,0
2026-09-13 08:15:00,86.4,0.393,1,0
2026-09-13 08:30:00,176.1,0.801,1,0
2026-09-13 08:45:00,78.9,0.359,1,0
2026-09-13 09:00:00,38.9,0.177,1,0
2026-09-13 09:15:00,20.3,0.092,1,0
2026-09-13 09:30:00,93.3,0.424,1,0
2026-09-13 09:45:00,12.6,0.057,1,0
2026-09-13 10:00:00,4.5,0.02,1,0
2026-09-13 10:15:00,4.2,0.019,1,0
2026-09-13 10:30:00,84.6,0.385,1,0
2026-09-13 10:45:00,2.5,0.011,1,0
2026-09-13 11:00:00,1.9,0.009,1,0
2026-09-13 11:15:00,2.1,0.01,1,0
2026-09-13 11:30:00,87.8,0.399,1,0
2026-09-13 11:45:00,2.3,0.011,1,0
2026-09-13 12:00:00,1.4,0.006,1,0
2026-09-13 12:15:00,2.4,0.011,1,0
2026-09-13 12:30:00,83.7,0.38,1,0
2026-09-13 12:45:00,1.1,0.005,1,0
2026-09-13 13:00:00,3.0,0.014,1,0
2026-09-13 13:15:00,4.6,0.021,1,0
2026-09-13 13:30:00,80.9,0.368,1,0
2026-09-13 13:45:00,6.9,0.031,1,0
2026-09-13 14:00:00,2.5,0.011,1,0
2026-09-13 14:15:00,2.2,0.01,1,0
2026-09-13 14:30:00,84.7,0.385,1,0
2026-09-13 14:45:00,6.7,0.03,1,0
2026-09-13 15:00:00,4.0,0.018,1,0
2026-09-13 15:15:00,0.5,0.002,1,0
2026-09-13 15:30:00,84.9,0.386,1,0
2026-09-13 15:45:00,4.4,0.02,1,0
2026-09-13 16:00:00,4.0,0.018,1,0
2026-09-13 16:15:00,4.2,0.019,1,0
2026-09-13 16:30:00,83.9,0.381,1,0
2026-09-13 16:45:00,2.3,0.01,1,0
2026-09-13 17:00:00,2.9,0.013,1,0
2026-09-13 17:15:00,8.6,0.039,1,0
2026-09-13 17:30:00,88.2,0.401,1,0
2026-09-13 17:45:00,4.7,0.021,1,0
2026-09-13 18:00:00,11.4,0.052,1,0
2026-09-13 18:15:00,6.9,0.032,1,0
2026-09-13 18:30:00,95.6,0.434,1,0
2026-09-13 18:45:00,34.1,0.155,1,0
2026-09-13 19:00:00,25.7,0.117,1,0
2026-09-13 19:15:00,24.3,0.11,1,0
2026-09-13 19:30:00,132.3,0.601,1,0
2026-09-13 19:45:00,56.9,0.259,1,0
2026-09-13 20:00:00,58.4,0.266,1,0
2026-09-13 20:15:00,95.1,0.432,1,0
2026-09-13 20:30:00,209.7,0.953,1,0
2026-09-13 20:45:00,166.7,0.758,1,0
2026-09-13 21:00:00,99.7,0.453,1,0
2026-09-13 21:15:00,132.0,0.6,1,0
2026-09-13 21:30:00,200.9,0.913,1,0
2026-09-13 21:45:00,59.3,0.27,1,0
2026-09-13 22:00:00,62.3,0.283,1,0
2026-09-13 22:15:00,84.2,0.383,1,0
2026-09-13 22:30:00,123.4,0.561,1,0
2026-09-13 22:45:00,53.6,0.244,1,0
2026-09-13 23:00:00,41.9,0.19,1,0
2026-09-13 23:15:00,31.4,0.143,1,0
2026-09-13 23:30:00,96.4,0.438,1,0
2026-09-13 23:45:00,19.3,0.088,1,0
2026-09-14 00:00:00,3.4,0.015,1,0
2026-09-14 00:15:00,4.6,0.021,1,0
2026-09-14 00:30:00,86.5,0.393,1,0
2026-09-14 00:45:00,4.3,0.019,1,0
2026-09-14 01:00:00,1.4,0.006,1,0
2026-09-14 01:15:00,2.9,0.013,1,0
2026-09-14 01:30:00,84.8,0.385,1,0
2026-09-14 01:45:00,4.1,0.019,1,0
2026-09-14 02:00:00,5.3,0.024,1,0
2026-09-14 02:15:00,2.0,0.009,1,0
2026-09-14 02:30:00,85.8,0.39,1,0
2026-09-14 02:45:00,4.2,0.019,1,0
2026-09-14 03:00:00,8.8,0.04,1,0
2026-09-14 03:15:00,0.6,0.003,1,0
2026-09-14 03:30:00,84.4,0.383,1,0
2026-09-14 03:45:00,3.7,0.017,1,0
2026-09-14 04:00:00,3.5,0.016,1,0
2026-09-14 04:15:00,4.4,0.02,1,0
2026-09-14 04:30:00,82.6,0.375,1,0
2026-09-14 04:45:00,0.5,0.002,1,0
2026-09-14 05:00:00,3.3,0.015,1,0
2026-09-14 05:15:00,3.8,0.017,1,0
2026-09-14 05:30:00,87.2,0.396,1,0
2026-09-14 05:45:00,8.1,0.037,1,0
2026-09-14 06:00:00,8.4,0.038,1,0
2026-09-14 06:15:00,4.5,0.02,1,0
2026-09-14 06:30:00,95.6,0.435,1,0
2026-09-14 06:45:00,40.4,0.184,1,0
2026-09-14 07:00:00,54.4,0.247,1,0
2026-09-14 07:15:00,47.5,0.216,1,0
2026-09-14 07:30:00,176.4,0.802,1,0
2026-09-14 07:45:00,108.1,0.492,1,0
2026-09-14 08:00:00,57.3,0.26,1,0
2026-09-14 08:15:00,94.8,0.431,1,0
2026-09-14 08:30:00,166.9,0.759,1,0
2026-09-14 08:45:00,40.8,0.185,1,0
2026-09-14 09:00:00,80.6,0.366,1,0
2026-09-14 09:15:00,40.2,0.183,1,0
2026-09-14 09:30:00,99.2,0.451,1,0
2026-09-14 09:45:00,10.1,0.046,1,0
2026-09-14 10:00:00,9.6,0.044,1,0
2026-09-14 10:15:00,2.7,0.012,1,0
2026-09-14 10:30:00,84.7,0.385,1,0
2026-09-14 10:45:00,5.5,0.025,1,0
2026-09-14 11:00:00,4.2,0.019,1,0
2026-09-14 11:15:00,3.9,0.018,1,0
2026-09-14 11:30:00,84.7,0.385,1,0
2026-09-14 11:45:00,3.2,0.014,1,0
2026-09-14 12:00:00,2.7,0.012,1,0
2026-09-14 12:15:00,0.9,0.004,1,0
2026-09-14 12:30:00,86.3,0.392,1,0
2026-09-14 12:45:00,3.5,0.016,1,0
2026-09-14 13:00:00,2.9,0.013,1,0
2026-09-14 13:15:00,1.0,0.004,1,0
2026-09-14 13:30:00,86.0,0.391,1,0
2026-09-14 13:45:00,0.5,0.002,1,0
2026-09-14 14:00:00,1.4,0.006,1,0
2026-09-14 14:15:00,2.9,0.013,1,0
2026-09-14 14:30:00,84.9,0.386,1,0
2026-09-14 14:45:00,0.5,0.002,1,0
2026-09-14 15:00:00,6.3,0.029,1,0
2026-09-14 15:15:00,2.2,0.01,1,0
2026-09-14 15:30:00,84.5,0.384,1,0
2026-09-14 15:45:00,1.8,0.008,1,0
2026-09-14 16:00:00,4.2,0.019,1,0
2026-09-14 16:15:00,0.5,0.002,1,0
2026-09-14 16:30:00,83.1,0.378,1,0
2026-09-14 16:45:00,3.1,0.014,1,0
2026-09-14 17:00:00,1.4,0.006,1,0
2026-09-14 17:15:00,5.1,0.023,1,0
2026-09-14 17:30:00,87.5,0.398,1,0
2026-09-14 17:45:00,10.5,0.048,1,0
2026-09-14 18:00:00,16.0,0.073,1,0
2026-09-14 18:15:00,-6.828699790076115,0.053,1,0
2026-09-14 18:30:00,102.6,0.466,1,0
2026-09-14 18:45:00,33.1,0.15,1,0
2026-09-14 19:00:00,49.3,0.224,1,0
2026-09-14 19:15:00,45.6,0.207,1,0
2026-09-14 19:30:00,185.9,0.845,1,0
2026-09-14 19:45:00,112.3,0.51,1,0
2026-09-14 20:00:00,69.5,0.316,1,0
2026-09-14 20:15:00,100.5,0.457,1,0
2026-09-14 20:30:00,185.8,0.844,1,0
2026-09-14 20:45:00,127.4,0.579,1,0
2026-09-14 21:00:00,242.0,1.1,1,0
2026-09-14 21:15:00,143.8,0.654,1,0
2026-09-14 21:30:00,235.6,1.071,1,0
2026-09-14 21:45:00,67.9,0.308,1,0
2026-09-14 22:00:00,179.3,0.815,1,0
2026-09-14 22:15:00,48.9,0.222,1,0
2026-09-14 22:30:00,150.3,0.683,1,0
2026-09-14 22:45:00,51.9,0.236,1,0
2026-09-14 23:00:00,22.8,0.104,1,0
2026-09-14 23:15:00,30.8,0.14,1,0
2026-09-14 23:30:00,99.1,0.45,1,0
2026-09-14 23:45:00,17.8,0.081,1,0
2026-09-15 00:00:00,5.3,0.024,1,0
2026-09-15 00:15:00,0.7,0.003,1,0
2026-09-15 00:30:00,88.0,0.4,1,0
2026-09-15 00:45:00,5.7,0.026,1,0
2026-09-15 01:00:00,2.9,0.013,1,0
2026-09-15 01:15:00,2.4,0.011,1,0
2026-09-15 01:30:00,82.3,0.374,1,0
2026-09-15 01:45:00,4.4,0.02,1,0
2026-09-15 02:00:00,0.5,0.002,1,0
2026-09-15 02:15:00,2.2,0.01,1,0
2026-09-15 02:30:00,86.0,0.391,1,0
2026-09-15 02:45:00,4.2,0.019,1,0
2026-09-15 03:00:00,0.5,0.002,1,0
2026-09-15 03:15:00,1.2,0.005,1,0
2026-09-15 03:30:00,84.9,0.386,1,0
2026-09-15 03:45:00,5.4,0.024,1,0
2026-09-15 04:00:00,4.6,0.021,1,0
2026-09-15 04:15:00,4.7,0.021,1,0
2026-09-15 04:30:00,84.1,0.382,1,0
2026-09-15 04:45:00,5.3,0.024,1,0
2026-09-15 05:00:00,5.1,0.023,1,0
2026-09-15 05:15:00,1.2,0.005,1,0
2026-09-15 05:30:00,86.2,0.392,1,0
2026-09-15 05:45:00,5.1,0.023,1,0
2026-09-15 06:00:00,7.0,0.032,1,0
2026-09-15 06:15:00,11.0,0.05,1,0
2026-09-15 06:30:00,96.1,0.437,1,0
2026-09-15 06:45:00,27.2,0.123,1,0
2026-09-15 07:00:00,31.8,0.145,1,0
2026-09-15 07:15:00,68.7,0.312,1,0
2026-09-15 07:30:00,173.9,0.791,1,0
2026-09-15 07:45:00,53.3,0.242,1,0
2026-09-15 08:00:00,123.4,0.561,1,0
2026-09-15 08:15:00,-19.527593738200554,0.269,1,0
2026-09-15 08:30:00,-22.182797647187368,0.601,1,0
2026-09-15 08:45:00,81.0,0.368,1,0
2026-09-15 09:00:00,50.3,0.229,1,0
2026-09-15 09:15:00,22.1,0.1,1,0
2026-09-15 09:30:00,94.9,0.431,1,0
2025-07-07 09:45:00,10.6,0.048,1,0
2026-09-15 10:00:00,3.9,0.018,1,0
2026-09-15 10:15:00,3.5,0.016,1,0
2026-09-15 10:30:00,89.6,0.407,1,0
2026-09-15 10:45:00,0.5,0.002,1,0
2026-09-15 11:00:00,3.8,0.017,1,0
2026-09-15 11:15:00,7.0,0.032,1,0
2026-09-15 11:30:00,79.3,0.36,1,0
2026-09-15 11:45:00,6.3,0.029,1,0
2026-09-15 12:00:00,4.8,0.022,1,0
2026-09-15 12:15:00,2.6,0.012,1,0
2026-09-15 12:30:00,83.2,0.378,1,0
2026-09-15 12:45:00,1.4,0.006,1,0
2026-09-15 13:00:00,5.4,0.025,1,0
2026-09-15 13:15:00,1.5,0.007,1,0
2026-09-15 13:30:00,88.2,0.401,1,0
2026-09-15 13:45:00,4.1,0.019,1,0
2026-09-15 14:00:00,1.0,0.005,1,0
2026-09-15 14:15:00,1.7,0.008,1,0
2026-09-15 14:30:00,83.6,0.38,1,0
2026-09-15 14:45:00,0.5,0.002,1,0
2026-09-15 15:00:00,4.2,0.019,1,0
2026-09-15 15:15:00,0.5,0.002,1,0
2026-09-15 15:30:00,89.2,0.405,1,0
2026-09-15 15:45:00,3.4,0.015,1,0
2026-09-15 16:00:00,7.3,0.033,1,0
2026-09-15 16:15:00,0.5,0.002,1,0
2026-09-15 16:30:00,88.4,0.402,1,0
2026-09-15 16:45:00,0.5,0.002,1,0
2026-09-15 17:00:00,2.6,0.012,1,0
2026-09-15 17:15:00,4.4,0.02,1,0
2026-09-15 17:30:00,87.2,0.397,1,0
2026-09-15 17:45:00,7.9,0.036,1,0
2026-09-15 18:00:00,6.8,0.031,1,0
2026-09-15 18:15:00,15.9,0.072,1,0
2026-09-15 18:30:00,98.6,0.448,1,0
2026-09-15 18:45:00,30.7,0.14,1,0
2026-09-15 19:00:00,23.3,0.106,1,0
2026-09-15 19:15:00,63.9,0.29,1,0
2026-09-15 19:30:00,110.4,0.502,1,0
2026-09-15 19:45:00,90.3,0.41,1,0
2026-09-15 20:00:00,135.0,0.614,1,0
2026-09-15 20:15:00,60.5,0.275,1,0
2026-09-15 20:30:00,244.6,1.112,1,0
2026-09-15 20:45:00,158.9,0.722,1,0
2026-09-15 21:00:00,171.2,0.778,1,0
2026-09-15 21:15:00,94.1,0.428,1,0
2026-09-15 21:30:00,162.7,0.74,1,0
2026-09-15 21:45:00,91.0,0.414,1,0
2026-09-15 22:00:00,120.2,0.546,1,0
2026-09-15 22:15:00,82.5,0.375,1,0
2026-09-15 22:30:00,145.0,0.659,1,0
2026-09-15 22:45:00,36.5,0.166,1,0
2026-09-15 23:00:00,51.4,0.234,1,0
2026-09-15 23:15:00,15.5,0.07,1,0
2026-09-15 23:30:00,93.1,0.423,1,0
2026-09-15 23:45:00,17.6,0.08,1,0
