timestamp,co2_ppm,temperatura_C,humedad_rel_pct,riesgo_24h
2026-08-17 00:00:00,423.8,15.95,53.55,0
2026-08-17 00:30:00,434.1,15.21,54.2,0
2026-08-17 01:00:00,441.2,15.55,54.88,0
2026-08-17 01:30:00,429.8,15.59,57.27,0
2026-08-17 02:00:00,419.8,13.84,55.22,0
2026-08-17 02:30:00,429.9,15.07,59.6,0
2026-08-17 03:00:00,438.4,14.87,56.83,0
2026-08-17 03:30:00,424.6,14.35,56.99,0
2026-08-17 04:00:00,425.8,15.01,58.18,0
2026-08-17 04:30:00,418.5,14.06,58.44,0
2026-08-17 05:00:00,435.2,14.55,58.48,0
2026-08-17 05:30:00,432.8,15.63,59.71,0
2026-08-17 06:00:00,432.4,14.89,59.58,0
2026-08-17 06:30:00,430.7,15.91,61.25,0
2026-08-17 07:00:00,451.9,15.51,61.41,0
2026-08-17 07:30:00,419.9,16.26,62.51,0
2026-08-17 08:00:00,440.2,16.6,62.92,0
2026-08-17 08:30:00,411.9,17.27,64.55,0
2026-08-17 09:00:00,442.1,17.43,61.97,0
2026-08-17 09:30:00,419.8,17.45,65.19,0
2026-08-17 10:00:00,418.2,17.38,62.04,0
2026-08-17 10:30:00,445.7,18.81,63.67,0
2026-08-17 11:00:00,439.8,18.69,62.81,0
2026-08-17 11:30:00,443.1,18.76,64.15,0
2026-08-17 12:00:00,418.2,19.42,65.31,0
2026-08-17 12:30:00,433.4,20.39,64.1,0
2026-08-17 13:00:00,431.1,20.46,63.91,0
2026-08-17 13:30:00,426.5,21.06,59.21,0
2026-08-17 14:00:00,428.6,20.68,60.5,0
2026-08-17 14:30:00,430.0,21.91,62.26,0
2026-08-17 15:00:00,440.1,20.73,57.12,0
2026-08-17 15:30:00,412.6,21.5,59.38,0
2026-08-17 16:00:00,424.6,22.33,57.63,0
2026-08-17 16:30:00,421.2,20.47,57.74,0
2026-08-17 17:00:00,434.1,20.73,59.74,0
2026-08-17 17:30:00,458.3,20.25,53.4,0
2026-08-17 18:00:00,432.8,19.83,56.26,0
2026-08-17 18:30:00,428.4,20.42,55.6,0
2026-08-17 19:00:00,425.1,20.65,52.52,0
2026-08-17 19:30:00,428.8,20.42,52.62,0
2026-08-17 20:00:00,437.7,19.19,51.12,0
2026-08-17 20:30:00,443.1,19.09,49.36,0
2026-08-17 21:00:00,435.5,18.52,52.32,0
2026-08-17 21:30:00,420.7,18.22,52.41,0
2026-08-17 22:00:00,453.1,17.02,53.35,0
2026-08-17 22:30:00,426.7,16.77,50.15,0
2026-08-17 23:00:00,438.9,17.27,49.43,0
2026-08-17 23:30:00,418.4,16.69,52.42,0
2026-08-18 00:00:00,436.9,15.59,53.58,0
2026-08-18 00:30:00,413.8,15.51,51.75,0
2026-08-18 01:00:00,435.3,15.43,54.62,0
2026-08-18 01:30:00,429.3,15.52,51.01,0
2026-08-18 02:00:00,442.8,14.79,53.13,0
2026-08-18 02:30:00,418.1,14.9,55.02,0
2026-08-18 03:00:00,421.6,15.29,54.04,0
2026-08-18 03:30:00,441.5,14.41,55.45,0
2026-08-18 04:00:00,418.4,14.1,58.37,0
2026-08-18 04:30:00,433.9,15.26,57.63,0
2026-08-18 05:00:00,453.0,14.87,58.03,0
2026-08-18 05:30:00,444.5,14.74,59.1,0
2026-08-18 06:00:00,425.4,14.65,58.26,0
2026-08-18 06:30:00,446.1,15.11,63.59,0
2026-08-18 07:00:00,454.1,15.96,60.93,0
2026-08-18 07:30:00,417.7,15.31,61.66,0
2026-08-18 08:00:00,430.0,15.94,63.1,0
2026-08-18 08:30:00,453.5,16.92,62.12,0
2026-08-18 09:00:00,446.8,16.78,62.28,0
2026-08-18 09:30:00,408.0,16.97,64.54,0
2026-08-18 10:00:00,441.5,17.96,62.56,0
2026-08-18 10:30:00,452.1,18.12,61.73,0
2026-08-18 11:00:00,441.9,17.76,63.57,0
2026-08-18 11:30:00,434.1,19.16,66.28,0
2026-08-18 12:00:00,436.2,20.4,60.36,0
2026-08-18 12:30:00,431.9,19.9,62.76,0
2026-08-18 13:00:00,440.2,20.39,64.16,0
2026-08-18 13:30:00,437.6,20.89,58.08,0
2026-08-18 14:00:00,449.9,21.28,61.14,0
2026-08-18 14:30:00,452.8,22.05,62.33,0
2026-08-18 15:00:00,443.5,20.55,59.99,0
2026-08-18 15:30:00,447.9,22.26,56.88,0
2026-08-18 16:00:00,421.2,21.22,59.95,0
2026-08-18 16:30:00,446.1,22.16,55.92,0
2026-08-18 17:00:00,451.4,22.54,58.59,0
2026-08-18 17:30:00,,21.43,56.85,0
2026-08-18 18:00:00,431.9,20.38,57.49,0
2026-08-18 18:30:00,455.5,21.17,54.28,0
2026-08-18 19:00:00,434.6,21.03,53.9,0
2026-08-18 19:30:00,456.4,20.54,53.23,0
2026-08-18 20:00:00,424.5,19.7,52.0,0
2026-08-18 20:30:00,436.7,19.67,51.88,0
2026-08-18 21:00:00,437.5,19.51,49.98,0
2026-08-18 21:30:00,460.8,19.46,52.41,0
2026-08-18 22:00:00,432.0,18.92,51.93,0
2026-08-18 22:30:00,436.1,16.07,51.49,0
2026-08-18 23:00:00,427.4,17.17,51.6,0
2026-08-18 23:30:00,446.1,16.59,54.16,0
2026-08-19 00:00:00,450.5,16.53,53.5,0
2026-08-19 00:30:00,432.9,15.02,52.99,0
2026-08-19 01:00:00,440.9,15.91,55.08,0
2026-08-19 01:30:00,448.3,14.99,52.92,0
2026-08-19 02:00:00,449.8,15.44,55.15,0
2026-08-19 02:30:00,456.4,14.48,55.11,0
2026-08-19 03:00:00,437.2,16.67,56.94,0
2026-08-19 03:30:00,450.1,15.19,57.83,0
2026-08-19 04:00:00,453.8,14.06,60.11,0
2026-08-19 04:30:00,443.4,15.17,60.46,0
2026-08-19 05:00:00,416.7,15.08,60.76,0
2026-08-19 05:30:00,430.9,14.43,58.89,0
2026-08-19 06:00:00,435.3,14.89,61.3,0
2026-08-19 06:30:00,424.7,16.31,61.2,0
2026-08-19 07:00:00,439.5,14.96,63.66,0
2026-08-19 07:30:00,436.4,15.57,62.3,0
2026-08-19 08:00:00,420.3,16.79,64.49,0
2026-08-19 08:30:00,448.3,16.0,63.54,0
2026-08-19 09:00:00,435.3,17.38,62.27,0
2026-08-19 09:30:00,431.0,16.62,62.4,0
2026-08-19 10:00:00,442.5,17.61,65.93,0
2026-08-19 10:30:00,422.3,17.9,63.74,0
2026-08-19 11:00:00,435.3,18.23,63.17,0
2026-08-19 11:30:00,451.6,19.41,64.1,0
2026-08-19 12:00:00,467.7,19.98,62.75,0
2026-08-19 12:30:00,444.8,20.79,63.36,0
2026-08-19 13:00:00,458.7,20.16,61.89,0
2026-08-19 13:30:00,434.6,19.92,60.27,0
2026-08-19 14:00:00,443.8,21.01,61.23,0
2026-08-19 14:30:00,471.2,21.7,61.24,0
2026-08-19 15:00:00,438.3,22.04,61.29,0
2026-08-19 15:30:00,429.9,22.49,60.52,0
2026-08-19 16:00:00,457.4,20.8,54.59,0
2026-08-19 16:30:00,452.2,21.6,58.41,0
2026-08-19 17:00:00,447.0,21.4,57.17,0
2026-08-19 17:30:00,453.1,21.37,55.1,0
2026-08-19 18:00:00,435.8,21.24,52.87,0
2026-08-19 18:30:00,436.2,19.72,54.29,0
2026-08-19 19:00:00,452.3,19.85,51.22,0
2026-08-19 19:30:00,437.4,20.48,53.74,0
2026-08-19 20:00:00,450.9,19.98,52.54,0
2026-08-19 20:30:00,437.8,20.6,49.98,0
2026-08-19 21:00:00,448.7,18.79,49.65,0
2026-08-19 21:30:00,465.9,19.29,49.12,0
2026-08-19 22:00:00,435.8,18.15,51.55,0
2026-08-19 22:30:00,441.7,18.61,52.12,0
2026-08-19 23:00:00,447.0,17.76,50.9,0
2026-08-19 23:30:00,446.0,16.19,53.61,0
2026-08-20 00:00:00,429.3,15.91,52.19,0
2026-08-20 00:30:00,469.1,15.29,53.8,0
2026-08-20 01:00:00,448.3,16.16,52.06,0
2026-08-20 01:30:00,452.7,14.7,56.05,0
2026-08-20 02:00:00,441.6,14.97,56.3,0
2026-08-20 02:30:00,449.9,14.83,54.24,0
2026-08-20 03:00:00,422.8,14.42,57.18,0
2026-08-20 03:30:00,442.5,14.47,56.3,0
2026-08-20 04:00:00,434.2,15.09,57.71,0
2026-08-20 04:30:00,437.6,14.48,57.83,0
2026-08-20 05:00:00,429.5,14.84,59.12,0
2026-08-20 05:30:00,452.6,15.33,61.21,0
2026-08-20 06:00:00,472.4,15.13,59.91,0
2026-08-20 06:30:00,449.8,16.16,61.85,0
2026-08-20 07:00:00,455.7,15.25,60.55,0
2026-08-20 07:30:00,443.1,15.51,63.4,0
2026-08-20 08:00:00,455.4,14.8,64.59,0
2026-08-20 08:30:00,445.2,16.49,65.31,0
2026-08-20 09:00:00,439.7,16.92,63.39,0
2026-08-20 09:30:00,455.6,16.7,65.54,0
2026-08-20 10:00:00,474.0,18.08,66.9,0
2026-08-20 10:30:00,435.0,17.39,64.31,0
2026-08-20 11:00:00,447.4,18.97,64.49,0
2026-08-20 11:30:00,455.7,19.25,63.14,0
2026-08-20 12:00:00,448.9,19.93,63.25,0
2026-08-20 12:30:00,450.9,21.0,64.72,0
2026-08-20 13:00:00,442.8,20.52,61.34,0
2026-08-20 13:30:00,457.1,20.63,60.64,0
2026-08-20 14:00:00,435.4,21.73,62.07,0
2026-08-20 14:30:00,451.2,21.9,59.64,0
2026-08-20 15:00:00,452.3,21.56,60.16,0
2026-08-20 15:30:00,451.1,21.73,59.88,0
2026-08-20 16:00:00,440.2,21.68,58.28,0
2026-08-20 16:30:00,453.5,23.04,56.06,0
2026-08-20 17:00:00,446.8,22.11,57.25,0
2026-08-20 17:30:00,438.6,21.28,55.42,0
2026-08-20 18:00:00,448.2,20.39,54.8,0
2026-08-20 18:30:00,440.4,20.81,53.13,0
2026-08-20 19:00:00,454.1,20.04,54.76,0
2026-08-20 19:30:00,457.1,19.91,54.76,0
2026-08-20 20:00:00,451.9,18.83,54.0,0
2026-08-20 20:30:00,433.7,19.94,51.81,0
2026-08-20 21:00:00,449.4,18.63,53.93,0
2026-08-20 21:30:00,437.6,18.35,51.32,0
2026-08-20 22:00:00,458.1,18.14,51.11,0
2026-08-20 22:30:00,425.1,17.9,51.54,0
2026-08-20 23:00:00,465.9,17.78,55.23,0
2026-08-20 23:30:00,451.1,16.16,53.28,0
2026-08-21 00:00:00,464.8,16.15,52.25,0
2026-08-21 00:30:00,463.0,15.88,55.82,0
2026-08-21 01:00:00,465.3,15.28,51.83,0
2026-08-21 01:30:00,441.3,14.86,53.6,0
2026-08-21 02:00:00,443.6,15.0,54.12,0
2026-08-21 02:30:00,447.5,14.3,55.96,0
2026-08-21 03:00:00,459.6,14.82,56.3,0
2026-08-21 03:30:00,441.3,13.97,54.88,0
2026-08-21 04:00:00,448.0,14.74,59.96,0
2026-08-21 04:30:00,464.0,14.47,60.27,0
2026-08-21 05:00:00,446.7,14.99,59.62,0
2026-08-21 05:30:00,460.4,14.59,60.73,0
2026-08-21 06:00:00,427.6,15.29,59.81,0
2026-08-21 06:30:00,449.9,16.59,62.89,0
2026-08-21 07:00:00,453.6,15.41,61.43,0
2026-08-21 07:30:00,444.7,15.54,61.69,0
2026-08-21 08:00:00,454.9,16.99,63.28,0
2026-08-21 08:30:00,443.2,15.72,63.23,0
2026-08-21 09:00:00,453.5,16.88,61.44,0
2026-08-21 09:30:00,436.4,17.73,64.66,0
2026-08-21 10:00:00,448.8,18.09,63.04,0
2026-08-21 10:30:00,431.6,17.23,63.03,0
2026-08-21 11:00:00,449.1,20.44,65.14,0
2026-08-21 11:30:00,457.7,19.55,67.03,0
2026-08-21 12:00:00,449.4,19.49,63.8,0
2026-08-21 12:30:00,427.7,20.02,64.27,0
2026-08-21 13:00:00,471.6,20.77,60.59,0
2026-08-21 13:30:00,431.4,21.42,62.77,0
2026-08-21 14:00:00,460.8,20.29,59.13,0
2026-08-21 14:30:00,439.5,21.75,60.95,0
2026-08-21 15:00:00,434.6,21.16,59.8,0
2026-08-21 15:30:00,454.8,21.07,59.0,0
2026-08-21 16:00:00,459.7,22.68,57.75,0
2026-08-21 16:30:00,469.7,22.33,56.6,0
2026-08-21 17:00:00,470.1,22.31,56.09,0
2026-08-21 17:30:00,465.0,22.0,55.91,0
2026-08-21 18:00:00,466.0,20.9,53.72,0
2026-08-21 18:30:00,463.3,20.7,51.91,0
2026-08-21 19:00:00,467.8,20.77,54.08,0
2026-08-21 19:30:00,443.1,19.57,49.74,0
2026-08-21 20:00:00,452.4,19.22,52.63,0
2026-08-21 20:30:00,449.1,18.5,55.23,0
2026-08-21 21:00:00,471.7,19.65,53.72,0
2026-08-21 21:30:00,470.0,18.29,50.63,0
2026-08-21 22:00:00,455.2,17.53,51.72,0
2026-08-21 22:30:00,463.3,17.67,52.97,0
2026-08-21 23:00:00,471.4,16.82,54.25,0
2026-08-21 23:30:00,460.9,17.13,52.62,0
2026-08-22 00:00:00,445.4,16.76,53.23,0
2026-08-22 00:30:00,469.0,16.44,53.26,0
2026-08-22 01:00:00,439.6,16.48,51.1,0
2026-08-22 01:30:00,469.3,14.88,54.15,0
2026-08-22 02:00:00,473.4,16.61,54.28,0
2026-08-22 02:30:00,475.3,14.22,55.66,0
2026-08-22 03:00:00,469.7,15.53,55.52,0
2026-08-22 03:30:00,492.9,15.24,56.81,0
2026-08-22 04:00:00,457.9,15.34,55.97,0
2026-08-22 04:30:00,446.0,15.21,60.41,0
2026-08-22 05:00:00,448.8,15.18,59.9,0
2026-08-22 05:30:00,459.5,15.08,62.0,0
2026-08-22 06:00:00,458.6,15.31,58.9,0
2026-08-22 06:30:00,461.6,15.81,59.99,0
2026-08-22 07:00:00,449.9,16.03,62.58,0
2026-08-22 07:30:00,452.0,15.76,61.41,0
2026-08-22 08:00:00,449.1,16.03,61.39,0
2026-08-22 08:30:00,434.1,17.65,61.25,0
2026-08-22 09:00:00,461.2,17.15,64.41,0
2026-08-22 09:30:00,467.2,17.46,62.56,0
2026-08-22 10:00:00,456.4,17.86,63.26,0
2026-08-22 10:30:00,466.4,19.07,63.53,0
2026-08-22 11:00:00,445.1,18.9,66.51,0
2026-08-22 11:30:00,467.4,18.9,64.06,0
2026-08-22 12:00:00,457.4,20.03,62.76,0
2026-08-22 12:30:00,457.6,20.23,63.59,0
2026-08-22 13:00:00,463.8,19.87,60.63,0
2026-08-22 13:30:00,443.8,21.89,61.52,0
2026-08-22 14:00:00,456.4,22.04,59.59,0
2026-08-22 14:30:00,461.4,20.52,61.71,0
2026-08-22 15:00:00,457.2,22.58,59.13,0
2026-08-22 15:30:00,470.2,21.1,59.13,0
2026-08-22 16:00:00,460.2,22.27,57.29,0
2026-08-22 16:30:00,442.8,21.23,56.57,0
2026-08-22 17:00:00,434.9,21.43,56.66,0
2026-08-22 17:30:00,453.6,21.9,55.86,0
2026-08-22 18:00:00,460.4,21.27,57.2,0
2026-08-22 18:30:00,453.0,20.05,54.53,0
2026-08-22 19:00:00,457.7,21.03,54.25,0
2026-08-22 19:30:00,459.5,19.61,52.09,0
2026-08-22 20:00:00,470.0,19.1,55.16,0
2026-08-22 20:30:00,453.2,19.64,55.08,0
2026-08-22 21:00:00,458.2,18.85,48.88,0
2026-08-22 21:30:00,466.1,17.61,50.07,0
2026-08-22 22:00:00,446.3,17.45,52.86,0
2026-08-22 22:30:00,459.0,18.04,51.26,0
2026-08-22 23:00:00,443.9,16.82,53.89,0
2026-08-22 23:30:00,434.3,17.71,52.19,0
2026-08-23 00:00:00,458.3,16.88,52.19,0
2026-08-23 00:30:00,454.1,15.99,53.45,0
2026-08-23 01:00:00,467.2,16.3,54.57,0
2026-08-23 01:30:00,443.5,15.68,52.74,0
2026-08-23 02:00:00,450.1,15.55,54.69,0
2026-08-23 02:30:00,447.6,15.31,57.17,0
2026-08-23 03:00:00,456.0,14.94,55.84,0
2026-08-23 03:30:00,453.7,14.82,54.4,0
2026-08-23 04:00:00,454.1,16.28,55.66,0
2026-08-23 04:30:00,470.9,14.15,60.66,0
2026-08-23 05:00:00,458.8,14.68,57.67,0
2026-08-23 05:30:00,454.1,15.54,60.85,0
2026-08-23 06:00:00,460.5,15.81,60.45,0
2026-08-23 06:30:00,462.0,14.78,64.09,0
2026-08-23 07:00:00,460.3,15.84,60.64,0
2026-08-23 07:30:00,476.2,16.49,65.93,0
2026-08-23 08:00:00,449.7,17.33,64.0,0
2026-08-23 08:30:00,443.6,17.14,61.62,0
2026-08-23 09:00:00,443.6,18.32,61.2,0
2026-08-23 09:30:00,440.3,17.57,65.42,0
2026-08-23 10:00:00,471.2,18.78,63.83,0
2026-08-23 10:30:00,456.2,18.74,63.0,0
2026-08-23 11:00:00,452.8,18.85,61.42,0
2026-08-23 11:30:00,455.4,19.46,63.93,0
2026-08-23 12:00:00,455.5,20.16,64.43,0
2026-08-23 12:30:00,466.1,20.37,61.84,0
2026-08-23 13:00:00,469.5,21.03,62.71,0
2026-08-23 13:30:00,457.4,20.74,61.56,0
2026-08-23 14:00:00,465.1,20.7,61.12,0
2026-08-23 14:30:00,470.1,21.13,59.34,0
2026-08-23 15:00:00,465.2,22.31,60.31,0
2026-08-23 15:30:00,456.2,22.17,56.38,0
2026-08-23 16:00:00,460.0,21.13,58.26,0
2026-08-23 16:30:00,,21.35,58.36,0
2026-08-23 17:00:00,,21.7,54.89,0
2026-08-23 17:30:00,460.5,21.17,56.14,0
2026-08-23 18:00:00,475.6,20.43,52.97,0
2026-08-23 18:30:00,437.4,21.38,52.34,0
2026-08-23 19:00:00,451.2,20.69,51.5,0
2026-08-23 19:30:00,442.9,19.63,56.37,0
2026-08-23 20:00:00,464.9,20.42,52.65,0
2026-08-23 20:30:00,462.0,19.54,54.04,0
2026-08-23 21:00:00,457.3,18.67,52.62,0
2026-08-23 21:30:00,469.1,19.34,50.96,0
2026-08-23 22:00:00,458.7,18.34,52.6,0
2026-08-23 22:30:00,453.9,17.88,52.42,0
2026-08-23 23:00:00,465.7,16.72,52.63,0
2026-08-23 23:30:00,466.7,17.11,53.56,0
2026-08-24 00:00:00,477.5,16.34,53.49,0
2026-08-24 00:30:00,475.5,15.22,53.0,0
2026-08-24 01:00:00,432.2,16.17,51.92,0
2026-08-24 01:30:00,445.3,15.32,54.01,0
2026-08-24 02:00:00,439.4,15.68,57.51,0
2026-08-24 02:30:00,438.9,14.7,56.86,0
2026-08-24 03:00:00,447.9,15.46,54.51,0
2026-08-24 03:30:00,466.1,14.74,57.78,0
2026-08-24 04:00:00,471.6,15.5,61.39,0
2026-08-24 04:30:00,445.8,14.07,59.52,0
2026-08-24 05:00:00,460.6,15.38,63.32,0
2026-08-24 05:30:00,455.8,15.17,60.13,0
2026-08-24 06:00:00,465.5,15.9,60.14,0
2026-08-24 06:30:00,445.7,14.58,61.84,0
2026-08-24 07:00:00,467.7,16.29,61.36,0
2026-08-24 07:30:00,448.1,16.57,63.09,0
2026-08-24 08:00:00,458.9,17.29,66.39,0
2026-08-24 08:30:00,443.4,17.13,63.88,0
2026-08-24 09:00:00,473.7,17.86,61.55,0
2026-08-24 09:30:00,469.2,17.86,61.34,0
2026-08-24 10:00:00,452.1,18.52,63.54,0
2026-08-24 10:30:00,471.0,19.56,62.06,0
2026-08-24 11:00:00,451.6,19.55,62.62,0
2026-08-24 11:30:00,462.2,19.36,64.34,0
2026-08-24 12:00:00,454.9,19.25,67.54,0
2026-08-24 12:30:00,447.3,20.66,62.81,0
2026-08-24 13:00:00,461.9,20.68,62.63,0
2026-08-24 13:30:00,432.7,19.63,62.31,0
2026-08-24 14:00:00,454.3,21.51,60.76,0
2026-08-24 14:30:00,458.0,20.99,62.77,0
2026-08-24 15:00:00,463.7,20.99,60.37,0
2026-08-24 15:30:00,466.8,22.84,60.06,0
2026-08-24 16:00:00,457.0,22.57,56.62,0
2026-08-24 16:30:00,430.7,21.97,55.73,0
2026-08-24 17:00:00,446.6,22.65,58.74,0
2026-08-24 17:30:00,450.3,20.88,55.53,0
2026-08-24 18:00:00,467.8,20.7,53.65,0
2026-08-24 18:30:00,442.1,22.72,53.67,0
2026-08-24 19:00:00,465.8,20.25,56.52,0
2026-08-24 19:30:00,470.2,20.44,54.72,0
2026-08-24 20:00:00,451.6,20.13,55.75,0
2026-08-24 20:30:00,452.6,18.97,52.57,0
2026-08-24 21:00:00,446.8,18.43,52.75,0
2026-08-24 21:30:00,452.7,19.2,51.5,0
2026-08-24 22:00:00,475.8,18.23,52.69,0
2026-08-24 22:30:00,452.2,18.06,53.42,0
2026-08-24 23:00:00,445.7,18.34,51.85,0
2026-08-24 23:30:00,453.3,17.59,50.08,0
2026-08-25 00:00:00,456.5,15.83,52.78,0
2026-08-25 00:30:00,447.0,16.11,52.22,0
2026-08-25 01:00:00,460.5,16.74,54.56,0
2026-08-25 01:30:00,466.4,15.48,55.03,0
2026-08-25 02:00:00,447.8,15.29,52.51,0
2026-08-25 02:30:00,444.9,15.87,57.05,0
2026-08-25 03:00:00,454.7,15.34,58.52,0
2026-08-25 03:30:00,460.0,14.54,58.4,0
2026-08-25 04:00:00,453.1,14.41,59.28,0
2026-08-25 04:30:00,454.5,15.02,60.01,0
2026-08-25 05:00:00,437.9,14.1,60.16,0
2026-08-25 05:30:00,432.1,15.04,60.68,0
2026-08-25 06:00:00,457.2,16.05,58.51,0
2026-08-25 06:30:00,480.6,16.06,63.12,0
2026-08-25 07:00:00,451.5,16.86,62.92,0
2026-08-25 07:30:00,458.2,17.24,62.53,0
2026-08-25 08:00:00,470.3,17.28,64.41,0
2026-08-25 08:30:00,467.2,16.83,64.39,0
2026-08-25 09:00:00,460.8,16.92,63.79,0
2026-08-25 09:30:00,449.5,17.07,63.68,0
2026-08-25 10:00:00,462.4,18.0,62.59,0
2026-08-25 10:30:00,465.1,19.6,63.4,0
2026-08-25 11:00:00,454.6,19.86,65.21,0
2026-08-25 11:30:00,464.2,20.2,61.16,0
2026-08-25 12:00:00,455.2,19.79,64.39,0
2026-08-25 12:30:00,464.2,20.4,59.87,0
2026-08-25 13:00:00,462.6,21.81,64.32,0
2026-08-25 13:30:00,459.9,20.89,60.37,0
2026-08-25 14:00:00,468.1,21.72,60.36,0
2026-08-25 14:30:00,461.8,21.96,60.18,0
2026-08-25 15:00:00,455.4,21.85,60.45,0
2026-08-25 15:30:00,,22.61,57.19,0
2026-08-25 16:00:00,456.7,22.62,58.65,0
2026-08-25 16:30:00,450.2,21.63,57.55,0
2026-08-25 17:00:00,473.0,22.38,58.43,0
2026-08-25 17:30:00,450.5,21.25,55.99,0
2026-08-25 18:00:00,466.7,21.25,54.1,0
2026-08-25 18:30:00,460.2,20.45,56.76,0
2026-08-25 19:00:00,458.7,20.78,54.5,0
2026-08-25 19:30:00,468.9,21.13,55.64,0
2026-08-25 20:00:00,450.0,20.75,54.51,0
2026-08-25 20:30:00,435.2,19.64,53.43,0
2026-08-25 21:00:00,439.7,18.83,51.38,0
2026-08-25 21:30:00,427.2,18.81,52.86,0
2026-08-25 22:00:00,460.7,18.6,51.36,0
2026-08-25 22:30:00,461.6,18.03,52.5,0
2026-08-25 23:00:00,455.4,18.39,50.43,0
2026-08-25 23:30:00,464.9,17.7,52.7,0
2026-08-26 00:00:00,451.6,17.34,54.53,0
2026-08-26 00:30:00,440.6,16.76,51.99,0
2026-08-26 01:00:00,450.1,16.62,52.47,0
2026-08-26 01:30:00,452.7,15.98,55.3,0
2026-08-26 02:00:00,443.9,16.6,53.0,0
2026-08-26 02:30:00,458.2,15.34,56.51,0
2026-08-26 03:00:00,-150.7780937957718,15.52,56.01,0
2026-08-26 03:30:00,471.3,14.69,56.71,0
2026-08-26 04:00:00,445.4,15.42,56.67,0
2026-08-26 04:30:00,467.6,16.51,60.98,0
2026-08-26 05:00:00,447.9,15.06,58.55,0
2026-08-26 05:30:00,455.1,16.36,61.25,0
2026-08-26 06:00:00,445.7,15.02,60.26,0
2026-08-26 06:30:00,441.7,15.05,59.57,0
2026-08-26 07:00:00,432.6,15.37,62.18,0
2026-08-26 07:30:00,454.3,15.8,62.44,0
2026-08-26 08:00:00,457.4,16.05,62.72,0
2026-08-26 08:30:00,459.6,18.04,64.42,0
2026-08-26 09:00:00,456.1,16.82,62.61,0
2026-08-26 09:30:00,466.6,17.63,70.25,0
2026-08-26 10:00:00,453.0,18.17,63.91,0
2026-08-26 10:30:00,467.3,18.58,64.74,0
2026-08-26 11:00:00,449.4,19.23,63.79,0
2026-08-26 11:30:00,449.6,20.53,63.42,0
2026-08-26 12:00:00,463.6,19.87,64.24,0
2026-08-26 12:30:00,451.4,20.87,64.03,0
2026-08-26 13:00:00,436.6,20.49,62.97,0
2026-08-26 13:30:00,420.4,20.94,61.37,0
2026-08-26 14:00:00,461.2,22.1,61.0,0
2026-08-26 14:30:00,468.1,22.28,60.04,0
2026-08-26 15:00:00,455.7,22.3,63.37,0
2026-08-26 15:30:00,458.5,22.45,59.86,0
2026-08-26 16:00:00,463.3,22.62,54.36,0
2026-08-26 16:30:00,438.9,22.29,54.74,0
2026-08-26 17:00:00,448.9,22.0,56.52,0
2026-08-26 17:30:00,454.6,21.43,55.44,0
2026-08-26 18:00:00,489.8,21.5,55.35,0
2026-08-26 18:30:00,445.5,21.95,56.97,0
2026-08-26 19:00:00,472.7,20.79,51.96,0
2026-08-26 19:30:00,458.8,21.19,52.44,0
2026-08-26 20:00:00,438.5,20.35,53.34,0
2026-08-26 20:30:00,460.0,19.97,50.46,0
2026-08-26 21:00:00,449.7,19.74,54.13,0
2026-08-26 21:30:00,426.8,18.81,49.84,0
2026-08-26 22:00:00,465.5,18.67,51.91,0
2026-08-26 22:30:00,465.9,18.6,53.4,0
2026-08-26 23:00:00,475.9,18.98,55.08,0
2026-08-26 23:30:00,481.0,17.4,52.31,0
2026-08-27 00:00:00,473.6,16.67,50.97,0
2026-08-27 00:30:00,482.1,16.91,54.01,0
2026-08-27 01:00:00,464.6,16.26,54.26,0
2026-08-27 01:30:00,441.1,16.65,56.59,0
2026-08-27 02:00:00,452.9,14.96,54.83,0
2026-08-27 02:30:00,461.2,15.0,57.62,0
2026-08-27 03:00:00,447.5,15.34,55.29,0
2026-08-27 03:30:00,462.5,14.4,56.38,0
2026-08-27 04:00:00,469.3,16.16,57.6,0
2026-08-27 04:30:00,464.0,14.89,60.48,0
2026-08-27 05:00:00,466.7,15.66,57.5,0
2026-08-27 05:30:00,456.7,15.26,57.56,0
2026-08-27 06:00:00,486.7,15.61,61.5,0
2026-08-27 06:30:00,467.3,16.02,61.31,0
2026-08-27 07:00:00,468.9,16.47,64.87,0
2026-08-27 07:30:00,450.0,16.57,66.0,0
2026-08-27 08:00:00,463.1,17.32,63.88,0
2026-08-27 08:30:00,442.6,16.67,63.49,0
2026-08-27 09:00:00,452.6,18.01,63.75,0
2026-08-27 09:30:00,485.0,18.76,64.78,0
2026-08-27 10:00:00,472.9,19.12,63.22,0
2026-08-27 10:30:00,473.1,18.86,62.6,0
2026-08-27 11:00:00,458.3,18.59,64.53,0
2026-08-27 11:30:00,470.6,19.38,63.19,0
2026-08-27 12:00:00,457.9,21.59,63.08,0
2026-08-27 12:30:00,469.6,19.18,57.4,0
2026-08-27 13:00:00,483.3,21.73,61.16,0
2026-08-27 13:30:00,492.3,22.88,61.78,0
2026-08-27 14:00:00,489.5,22.39,62.36,0
2026-08-27 14:30:00,472.1,22.31,58.68,0
2026-08-27 15:00:00,479.7,22.08,59.67,0
2026-08-27 15:30:00,487.3,22.46,60.6,0
2026-08-27 16:00:00,469.9,22.19,56.59,0
2026-08-27 16:30:00,484.9,21.28,57.28,0
2026-08-27 17:00:00,482.3,21.64,54.59,0
2026-08-27 17:30:00,462.3,21.63,56.7,0
2026-08-27 18:00:00,490.9,21.01,51.32,0
2026-08-27 18:30:00,475.2,21.58,54.13,0
2026-08-27 19:00:00,479.3,21.02,54.01,0
2026-08-27 19:30:00,474.3,20.44,53.29,0
2026-08-27 20:00:00,474.3,19.96,49.53,0
2026-08-27 20:30:00,469.7,20.67,50.68,0
2026-08-27 21:00:00,461.3,19.88,53.58,0
2026-08-27 21:30:00,489.2,20.38,53.83,0
2026-08-27 22:00:00,462.8,18.06,51.8,0
2026-08-27 22:30:00,492.9,18.37,50.9,0
2026-08-27 23:00:00,492.8,18.41,54.02,0
2026-08-27 23:30:00,487.4,17.04,51.52,0
2026-08-28 00:00:00,503.5,16.45,51.52,0
2026-08-28 00:30:00,481.2,17.34,53.9,0
2026-08-28 01:00:00,503.5,16.88,57.86,0
2026-08-28 01:30:00,499.7,15.97,55.18,0
2026-08-28 02:00:00,487.3,16.19,55.15,0
2026-08-28 02:30:00,493.0,15.9,57.18,0
2026-08-28 03:00:00,489.5,15.03,55.57,0
2026-08-28 03:30:00,499.5,15.41,60.15,0
2026-08-28 04:00:00,496.8,15.79,57.64,0
2026-08-28 04:30:00,490.4,14.66,60.24,0
2026-08-28 05:00:00,502.7,15.74,62.01,0
2026-08-28 05:30:00,501.6,15.21,58.6,0
2026-08-28 06:00:00,519.9,16.07,59.18,0
2026-08-28 06:30:00,522.2,16.04,61.72,0
2026-08-28 07:00:00,512.5,15.87,66.0,0
2026-08-28 07:30:00,495.2,15.8,63.15,0
2026-08-28 08:00:00,508.2,17.77,64.71,0
2026-08-28 08:30:00,511.8,17.52,60.35,0
2026-08-28 09:00:00,506.7,17.44,65.76,0
2026-08-28 09:30:00,500.9,18.52,64.8,0
2026-08-28 10:00:00,514.7,18.97,65.91,0
2026-08-28 10:30:00,514.1,18.26,64.3,0
2026-08-28 11:00:00,520.8,20.28,65.27,0
2026-08-28 11:30:00,529.4,20.57,63.94,0
2026-08-28 12:00:00,512.0,20.26,61.63,0
2026-08-28 12:30:00,510.8,21.13,66.44,0
2026-08-28 13:00:00,503.9,21.64,62.3,0
2026-08-28 13:30:00,525.7,22.2,61.63,0
2026-08-28 14:00:00,533.8,22.11,62.4,0
2026-08-28 14:30:00,545.0,21.83,57.29,0
2026-08-28 15:00:00,532.9,21.93,58.76,0
2026-08-28 15:30:00,531.1,21.9,60.64,0
2026-08-28 16:00:00,523.0,22.7,58.98,0
2026-08-28 16:30:00,531.0,23.26,58.13,0
2026-08-28 17:00:00,527.1,21.13,56.44,0
2026-08-28 17:30:00,532.0,22.42,54.93,0
2026-08-28 18:00:00,531.3,20.68,56.21,0
2026-08-28 18:30:00,537.7,22.25,55.86,0
2026-08-28 19:00:00,527.3,21.81,51.74,0
2026-08-28 19:30:00,568.9,21.06,50.6,0
2026-08-28 20:00:00,551.6,20.06,53.95,0
2026-08-28 20:30:00,547.9,21.89,53.4,0
2026-08-28 21:00:00,536.7,20.1,52.1,0
2026-08-28 21:30:00,545.8,20.01,57.15,0
2026-08-28 22:00:00,557.4,18.9,53.56,0
2026-08-28 22:30:00,552.5,19.22,49.96,0
2026-08-28 23:00:00,562.1,18.41,50.23,0
2026-08-28 23:30:00,572.6,18.2,52.32,0
2026-08-29 00:00:00,551.3,16.29,50.19,0
2026-08-29 00:30:00,538.4,16.5,51.31,0
2026-08-29 01:00:00,556.9,15.6,56.69,0
2026-08-29 01:30:00,563.9,16.39,53.96,0
2026-08-29 02:00:00,572.9,14.98,56.71,0
2026-08-29 02:30:00,588.4,16.58,56.44,0
2026-08-29 03:00:00,581.1,16.58,56.18,0
2026-08-29 03:30:00,579.1,16.04,58.51,0
2026-08-29 04:00:00,561.1,15.2,57.59,0
2026-08-29 04:30:00,590.8,16.4,58.73,0
2026-08-29 05:00:00,573.3,16.12,60.25,0
2026-08-29 05:30:00,590.3,16.05,59.67,0
2026-08-29 06:00:00,579.0,17.07,63.06,0
2026-08-29 06:30:00,585.6,16.63,61.95,0
2026-08-29 07:00:00,575.2,16.7,65.16,0
2026-08-29 07:30:00,588.2,16.45,60.92,0
2026-08-29 08:00:00,581.2,17.81,60.34,0
2026-08-29 08:30:00,580.2,18.43,62.53,0
2026-08-29 09:00:00,600.8,18.25,67.05,0
2026-08-29 09:30:00,631.7,18.71,61.09,0
2026-08-29 10:00:00,597.8,19.09,66.72,0
2026-08-29 10:30:00,596.7,20.61,63.42,0
2026-08-29 11:00:00,594.1,19.77,64.16,0
2026-08-29 11:30:00,613.9,21.98,62.51,0
2026-08-29 12:00:00,616.9,22.33,65.91,0
2026-08-29 12:30:00,613.9,21.68,63.51,0
2026-08-29 13:00:00,611.5,22.34,63.28,0
2026-08-29 13:30:00,621.7,21.8,62.65,0
2026-08-29 14:00:00,611.4,22.8,60.91,0
2026-08-29 14:30:00,610.2,24.45,58.98,0
2026-08-29 15:00:00,637.7,22.2,61.16,0
2026-08-29 15:30:00,607.1,22.95,63.41,0
2026-08-29 16:00:00,635.0,23.72,57.84,0
2026-08-29 16:30:00,-189.00193892895538,23.67,58.32,0
2026-08-29 17:00:00,639.6,23.02,55.52,0
2026-08-29 17:30:00,,22.12,53.98,0
2026-08-29 18:00:00,661.6,23.37,55.24,0
2026-08-29 18:30:00,652.5,23.2,53.92,0
2026-08-29 19:00:00,641.3,21.27,51.96,0
2026-08-29 19:30:00,644.1,22.04,55.07,0
2026-08-29 20:00:00,646.3,22.0,54.58,0
2026-08-29 20:30:00,635.9,21.54,50.61,0
2026-08-29 21:00:00,644.8,20.7,51.88,0
2026-08-29 21:30:00,643.3,19.98,50.54,0
2026-08-29 22:00:00,675.5,19.41,53.14,0
2026-08-29 22:30:00,647.9,18.7,49.71,0
2026-08-29 23:00:00,677.3,19.16,55.65,0
2026-08-29 23:30:00,682.6,17.45,48.96,0
2026-08-30 00:00:00,669.2,17.93,53.62,0
2026-08-30 00:30:00,664.6,17.34,52.3,0
2026-08-30 01:00:00,650.5,17.0,56.77,0
2026-08-30 01:30:00,671.2,15.97,51.55,0
2026-08-30 02:00:00,671.5,16.5,58.05,0
2026-08-30 02:30:00,663.1,17.5,55.98,0
2026-08-30 03:00:00,678.1,16.35,57.02,0
2026-08-30 03:30:00,667.8,16.3,55.63,0
2026-08-30 04:00:00,682.3,16.42,60.59,0
2026-08-30 04:30:00,687.0,17.18,57.61,0
2026-08-30 05:00:00,724.2,16.67,57.15,0
2026-08-30 05:30:00,681.2,16.64,62.39,0
2026-08-30 06:00:00,696.3,17.14,59.45,0
2026-08-30 06:30:00,686.9,17.04,61.42,0
2026-08-30 07:00:00,715.8,17.45,62.56,0
2026-08-30 07:30:00,708.0,19.01,62.6,0
2026-08-30 08:00:00,703.7,19.04,63.48,0
2026-08-30 08:30:00,687.5,18.35,64.3,0
2026-08-30 09:00:00,730.8,20.54,64.64,0
2026-08-30 09:30:00,698.3,20.76,63.85,0
2026-08-30 10:00:00,704.7,20.42,66.08,0
2026-08-30 10:30:00,729.0,20.88,64.94,0
2026-08-30 11:00:00,712.8,21.47,65.3,0
2026-08-30 11:30:00,726.7,23.3,63.99,0
2026-08-30 12:00:00,741.6,21.79,63.76,0
2026-08-30 12:30:00,732.0,22.79,64.74,0
2026-08-30 13:00:00,750.8,23.3,60.17,0
2026-08-30 13:30:00,742.0,24.36,59.15,0
2026-08-30 14:00:00,738.7,22.83,61.11,0
2026-08-30 14:30:00,750.2,23.5,60.17,0
2026-08-30 15:00:00,752.9,24.02,57.42,0
2026-08-30 15:30:00,773.5,23.86,58.84,0
2026-08-30 16:00:00,763.0,23.95,56.3,0
2026-08-30 16:30:00,760.3,23.41,57.55,0
2026-08-30 17:00:00,769.0,23.9,57.23,0
2026-08-30 17:30:00,772.1,23.93,54.32,0
2026-08-30 18:00:00,806.5,23.0,56.51,0
2026-08-30 18:30:00,775.7,23.34,53.42,0
2026-08-30 19:00:00,773.3,23.04,55.07,0
2026-08-30 19:30:00,796.8,22.35,54.99,0
2026-08-30 20:00:00,797.5,22.26,54.52,0
2026-08-30 20:30:00,801.0,20.77,52.71,0
2026-08-30 21:00:00,776.6,20.97,52.71,0
2026-08-30 21:30:00,813.5,21.19,51.53,0
2026-08-30 22:00:00,807.5,20.42,53.24,0
2026-08-30 22:30:00,812.5,20.73,52.61,0
2026-08-30 23:00:00,819.5,19.76,54.56,0
2026-08-30 23:30:00,810.7,20.14,52.22,0
2026-08-31 00:00:00,813.9,18.92,51.36,0
2026-08-31 00:30:00,817.9,18.71,52.83,0
2026-08-31 01:00:00,820.5,19.25,55.82,0
2026-08-31 01:30:00,820.9,16.63,53.75,0
2026-08-31 02:00:00,780.6,17.85,52.83,0
2026-08-31 02:30:00,800.3,17.5,57.52,0
2026-08-31 03:00:00,768.1,17.13,54.66,0
2026-08-31 03:30:00,787.1,17.2,57.5,0
2026-08-31 04:00:00,786.7,17.18,57.79,0
2026-08-31 04:30:00,786.7,16.91,56.01,0
2026-08-31 05:00:00,781.2,17.3,56.58,0
2026-08-31 05:30:00,762.7,17.07,59.26,0
2026-08-31 06:00:00,776.3,17.94,63.13,0
2026-08-31 06:30:00,753.2,16.86,59.87,0
2026-08-31 07:00:00,751.4,17.44,63.09,0
2026-08-31 07:30:00,747.9,18.28,60.91,0
2026-08-31 08:00:00,736.9,18.78,63.86,0
2026-08-31 08:30:00,764.3,19.67,61.19,0
2026-08-31 09:00:00,732.0,19.23,64.39,0
2026-08-31 09:30:00,725.8,19.72,64.25,0
2026-08-31 10:00:00,736.8,19.75,64.24,0
2026-08-31 10:30:00,737.0,20.23,66.39,0
2026-08-31 11:00:00,757.0,21.84,62.48,0
2026-08-31 11:30:00,706.8,22.52,61.35,0
2026-08-31 12:00:00,701.8,20.7,64.57,0
2026-08-31 12:30:00,705.1,20.97,63.13,0
2026-08-31 13:00:00,692.2,22.46,63.35,0
2026-08-31 13:30:00,707.3,24.07,62.87,0
2026-08-31 14:00:00,704.5,24.33,61.89,0
2026-08-31 14:30:00,683.0,24.11,61.01,0
2026-08-31 15:00:00,689.9,23.41,60.19,0
2026-08-31 15:30:00,677.9,21.54,59.88,0
2026-08-31 16:00:00,702.1,23.76,59.21,0
2026-08-31 16:30:00,665.1,23.17,60.33,0
2026-08-31 17:00:00,673.7,23.5,58.58,0
2026-08-31 17:30:00,683.7,23.65,53.85,0
2026-08-31 18:00:00,652.9,22.19,54.35,0
2026-08-31 18:30:00,664.9,22.17,54.42,0
2026-08-31 19:00:00,677.6,21.58,51.81,0
2026-08-31 19:30:00,663.1,21.85,54.35,0
2026-08-31 20:00:00,680.1,21.3,52.35,0
2026-08-31 20:30:00,648.6,21.16,53.02,0
2026-08-31 21:00:00,625.7,21.0,51.09,0
2026-08-31 21:30:00,640.0,19.94,51.7,0
2026-08-31 22:00:00,623.7,19.75,50.63,0
2026-08-31 22:30:00,610.2,19.8,52.39,0
2026-08-31 23:00:00,602.1,19.99,52.96,0
2026-08-31 23:30:00,626.7,18.91,53.6,0
2026-09-01 00:00:00,627.2,18.78,53.28,0
2026-09-01 00:30:00,607.3,17.91,54.11,0
2026-09-01 01:00:00,603.1,17.06,52.92,0
2026-09-01 01:30:00,597.5,17.74,56.48,0
2026-09-01 02:00:00,610.7,16.97,54.32,0
2026-09-01 02:30:00,598.1,16.92,53.24,0
2026-09-01 03:00:00,600.6,16.08,55.61,0
2026-09-01 03:30:00,603.1,16.06,54.51,0
2026-09-01 04:00:00,595.0,15.88,60.45,0
2026-09-01 04:30:00,557.2,15.16,61.54,0
2026-09-01 05:00:00,587.9,16.23,58.97,0
2026-09-01 05:30:00,553.7,17.95,62.6,0
2026-09-01 06:00:00,547.6,15.49,61.2,0
2026-09-01 06:30:00,580.2,17.12,63.46,0
2026-09-01 07:00:00,563.4,16.36,59.75,0
2026-09-01 07:30:00,541.7,16.97,63.11,0
2026-09-01 08:00:00,550.7,17.87,62.67,0
2026-09-01 08:30:00,556.9,17.38,62.93,0
2026-09-01 09:00:00,536.5,17.93,64.22,0
2026-09-01 09:30:00,545.6,18.86,58.36,0
2026-09-01 10:00:00,535.4,18.95,63.88,0
2026-09-01 10:30:00,517.1,20.03,62.96,0
2026-09-01 11:00:00,523.4,21.48,64.3,0
2026-09-01 11:30:00,534.9,20.69,66.5,0
2026-09-01 12:00:00,517.9,20.8,63.48,0
2026-09-01 12:30:00,505.7,21.52,63.01,0
2026-09-01 13:00:00,491.6,21.52,62.46,0
2026-09-01 13:30:00,515.3,21.41,62.11,0
2026-09-01 14:00:00,512.2,21.63,60.78,0
2026-09-01 14:30:00,513.1,23.86,59.61,0
2026-09-01 15:00:00,499.8,21.81,57.79,0
2026-09-01 15:30:00,486.0,22.19,57.98,0
2026-09-01 16:00:00,495.4,22.4,58.7,0
2026-09-01 16:30:00,477.8,22.62,54.03,0
2026-09-01 17:00:00,467.7,22.38,54.6,0
2026-09-01 17:30:00,455.3,21.84,54.84,0
2026-09-01 18:00:00,474.0,22.55,56.06,0
2026-09-01 18:30:00,456.4,22.11,56.55,0
2026-09-01 19:00:00,449.8,20.3,55.03,0
2026-09-01 19:30:00,448.0,19.86,54.18,0
2026-09-01 20:00:00,449.6,20.64,51.79,0
2026-09-01 20:30:00,442.3,21.25,51.35,0
2026-09-01 21:00:00,438.7,19.93,53.55,0
2026-09-01 21:30:00,442.3,19.77,52.79,0
2026-09-01 22:00:00,438.1,17.89,51.25,0
2026-09-01 22:30:00,417.3,18.43,50.57,0
2026-09-01 23:00:00,425.9,17.53,51.37,0
2026-09-01 23:30:00,426.9,18.35,52.11,0
2026-09-02 00:00:00,443.2,16.67,54.14,0
2026-09-02 00:30:00,425.7,16.04,54.22,0
2026-09-02 01:00:00,401.0,16.07,53.11,0
2026-09-02 01:30:00,422.1,17.6,55.54,0
2026-09-02 02:00:00,445.5,16.07,56.29,0
2026-09-02 02:30:00,427.4,15.62,54.12,0
2026-09-02 03:00:00,435.9,14.84,56.13,0
2026-09-02 03:30:00,446.6,16.14,56.3,0
2026-09-02 04:00:00,426.0,14.99,54.79,0
2026-09-02 04:30:00,431.8,14.95,60.73,0
2026-09-02 05:00:00,417.6,15.53,56.41,0
2026-09-02 05:30:00,424.2,15.75,59.98,0
2026-09-02 06:00:00,432.4,15.21,61.43,0
2026-09-02 06:30:00,423.4,16.19,64.48,0
2026-09-02 07:00:00,421.2,16.23,61.91,0
2026-09-02 07:30:00,438.9,16.65,62.34,0
2026-09-02 08:00:00,424.3,17.78,61.79,0
2026-09-02 08:30:00,402.7,18.02,63.24,0
2026-09-02 09:00:00,427.1,17.2,64.42,0
2026-09-02 09:30:00,426.8,18.88,65.41,0
2026-09-02 10:00:00,403.5,18.92,64.17,0
2026-09-02 10:30:00,411.1,18.31,63.66,0
2026-09-02 11:00:00,413.4,20.02,64.39,0
2026-09-02 11:30:00,429.7,18.73,63.87,0
2026-09-02 12:00:00,413.4,20.37,62.47,0
2026-09-02 12:30:00,413.8,21.57,62.86,0
2026-09-02 13:00:00,407.0,20.93,62.18,0
2026-09-02 13:30:00,419.3,21.87,61.01,0
2026-09-02 14:00:00,407.7,21.93,61.62,0
2026-09-02 14:30:00,409.6,21.96,61.75,0
2026-09-02 15:00:00,421.1,22.33,58.78,0
2026-09-02 15:30:00,416.4,20.26,58.72,0
2026-09-02 16:00:00,400.0,22.38,56.88,0
2026-09-02 16:30:00,411.1,22.42,56.86,0
2026-09-02 17:00:00,403.1,21.74,55.5,0
2026-09-02 17:30:00,432.7,22.1,57.11,0
2026-09-02 18:00:00,417.8,21.9,53.34,0
2026-09-02 18:30:00,429.7,21.58,55.53,0
2026-09-02 19:00:00,443.2,21.97,53.92,0
2026-09-02 19:30:00,415.8,20.69,50.96,0
2026-09-02 20:00:00,418.0,19.67,51.45,0
2026-09-02 20:30:00,419.0,20.21,52.4,0
2026-09-02 21:00:00,430.7,20.28,50.05,0
2026-09-02 21:30:00,412.5,19.16,53.38,0
2026-09-02 22:00:00,411.8,19.05,53.57,0
2026-09-02 22:30:00,421.1,18.55,49.67,0
2026-09-02 23:00:00,421.5,16.58,52.79,0
2026-09-02 23:30:00,440.2,17.5,52.98,0
2026-09-03 00:00:00,442.7,16.51,54.22,0
2026-09-03 00:30:00,426.4,17.21,51.04,0
2026-09-03 01:00:00,433.8,16.43,53.56,0
2026-09-03 01:30:00,416.6,15.69,52.96,0
2026-09-03 02:00:00,428.2,15.93,53.66,0
2026-09-03 02:30:00,404.2,16.51,55.6,0
2026-09-03 03:00:00,408.6,15.28,56.98,0
2026-09-03 03:30:00,409.7,13.91,58.27,0
2026-09-03 04:00:00,432.4,14.47,56.3,0
2026-09-03 04:30:00,422.5,15.83,60.02,0
2026-09-03 05:00:00,431.4,14.42,60.72,0
2026-09-03 05:30:00,406.4,17.07,60.84,0
2026-09-03 06:00:00,443.2,15.16,60.96,0
2026-09-03 06:30:00,417.1,16.08,59.66,0
2026-09-03 07:00:00,451.5,16.41,61.69,0
2026-09-03 07:30:00,427.8,16.92,63.5,0
2026-09-03 08:00:00,424.5,17.8,61.12,0
2026-09-03 08:30:00,421.1,17.84,61.4,0
2026-09-03 09:00:00,426.4,17.2,63.91,0
2026-09-03 09:30:00,414.9,18.33,63.37,0
2026-09-03 10:00:00,419.6,18.67,61.81,0
2026-09-03 10:30:00,425.1,19.48,65.23,0
2026-09-03 11:00:00,435.4,19.36,62.85,0
2026-09-03 11:30:00,401.0,20.79,64.35,0
2026-09-03 12:00:00,439.9,20.42,63.45,0
2026-09-03 12:30:00,413.9,21.43,61.39,0
2026-09-03 13:00:00,416.8,21.35,60.12,0
2026-09-03 13:30:00,437.4,20.72,61.6,0
2026-09-03 14:00:00,407.6,21.65,60.96,0
2026-09-03 14:30:00,401.5,21.29,60.72,0
2026-09-03 15:00:00,402.9,21.87,58.76,0
2026-09-03 15:30:00,417.0,22.14,57.16,0
2026-09-03 16:00:00,418.0,22.15,57.29,0
2026-09-03 16:30:00,415.9,22.27,57.44,0
2026-09-03 17:00:00,424.7,21.89,56.37,0
2026-09-03 17:30:00,416.6,21.67,53.69,0
2026-09-03 18:00:00,423.6,21.93,55.74,0
2026-09-03 18:30:00,422.0,21.75,56.26,0
2026-09-03 19:00:00,440.3,21.59,54.09,0
2026-09-03 19:30:00,417.9,21.44,54.05,0
2026-09-03 20:00:00,410.2,21.79,52.54,0
2026-09-03 20:30:00,410.1,20.13,51.96,0
2026-09-03 21:00:00,420.8,20.11,53.85,0
2026-09-03 21:30:00,427.1,20.08,53.46,0
2026-09-03 22:00:00,409.6,18.44,49.5,0
2026-09-03 22:30:00,410.2,18.14,50.47,0
2026-09-03 23:00:00,436.0,18.78,51.36,0
2026-09-03 23:30:00,410.4,17.74,53.28,0
2026-09-04 00:00:00,416.5,16.38,52.73,0
2026-09-04 00:30:00,404.5,16.12,54.62,0
2026-09-04 01:00:00,429.0,15.54,54.83,0
2026-09-04 01:30:00,417.4,16.56,55.06,0
2026-09-04 02:00:00,443.0,16.55,52.22,0
2026-09-04 02:30:00,387.8,15.63,56.13,0
2026-09-04 03:00:00,425.9,15.33,54.26,0
2026-09-04 03:30:00,406.0,15.24,55.6,0
2026-09-04 04:00:00,419.1,15.72,55.58,0
2026-09-04 04:30:00,413.2,15.93,60.48,0
2026-09-04 05:00:00,415.4,16.83,57.6,0
2026-09-04 05:30:00,430.9,14.54,58.53,0
2026-09-04 06:00:00,417.4,15.19,60.82,0
2026-09-04 06:30:00,398.9,16.02,60.71,0
2026-09-04 07:00:00,414.2,16.06,64.64,0
2026-09-04 07:30:00,399.1,16.35,63.06,0
2026-09-04 08:00:00,418.5,17.3,63.36,0
2026-09-04 08:30:00,424.5,18.06,64.23,0
2026-09-04 09:00:00,416.6,18.25,63.44,0
2026-09-04 09:30:00,406.6,18.17,66.05,0
2026-09-04 10:00:00,412.2,19.02,64.83,0
2026-09-04 10:30:00,419.6,20.06,62.02,0
2026-09-04 11:00:00,404.9,20.79,62.46,0
2026-09-04 11:30:00,422.7,19.46,67.28,0
2026-09-04 12:00:00,430.2,20.92,63.16,0
2026-09-04 12:30:00,428.6,19.76,61.1,0
2026-09-04 13:00:00,420.9,20.96,63.21,0
2026-09-04 13:30:00,431.3,21.76,63.8,0
2026-09-04 14:00:00,406.5,21.07,59.8,0
2026-09-04 14:30:00,424.9,20.59,59.83,0
2026-09-04 15:00:00,407.3,21.59,58.86,0
2026-09-04 15:30:00,414.1,21.55,57.36,0
2026-09-04 16:00:00,390.5,22.16,57.63,0
2026-09-04 16:30:00,429.2,23.01,57.47,0
2026-09-04 17:00:00,407.1,20.82,55.64,0
2026-09-04 17:30:00,397.5,21.42,59.51,0
2026-09-04 18:00:00,414.3,21.84,56.51,0
2026-09-04 18:30:00,421.3,22.37,53.13,0
2026-09-04 19:00:00,405.1,20.49,56.48,0
2026-09-04 19:30:00,405.6,20.77,52.05,0
2026-09-04 20:00:00,423.9,19.48,52.92,0
2026-09-04 20:30:00,422.4,19.92,54.72,0
2026-09-04 21:00:00,404.6,19.69,51.3,0
2026-09-04 21:30:00,407.5,20.04,54.62,0
2026-09-04 22:00:00,391.3,19.3,52.13,0
2026-09-04 22:30:00,,19.28,53.21,0
2026-09-04 23:00:00,411.0,18.7,54.62,0
2026-09-04 23:30:00,432.5,16.78,51.49,0
2026-09-05 00:00:00,419.8,17.13,54.81,0
2026-09-05 00:30:00,418.4,17.83,52.71,0
2026-09-05 01:00:00,418.5,17.02,52.78,0
2026-09-05 01:30:00,401.9,16.31,52.42,0
2026-09-05 02:00:00,409.6,17.56,55.47,0
2026-09-05 02:30:00,399.5,16.08,57.32,0
2026-09-05 03:00:00,373.6,14.68,56.52,0
2026-09-05 03:30:00,412.9,15.51,56.54,0
2026-09-05 04:00:00,399.4,15.89,58.76,0
2026-09-05 04:30:00,418.2,16.54,56.08,0
2026-09-05 05:00:00,394.9,15.26,59.08,0
2026-09-05 05:30:00,431.0,16.74,58.28,0
2026-09-05 06:00:00,386.0,15.56,61.12,0
2026-09-05 06:30:00,425.4,16.32,60.84,0
2026-09-05 07:00:00,416.0,16.63,62.84,0
2026-09-05 07:30:00,414.1,16.69,63.45,0
2026-09-05 08:00:00,402.8,17.78,63.37,0
2026-09-05 08:30:00,409.8,17.01,62.04,0
2026-09-05 09:00:00,421.3,17.26,61.6,0
2026-09-05 09:30:00,407.8,19.8,62.05,0
2026-09-05 10:00:00,397.3,19.31,63.29,0
2024-08-04 10:30:00,414.6,19.36,62.94,0
2026-09-05 11:00:00,403.6,19.39,60.9,0
2026-09-05 11:30:00,416.8,19.68,64.22,0
2026-09-05 12:00:00,421.1,21.03,63.26,0
2026-09-05 12:30:00,410.8,20.77,64.52,0
2026-09-05 13:00:00,406.6,22.69,62.77,0
2026-09-05 13:30:00,409.3,21.02,63.18,0
2026-09-05 14:00:00,408.7,22.32,60.61,0
2026-09-05 14:30:00,414.9,22.21,61.36,0
2026-09-05 15:00:00,409.4,22.53,58.85,0
2026-09-05 15:30:00,401.5,22.44,57.97,0
2026-09-05 16:00:00,423.8,21.03,58.86,0
2026-09-05 16:30:00,408.7,22.34,58.99,0
2026-09-05 17:00:00,404.7,22.27,58.66,0
2026-09-05 17:30:00,397.6,23.07,54.01,0
2026-09-05 18:00:00,419.8,22.19,54.04,0
2026-09-05 18:30:00,408.5,22.45,55.2,0
2026-09-05 19:00:00,433.3,22.42,54.77,0
2026-09-05 19:30:00,401.1,20.98,53.53,0
2026-09-05 20:00:00,420.7,20.28,51.43,0
2026-09-05 20:30:00,401.4,20.03,55.49,0
2026-09-05 21:00:00,420.2,19.95,53.32,0
2026-09-05 21:30:00,427.5,19.72,50.07,0
2026-09-05 22:00:00,427.1,18.91,52.6,0
2025-10-05 22:30:00,401.7,18.63,48.76,0
2026-09-05 23:00:00,418.5,18.18,52.67,0
2026-09-05 23:30:00,415.1,18.38,51.65,0
2026-09-06 00:00:00,430.6,16.34,54.76,0
2026-09-06 00:30:00,407.1,16.56,51.57,0
2026-09-06 01:00:00,431.7,16.79,55.37,0
2026-09-06 01:30:00,416.9,16.12,53.47,0
2026-09-06 02:00:00,412.3,16.17,54.72,0
2026-09-06 02:30:00,418.4,15.56,53.36,0
2026-09-06 03:00:00,436.2,16.19,53.48,0
2026-09-06 03:30:00,411.1,16.56,57.56,0
2026-09-06 04:00:00,415.9,15.3,57.96,0
2026-09-06 04:30:00,432.5,16.23,59.28,0
2026-09-06 05:00:00,417.5,15.48,58.65,0
2026-09-06 05:30:00,402.3,15.99,62.28,0
2026-09-06 06:00:00,442.3,16.28,61.51,0
2026-09-06 06:30:00,427.7,16.39,60.54,0
2026-09-06 07:00:00,420.2,16.32,62.66,0
2026-09-06 07:30:00,421.5,18.01,64.02,0
2026-09-06 08:00:00,447.7,17.01,60.54,0
2026-09-06 08:30:00,419.6,17.84,61.39,0
2026-09-06 09:00:00,425.9,17.31,65.59,0
2026-09-06 09:30:00,451.5,18.36,62.57,0
2026-09-06 10:00:00,414.6,20.15,67.66,0
2026-09-06 10:30:00,445.0,18.71,66.11,0
2026-09-06 11:00:00,450.6,19.85,64.84,0
2026-09-06 11:30:00,422.5,20.47,62.48,0
2026-09-06 12:00:00,440.8,21.32,63.6,0
2026-09-06 12:30:00,413.7,21.47,59.89,0
2026-09-06 13:00:00,416.5,20.46,62.87,0
2026-09-06 13:30:00,423.9,21.71,62.84,0
2026-09-06 14:00:00,429.4,22.4,63.37,0
2026-09-06 14:30:00,429.3,22.42,62.16,0
2026-09-06 15:00:00,439.2,22.23,62.29,0
2026-09-06 15:30:00,430.9,23.2,59.73,0
2026-09-06 16:00:00,451.4,22.91,58.26,0
2026-09-06 16:30:00,449.9,22.9,59.7,0
2026-09-06 17:00:00,458.4,22.91,57.94,0
2026-09-06 17:30:00,458.4,23.25,56.47,0
2026-09-06 18:00:00,432.4,22.79,54.78,0
2026-09-06 18:30:00,464.2,22.35,54.89,0
2026-09-06 19:00:00,452.9,22.96,52.89,0
2026-09-06 19:30:00,424.5,22.14,53.7,0
2026-09-06 20:00:00,453.0,21.75,51.5,0
2026-09-06 20:30:00,432.6,21.1,51.04,0
2026-09-06 21:00:00,448.5,20.22,51.48,0
2026-09-06 21:30:00,453.3,20.03,51.23,0
2026-09-06 22:00:00,473.5,18.47,53.05,0
2026-09-06 22:30:00,465.7,19.44,50.94,0
2026-09-06 23:00:00,448.7,18.98,50.5,0
2026-09-06 23:30:00,462.5,17.6,54.94,0
2026-09-07 00:00:00,423.2,17.58,55.49,0
2026-09-07 00:30:00,447.9,17.65,55.9,0
2026-09-07 01:00:00,464.4,15.83,55.65,0
2026-09-07 01:30:00,447.8,16.26,55.84,0
2026-09-07 02:00:00,454.3,16.26,57.04,0
2026-09-07 02:30:00,451.1,16.35,51.17,0
2026-09-07 03:00:00,468.0,16.08,57.01,0
2026-09-07 03:30:00,439.7,15.69,56.29,0
2026-09-07 04:00:00,459.2,15.62,59.92,0
2026-09-07 04:30:00,466.3,15.45,58.47,0
2026-09-07 05:00:00,462.4,15.71,60.27,0
2026-09-07 05:30:00,465.8,15.93,61.06,0
2026-09-07 06:00:00,470.4,16.09,63.14,0
2026-09-07 06:30:00,451.4,17.04,59.52,0
2026-09-07 07:00:00,483.6,17.6,62.01,0
2026-09-07 07:30:00,462.1,17.99,65.2,0
2026-09-07 08:00:00,478.7,17.2,63.31,0
2026-09-07 08:30:00,478.1,18.22,66.23,0
2026-09-07 09:00:00,477.7,18.97,65.6,0
2026-09-07 09:30:00,477.1,18.9,62.65,0
2026-09-07 10:00:00,490.3,19.4,62.74,0
2026-09-07 10:30:00,497.8,19.45,64.6,0
2026-09-07 11:00:00,480.3,20.2,63.74,0
2026-09-07 11:30:00,484.8,21.01,64.24,0
2026-09-07 12:00:00,456.0,22.01,62.12,0
2026-09-07 12:30:00,483.0,21.52,61.89,0
2026-09-07 13:00:00,475.1,21.41,60.86,0
2026-09-07 13:30:00,501.7,22.24,62.73,0
2026-09-07 14:00:00,496.4,24.29,59.34,0
2026-09-07 14:30:00,492.6,23.65,62.75,0
2026-09-07 15:00:00,505.0,23.87,60.03,0
2026-09-07 15:30:00,494.0,24.27,55.68,0
2026-09-07 16:00:00,496.2,23.13,57.79,0
2026-09-07 16:30:00,499.9,22.67,58.46,0
2026-09-07 17:00:00,519.5,22.49,56.19,0
2026-09-07 17:30:00,493.7,23.14,55.78,0
2026-09-07 18:00:00,485.9,23.27,58.83,0
2026-09-07 18:30:00,-281.3456388171712,22.17,53.88,0
2026-09-07 19:00:00,520.5,22.81,52.87,0
2026-09-07 19:30:00,505.0,22.83,51.5,0
2026-09-07 20:00:00,484.0,21.65,53.08,0
2026-09-07 20:30:00,530.2,20.63,51.19,0
2026-09-07 21:00:00,539.1,22.3,53.37,0
2026-09-07 21:30:00,499.5,20.29,50.63,0
2026-09-07 22:00:00,510.0,19.17,50.05,0
2026-09-07 22:30:00,513.6,20.47,54.07,0
2026-09-07 23:00:00,535.3,18.51,51.72,0
2026-09-07 23:30:00,528.7,18.05,52.95,0
2026-09-08 00:00:00,520.1,19.17,54.28,0
2026-09-08 00:30:00,542.2,17.99,54.19,0
2026-09-08 01:00:00,541.3,17.58,53.14,0
2026-09-08 01:30:00,515.5,16.28,53.85,0
2026-09-08 02:00:00,543.4,17.12,53.59,0
2026-09-08 02:30:00,548.1,16.56,55.76,0
2026-09-08 03:00:00,535.1,16.37,57.54,0
2026-09-08 03:30:00,546.8,16.58,57.0,0
2026-09-08 04:00:00,568.4,17.21,61.14,0
2026-09-08 04:30:00,564.7,16.35,60.11,0
2026-09-08 05:00:00,541.3,16.49,58.91,0
2026-09-08 05:30:00,552.8,17.49,61.45,0
2026-09-08 06:00:00,559.5,17.84,60.3,0
2026-09-08 06:30:00,552.2,17.41,60.65,0
2026-09-08 07:00:00,572.2,17.75,60.37,0
2026-09-08 07:30:00,565.0,18.04,64.19,0
2026-09-08 08:00:00,557.5,18.3,62.42,0
2026-09-08 08:30:00,573.1,18.32,62.82,0
2026-09-08 09:00:00,560.8,19.4,64.26,0
2026-09-08 09:30:00,560.1,19.27,64.3,0
2026-09-08 10:00:00,574.7,20.81,63.71,0
2026-09-08 10:30:00,-66.88746255053815,20.13,65.8,0
2026-09-08 11:00:00,579.9,21.07,63.88,0
2026-09-08 11:30:00,594.9,20.7,64.48,0
2026-09-08 12:00:00,568.3,22.19,61.96,0
2026-09-08 12:30:00,587.1,22.48,64.64,0
2026-09-08 13:00:00,583.4,22.93,60.91,0
2026-09-08 13:30:00,593.9,23.74,61.78,0
2026-09-08 14:00:00,581.9,23.14,60.31,0
2026-09-08 14:30:00,609.8,22.95,60.57,0
2026-09-08 15:00:00,614.5,23.76,61.13,0
2026-09-08 15:30:00,590.8,23.36,59.87,0
2026-09-08 16:00:00,604.9,24.52,58.59,0
2026-09-08 16:30:00,609.6,23.52,55.0,0
2026-09-08 17:00:00,617.0,24.5,55.6,0
2026-09-08 17:30:00,609.8,23.61,60.89,0
2026-09-08 18:00:00,623.9,24.33,54.83,0
2026-09-08 18:30:00,622.9,23.32,52.67,0
2026-09-08 19:00:00,626.4,22.87,53.46,0
2026-09-08 19:30:00,631.8,23.46,52.22,0
2026-09-08 20:00:00,628.1,22.46,52.36,0
2026-09-08 20:30:00,630.1,20.18,50.76,0
2026-09-08 21:00:00,652.2,21.3,53.56,0
2026-09-08 21:30:00,650.5,20.94,53.64,0
2026-09-08 22:00:00,633.4,20.18,52.08,0
2026-09-08 22:30:00,642.9,21.38,53.1,0
2026-09-08 23:00:00,629.2,20.29,51.49,0
2026-09-08 23:30:00,672.8,19.05,52.9,0
2026-09-09 00:00:00,638.7,18.69,52.09,0
2026-09-09 00:30:00,670.4,18.88,54.34,0
2026-09-09 01:00:00,668.0,18.64,51.12,0
2026-09-09 01:30:00,658.0,18.81,54.36,0
2026-09-09 02:00:00,690.7,16.88,53.37,0
2026-09-09 02:30:00,677.0,17.95,56.05,0
2026-09-09 03:00:00,664.3,17.39,57.97,0
2026-09-09 03:30:00,671.9,17.56,58.76,0
2026-09-09 04:00:00,674.3,16.93,56.05,0
2026-09-09 04:30:00,677.3,16.49,59.0,0
2026-09-09 05:00:00,701.0,17.25,61.43,0
2026-09-09 05:30:00,683.0,19.05,58.92,0
2026-09-09 06:00:00,693.0,18.26,59.25,0
2026-09-09 06:30:00,690.6,16.91,62.63,0
2026-09-09 07:00:00,715.1,19.2,63.77,0
2026-09-09 07:30:00,706.4,18.18,60.12,0
2026-09-09 08:00:00,705.4,18.71,64.69,0
2026-09-09 08:30:00,716.3,20.76,61.5,0
2026-09-09 09:00:00,706.1,19.48,63.12,0
2026-09-09 09:30:00,715.4,20.49,64.05,0
2026-09-09 10:00:00,728.7,20.83,66.74,0
2026-09-09 10:30:00,757.2,20.77,65.7,0
2026-09-09 11:00:00,707.6,21.93,65.63,0
2026-09-09 11:30:00,737.3,23.03,64.15,0
2026-09-09 12:00:00,728.1,22.62,64.08,0
2026-09-09 12:30:00,732.9,23.34,62.16,0
2026-09-09 13:00:00,728.1,22.65,63.05,0
2026-09-09 13:30:00,755.0,23.66,60.83,0
2026-09-09 14:00:00,730.2,24.77,63.01,0
2026-09-09 14:30:00,755.1,23.49,59.27,0
2026-09-09 15:00:00,752.0,23.8,59.63,0
2026-09-09 15:30:00,750.0,25.87,61.37,0
2026-09-09 16:00:00,766.8,25.56,56.56,0
2026-09-09 16:30:00,779.4,25.28,56.37,0
2026-09-09 17:00:00,790.6,24.47,56.0,1
2026-09-09 17:30:00,768.3,24.87,55.88,1
2026-09-09 18:00:00,781.1,23.0,53.31,1
2026-09-09 18:30:00,795.2,24.3,54.06,1
2026-09-09 19:00:00,788.4,24.07,53.29,1
2026-09-09 19:30:00,799.5,23.67,52.56,1
2026-09-09 20:00:00,808.4,22.9,49.45,1
2026-09-09 20:30:00,799.0,23.05,51.67,1
2026-09-09 21:00:00,818.8,22.49,52.24,1
2026-09-09 21:30:00,825.2,22.52,55.11,1
2026-09-09 22:00:00,830.9,21.58,56.12,1
2026-09-09 22:30:00,824.1,20.05,51.28,1
2026-09-09 23:00:00,802.5,20.07,52.8,1
2026-09-09 23:30:00,826.4,20.13,52.48,1
2026-09-10 00:00:00,825.5,19.7,53.0,1
2026-09-10 00:30:00,835.8,18.84,50.53,1
2026-09-10 01:00:00,838.9,18.33,51.3,1
2026-09-10 01:30:00,827.8,19.35,53.45,1
2026-09-10 02:00:00,836.8,17.95,56.49,1
2026-09-10 02:30:00,857.7,18.19,56.06,1
2026-09-10 03:00:00,883.4,17.75,56.81,1
2026-09-10 03:30:00,872.7,17.12,56.92,1
2026-09-10 04:00:00,873.0,17.86,56.57,1
2026-09-10 04:30:00,878.6,17.14,58.67,1
2026-09-10 05:00:00,891.1,18.69,59.98,1
2026-09-10 05:30:00,886.4,18.7,62.64,1
2026-09-10 06:00:00,890.4,18.83,62.35,1
2026-09-10 06:30:00,870.3,18.89,63.65,1
2026-09-10 07:00:00,893.6,19.32,62.63,1
2026-09-10 07:30:00,882.3,19.84,62.02,1
2026-09-10 08:00:00,904.7,20.47,61.61,1
2026-09-10 08:30:00,920.9,20.4,64.3,1
2026-09-10 09:00:00,889.2,21.78,63.89,1
2026-09-10 09:30:00,939.5,21.16,65.19,1
2026-09-10 10:00:00,913.3,22.32,60.78,1
2026-09-10 10:30:00,924.4,22.62,63.12,1
2026-09-10 11:00:00,939.6,23.04,60.94,1
2026-09-10 11:30:00,951.2,23.56,62.71,1
2026-09-10 12:00:00,952.8,23.28,62.61,1
2026-09-10 12:30:00,952.5,24.45,60.01,1
2026-09-10 13:00:00,,24.08,63.37,1
2026-09-10 13:30:00,957.9,24.72,61.6,1
2026-09-10 14:00:00,962.2,25.69,61.08,1
2026-09-10 14:30:00,986.7,25.34,59.93,1
2026-09-10 15:00:00,941.2,24.22,58.18,1
2026-09-10 15:30:00,981.1,25.66,59.08,1
2026-09-10 16:00:00,968.9,26.0,57.76,1
2026-09-10 16:30:00,1007.6,25.75,55.18,1
2026-09-10 17:00:00,992.5,25.96,54.14,1
2026-09-10 17:30:00,989.9,25.35,57.11,1
2026-09-10 18:00:00,1000.6,25.48,53.66,1
2026-09-10 18:30:00,989.6,25.03,51.87,1
2026-09-10 19:00:00,1017.6,23.78,53.75,1
2026-09-10 19:30:00,1013.0,25.6,53.01,1
2026-09-10 20:00:00,1034.4,24.4,52.35,1
2026-09-10 20:30:00,1015.3,23.3,51.36,1
2026-09-10 21:00:00,1056.6,22.26,52.96,1
2026-09-10 21:30:00,1060.7,22.99,50.54,1
2026-09-10 22:00:00,1061.7,22.93,53.6,1
2026-09-10 22:30:00,1078.1,21.93,51.93,1
2026-09-10 23:00:00,1056.4,21.6,52.38,1
2026-09-10 23:30:00,1059.9,20.2,50.27,1
2026-09-11 00:00:00,1081.6,20.55,52.73,1
2026-09-11 00:30:00,1065.0,20.95,51.04,1
2026-09-11 01:00:00,1083.7,20.08,52.94,1
2026-09-11 01:30:00,1092.7,19.72,54.12,1
2026-09-11 02:00:00,1103.4,19.44,52.25,1
2026-09-11 02:30:00,1105.4,18.49,55.58,1
2026-09-11 03:00:00,1098.2,19.43,58.18,1
2026-09-11 03:30:00,1122.4,18.53,58.38,1
2026-09-11 04:00:00,1123.1,19.64,60.02,1
2026-09-11 04:30:00,1136.7,19.05,59.39,1
2026-09-11 05:00:00,1140.0,19.98,62.07,1
2026-09-11 05:30:00,1130.0,19.54,59.65,1
2026-09-11 06:00:00,1104.7,19.73,59.37,1
2026-09-11 06:30:00,1136.2,20.21,59.61,1
2026-09-11 07:00:00,1123.1,20.59,61.58,1
2026-09-11 07:30:00,1161.1,22.27,64.99,1
2026-09-11 08:00:00,1168.4,20.78,62.75,1
2026-09-11 08:30:00,1177.9,20.83,63.71,1
2026-09-11 09:00:00,1167.2,21.81,65.44,1
2026-09-11 09:30:00,1179.8,22.82,65.29,1
2026-09-11 10:00:00,1193.2,22.13,63.21,1
2026-09-11 10:30:00,1177.7,24.55,62.66,1
2026-09-11 11:00:00,,23.89,60.21,1
2026-09-11 11:30:00,1202.3,24.41,63.45,1
2026-09-11 12:00:00,,24.97,63.39,1
2026-09-11 12:30:00,1197.0,26.31,59.72,1
2026-09-11 13:00:00,1227.6,26.81,60.74,1
2026-09-11 13:30:00,1223.7,26.24,60.78,1
2026-09-11 14:00:00,1241.0,26.46,60.22,1
2026-09-11 14:30:00,1230.3,26.19,59.29,1
2026-09-11 15:00:00,1242.8,26.99,59.99,1
2026-09-11 15:30:00,1283.7,26.53,60.31,1
2026-09-11 16:00:00,1259.1,26.27,60.14,1
2026-09-11 16:30:00,1255.3,27.13,58.22,1
2026-09-11 17:00:00,1279.9,27.23,53.81,1
2026-09-11 17:30:00,1288.8,27.34,54.92,1
2026-09-11 18:00:00,1281.9,27.13,55.29,1
2026-09-11 18:30:00,1286.7,26.62,55.68,1
2026-09-11 19:00:00,1302.2,25.32,54.79,1
2026-09-11 19:30:00,1327.2,24.4,53.43,1
2026-09-11 20:00:00,1320.7,25.73,51.92,1
2026-09-11 20:30:00,1316.2,24.92,53.61,1
2026-09-11 21:00:00,1328.5,24.46,51.54,1
2026-09-11 21:30:00,1347.7,25.38,50.79,1
2026-09-11 22:00:00,1341.3,23.07,53.06,1
2026-09-11 22:30:00,1345.1,22.6,52.87,1
2026-09-11 23:00:00,1362.7,22.23,51.0,1
2026-09-11 23:30:00,1368.4,23.0,53.12,1
2026-09-12 00:00:00,1353.7,21.86,55.03,1
2026-09-12 00:30:00,1373.8,21.78,53.77,1
2026-09-12 01:00:00,1339.9,20.9,54.43,1
2026-09-12 01:30:00,1328.6,20.73,52.45,1
2026-09-12 02:00:00,1324.1,21.2,51.82,1
2026-09-12 02:30:00,1307.7,21.05,54.51,1
2026-09-12 03:00:00,1309.7,20.83,54.94,1
2026-09-12 03:30:00,1289.3,20.22,58.35,1
2026-09-12 04:00:00,1274.5,19.66,58.54,1
2026-09-12 04:30:00,1299.0,18.79,57.62,1
2026-09-12 05:00:00,1257.6,20.14,60.59,1
2026-09-12 05:30:00,1248.4,19.43,63.35,1
2026-09-12 06:00:00,1253.1,20.51,59.23,1
2026-09-12 06:30:00,1229.2,20.8,64.33,1
2026-09-12 07:00:00,1223.8,19.83,61.54,1
2026-09-12 07:30:00,1207.2,21.16,61.32,1
2026-09-12 08:00:00,1218.8,21.71,65.17,1
2026-09-12 08:30:00,1194.8,21.76,64.56,1
2026-09-12 09:00:00,1187.5,21.51,64.7,1
2026-09-12 09:30:00,1160.0,23.52,63.81,1
2026-09-12 10:00:00,1161.4,24.02,66.26,1
2026-09-12 10:30:00,1163.8,23.36,65.53,1
2026-09-12 11:00:00,1149.1,23.5,65.21,1
2026-09-12 11:30:00,1116.7,23.36,64.48,1
2026-09-12 12:00:00,1118.6,25.09,61.11,1
2026-09-12 12:30:00,1102.8,25.11,62.58,1
2026-09-12 13:00:00,1110.4,25.2,66.48,1
2026-09-12 13:30:00,1089.3,24.8,60.15,1
2026-09-12 14:00:00,1074.0,25.92,63.72,1
2026-09-12 14:30:00,1070.7,26.19,59.24,1
2026-09-12 15:00:00,1048.7,24.92,60.37,1
2026-09-12 15:30:00,1056.2,26.28,60.31,1
2026-09-12 16:00:00,1061.2,26.37,57.06,1
2026-09-12 16:30:00,1012.8,24.14,57.52,1
2026-09-12 17:00:00,1030.6,25.79,53.71,1
2026-09-12 17:30:00,1028.2,24.91,53.43,1
2026-09-12 18:00:00,994.9,25.79,57.19,0
2026-09-12 18:30:00,992.4,24.21,53.17,0
2026-09-12 19:00:00,988.5,24.0,51.18,0
2026-09-12 19:30:00,2939.7,24.65,54.54,0
2026-09-12 20:00:00,3081.7,25.1,52.99,0
2026-09-12 20:30:00,2891.6,21.85,53.39,0
2026-09-12 21:00:00,3122.7,22.2,52.71,0
2026-09-12 21:30:00,3179.4,23.18,54.72,0
2026-09-12 22:00:00,3035.4,21.29,50.27,0
2026-09-12 22:30:00,2344.9,20.75,52.21,0
2026-09-12 23:00:00,3169.1,21.28,53.76,0
2026-09-12 23:30:00,2795.5,21.05,55.49,0
2026-09-13 00:00:00,2542.1,21.74,53.77,0
2026-09-13 00:30:00,2692.8,19.37,56.54,0
2026-09-13 01:00:00,866.4,19.93,55.64,0
2026-09-13 01:30:00,855.0,18.08,53.57,0
2026-09-13 02:00:00,836.4,17.68,56.55,0
2026-09-13 02:30:00,832.5,18.32,54.62,0
2026-09-13 03:00:00,820.2,17.27,55.65,0
2026-09-13 03:30:00,813.4,17.61,56.72,0
2026-09-13 04:00:00,792.2,17.34,58.85,0
2026-09-13 04:30:00,797.8,17.86,60.14,0
2026-09-13 05:00:00,796.6,17.0,60.63,0
2026-09-13 05:30:00,772.7,18.31,59.08,0
2026-09-13 06:00:00,790.2,18.1,62.1,0
2026-09-13 06:30:00,763.0,18.44,64.62,0
2026-09-13 07:00:00,734.8,16.73,64.83,0
2026-09-13 07:30:00,728.3,19.02,63.76,0
2026-09-13 08:00:00,720.9,18.99,61.86,0
2026-09-13 08:30:00,715.3,19.75,62.63,0
2026-09-13 09:00:00,680.6,20.43,61.33,0
2026-09-13 09:30:00,693.2,19.8,64.45,0
2026-09-13 10:00:00,699.0,20.47,64.54,0
2026-09-13 10:30:00,680.3,20.77,66.66,0
2026-09-13 11:00:00,656.4,21.7,64.43,0
2026-09-13 11:30:00,666.1,21.14,63.04,0
2026-09-13 12:00:00,648.3,21.39,60.13,0
2026-09-13 12:30:00,632.7,22.15,62.17,0
2026-09-13 13:00:00,634.6,22.97,58.33,0
2026-09-13 13:30:00,625.1,23.42,60.38,0
2026-09-13 14:00:00,599.7,24.0,59.8,0
2026-09-13 14:30:00,599.9,24.11,57.98,0
2026-09-13 15:00:00,588.4,24.63,59.31,0
2026-09-13 15:30:00,575.1,23.96,60.63,0
2026-09-13 16:00:00,598.4,23.5,58.18,0
2026-09-13 16:30:00,559.3,23.3,53.94,0
2026-09-13 17:00:00,534.9,22.56,57.93,0
2026-09-13 17:30:00,547.2,22.46,57.08,0
2026-09-13 18:00:00,540.5,22.87,54.3,0
2026-09-13 18:30:00,521.4,22.33,55.33,0
2026-09-13 19:00:00,513.7,22.84,51.89,0
2026-09-13 19:30:00,507.1,21.88,53.1,0
2026-09-13 20:00:00,484.1,20.26,51.62,0
2026-09-13 20:30:00,474.5,20.58,51.21,0
2026-09-13 21:00:00,466.2,21.66,50.99,0
2026-09-13 21:30:00,443.4,19.94,54.5,0
2026-09-13 22:00:00,438.2,19.83,48.51,0
2026-09-13 22:30:00,444.6,18.41,51.92,0
2026-09-13 23:00:00,441.3,18.51,53.59,0
2026-09-13 23:30:00,410.3,17.36,51.64,0
2026-09-14 00:00:00,410.5,16.98,53.13,0
2026-09-14 00:30:00,420.6,18.41,54.27,0
2025-04-22 01:00:00,400.1,16.87,53.21,0
2026-09-14 01:30:00,408.0,17.06,56.37,0
2026-09-14 02:00:00,419.6,16.4,55.29,0
2026-09-14 02:30:00,430.1,15.47,56.77,0
2026-09-14 03:00:00,421.6,16.52,57.87,0
2026-09-14 03:30:00,420.2,15.83,59.13,0
2026-09-14 04:00:00,388.2,17.25,58.1,0
2026-09-14 04:30:00,428.0,16.06,57.17,0
2026-09-14 05:00:00,412.6,15.46,58.81,0
2026-09-14 05:30:00,424.4,15.83,59.88,0
2026-09-14 06:00:00,419.8,16.32,62.11,0
2026-09-14 06:30:00,431.4,16.67,61.94,0
2026-09-14 07:00:00,426.1,18.0,62.01,0
2026-09-14 07:30:00,413.6,18.41,65.13,0
2026-09-14 08:00:00,423.2,18.58,61.04,0
2026-09-14 08:30:00,426.4,16.8,64.4,0
2026-09-14 09:00:00,435.5,17.68,62.24,0
2026-09-14 09:30:00,431.0,18.87,64.84,0
2026-09-14 10:00:00,400.9,19.22,63.58,0
2026-09-14 10:30:00,440.5,19.27,67.02,0
2026-09-14 11:00:00,430.8,20.13,63.17,0
2026-09-14 11:30:00,403.1,21.53,64.54,0
2026-09-14 12:00:00,403.3,21.8,64.57,0
2026-09-14 12:30:00,421.8,20.91,62.87,0
2026-09-14 13:00:00,424.0,21.01,60.9,0
2026-09-14 13:30:00,404.4,21.89,63.14,0
2026-09-14 14:00:00,441.3,22.38,60.88,0
2026-09-14 14:30:00,430.9,23.21,61.17,0
2026-09-14 15:00:00,407.0,23.5,59.19,0
2026-09-14 15:30:00,413.4,23.45,59.42,0
2026-09-14 16:00:00,417.3,23.18,57.34,0
2026-09-14 16:30:00,423.4,23.62,59.75,0
2026-09-14 17:00:00,437.3,22.62,57.56,0
2026-09-14 17:30:00,402.7,23.05,58.38,0
2026-09-14 18:00:00,442.4,22.02,55.87,0
2026-09-14 18:30:00,428.4,22.37,57.07,0
2026-09-14 19:00:00,452.9,22.43,54.93,0
2026-09-14 19:30:00,416.0,23.33,52.62,0
2026-09-14 20:00:00,413.3,20.92,52.96,0
2026-09-14 20:30:00,441.6,20.34,52.3,0
2026-09-14 21:00:00,421.9,20.44,51.44,0
2026-09-14 21:30:00,429.0,19.04,51.65,0
2026-09-14 22:00:00,435.7,18.98,52.98,0
2026-09-14 22:30:00,442.2,19.53,52.22,0
2026-09-14 23:00:00,388.7,19.76,54.26,0
2026-09-14 23:30:00,443.1,17.86,50.81,0
2026-09-15 00:00:00,409.2,17.09,54.86,0
2026-09-15 00:30:00,429.0,17.58,52.61,0
2026-09-15 01:00:00,419.3,16.21,53.7,0
2026-09-15 01:30:00,444.1,16.13,53.05,0
2026-09-15 02:00:00,445.5,16.34,55.54,0
2026-09-15 02:30:00,420.1,16.41,56.17,0
2026-09-15 03:00:00,444.2,16.15,55.07,0
2026-09-15 03:30:00,406.9,15.37,56.61,0
2026-09-15 04:00:00,430.3,17.06,58.16,0
2026-09-15 04:30:00,430.3,14.88,58.07,0
2026-09-15 05:00:00,425.1,16.7,57.28,0
2026-09-15 05:30:00,424.4,16.86,58.32,0
2026-09-15 06:00:00,414.3,17.38,60.0,0
2026-09-15 06:30:00,443.4,16.48,62.68,0
2026-09-15 07:00:00,411.7,15.83,62.94,0
2026-09-15 07:30:00,425.6,16.64,63.09,0
2026-09-15 08:00:00,423.6,19.1,63.1,0
2026-09-15 08:30:00,421.8,18.55,61.96,0
2026-09-15 09:00:00,435.7,19.31,64.04,0
2026-09-15 09:30:00,425.1,19.11,63.52,0
2026-09-15 10:00:00,413.6,19.98,64.95,0
2026-09-15 10:30:00,434.1,19.93,66.05,0
2026-09-15 11:00:00,417.8,19.12,65.11,0
2026-09-15 11:30:00,417.9,20.97,63.97,0
2026-09-15 12:00:00,412.5,21.45,62.91,0
2026-09-15 12:30:00,419.9,21.75,61.42,0
2026-09-15 13:00:00,445.3,21.62,62.86,0
2026-09-15 13:30:00,421.9,22.87,62.3,0
2026-09-15 14:00:00,433.0,21.89,63.12,0
2026-09-15 14:30:00,428.8,22.91,59.06,0
2026-09-15 15:00:00,436.3,23.47,59.48,0
2026-09-15 15:30:00,432.6,22.97,58.17,0
2026-09-15 16:00:00,453.5,23.55,62.83,0
2026-09-15 16:30:00,421.6,23.11,57.68,0
2026-09-15 17:00:00,446.6,23.16,55.93,0
2026-09-15 17:30:00,440.9,23.56,55.45,0
2026-09-15 18:00:00,420.2,22.18,54.19,0
2026-09-15 18:30:00,437.1,21.7,51.48,0
2026-09-15 19:00:00,438.2,22.47,52.36,0
2026-09-15 19:30:00,435.6,20.25,53.81,0
2026-09-15 20:00:00,440.5,20.93,51.45,0
2026-09-15 20:30:00,445.2,20.78,53.31,0
2026-09-15 21:00:00,407.7,20.4,51.17,0
2026-09-15 21:30:00,443.7,19.09,48.9,0
2026-09-15 22:00:00,431.8,20.59,53.67,0
2026-09-15 22:30:00,419.9,18.51,53.23,0
2026-09-15 23:00:00,431.9,19.43,51.98,0
2026-09-15 23:30:00,412.3,17.6,51.41,0
2026-09-16 00:00:00,434.6,18.67,50.22,0
2026-09-16 00:30:00,431.6,16.64,56.0,0
2026-09-16 01:00:00,428.1,17.34,56.0,0
2026-09-16 01:30:00,453.5,16.45,55.14,0
2026-09-16 02:00:00,427.8,15.37,53.69,0
2026-09-16 02:30:00,419.9,15.81,59.04,0
2026-09-16 03:00:00,433.6,15.81,57.54,0
2026-09-16 03:30:00,443.7,16.3,55.77,0
2026-09-16 04:00:00,424.4,15.35,58.38,0
2026-09-16 04:30:00,438.5,16.0,60.01,0
2026-09-16 05:00:00,408.9,16.24,59.14,0
2026-09-16 05:30:00,422.9,15.99,63.85,0
2026-09-16 06:00:00,409.8,16.71,62.42,0
2026-09-16 06:30:00,428.0,15.12,61.15,0
2026-09-16 07:00:00,432.8,17.6,61.68,0
2026-09-16 07:30:00,443.9,17.3,63.13,0
2026-09-16 08:00:00,447.7,16.86,63.97,0
2026-09-16 08:30:00,427.2,18.09,64.8,0
2026-09-16 09:00:00,441.8,18.24,66.42,0
2026-09-16 09:30:00,457.2,18.78,66.45,0
2026-09-16 10:00:00,426.5,20.27,63.19,0
2026-09-16 10:30:00,442.9,20.02,63.0,0
2026-09-16 11:00:00,428.9,19.98,64.47,0
2026-09-16 11:30:00,447.4,21.7,63.12,0
2026-09-16 12:00:00,425.0,20.25,62.51,0
2026-09-16 12:30:00,434.6,22.89,64.26,0
2026-09-16 13:00:00,452.8,22.13,61.41,0
2026-09-16 13:30:00,421.0,21.95,60.64,0
2026-09-16 14:00:00,437.8,22.38,58.62,0
2026-09-16 14:30:00,424.8,23.2,61.0,0
2026-09-16 15:00:00,439.1,22.93,58.62,0
2026-09-16 15:30:00,455.4,22.67,56.24,0
2026-09-16 16:00:00,438.6,22.31,60.05,0
2026-09-16 16:30:00,419.9,23.78,59.14,0
2026-09-16 17:00:00,439.0,22.94,55.15,0
2026-09-16 17:30:00,423.9,23.6,52.51,0
2026-09-16 18:00:00,419.2,22.43,51.68,0
2026-09-16 18:30:00,447.7,21.9,55.21,0
2026-09-16 19:00:00,414.0,22.76,54.75,0
2026-09-16 19:30:00,449.2,21.57,51.8,0
2026-09-16 20:00:00,434.3,21.11,53.54,0
2026-09-16 20:30:00,448.6,20.02,51.54,0
2026-09-16 21:00:00,427.7,19.68,50.26,0
2026-09-16 21:30:00,441.7,20.01,55.75,0
2026-09-16 22:00:00,,20.61,53.08,0
2026-09-16 22:30:00,409.9,18.21,54.22,0
2026-09-16 23:00:00,435.6,18.99,53.67,0
2026-09-16 23:30:00,428.4,17.34,56.02,0
2026-09-17 00:00:00,424.6,17.95,48.56,0
2026-09-17 00:30:00,440.3,18.62,55.03,0
2026-09-17 01:00:00,438.4,16.66,53.91,0
2026-09-17 01:30:00,418.4,17.03,55.24,0
2026-09-17 02:00:00,449.2,16.21,55.69,0
2026-09-17 02:30:00,417.6,16.35,57.69,0
2026-09-17 03:00:00,432.8,16.18,55.75,0
2026-09-17 03:30:00,454.0,15.89,58.38,0
2026-09-17 04:00:00,425.4,16.28,57.14,0
2026-09-17 04:30:00,440.8,15.66,57.0,0
2026-09-17 05:00:00,438.7,16.62,58.36,0
2026-09-17 05:30:00,423.9,15.56,59.96,0
2026-09-17 06:00:00,420.8,16.84,61.06,0
2026-09-17 06:30:00,443.4,16.76,61.51,0
2026-09-17 07:00:00,437.1,15.92,60.67,0
2026-09-17 07:30:00,430.4,17.65,62.75,0
2026-09-17 08:00:00,437.5,19.41,63.18,0
2026-09-17 08:30:00,423.0,18.03,64.8,0
2026-09-17 09:00:00,441.5,18.59,63.83,0
2026-09-17 09:30:00,435.8,18.62,62.74,0
2026-09-17 10:00:00,442.7,18.9,61.95,0
2026-09-17 10:30:00,437.0,20.11,67.66,0
2026-09-17 11:00:00,439.2,20.75,62.92,0
2026-09-17 11:30:00,461.2,20.78,62.77,0
2026-09-17 12:00:00,449.0,21.75,61.59,0
2026-09-17 12:30:00,455.6,22.63,64.02,0
2026-09-17 13:00:00,421.6,22.37,62.8,0
2026-09-17 13:30:00,441.6,22.12,61.01,0
2026-09-17 14:00:00,447.7,22.81,62.33,0
2026-09-17 14:30:00,425.3,22.84,61.79,0
2026-09-17 15:00:00,423.7,23.89,60.76,0
2026-09-17 15:30:00,428.6,23.74,57.66,0
2026-09-17 16:00:00,436.4,22.34,58.76,0
2026-09-17 16:30:00,456.9,23.65,55.2,0
2026-09-17 17:00:00,440.1,23.61,56.2,0
2026-09-17 17:30:00,451.0,22.6,56.19,0
2026-09-17 18:00:00,444.5,23.29,53.18,0
2026-09-17 18:30:00,443.5,22.65,54.66,0
2026-09-17 19:00:00,424.3,23.04,53.46,0
2026-09-17 19:30:00,438.3,21.51,53.1,0
2026-09-17 20:00:00,450.7,21.51,50.76,0
2026-09-17 20:30:00,430.2,20.52,53.27,0
2026-09-17 21:00:00,427.4,20.28,52.95,0
2026-09-17 21:30:00,447.7,19.91,54.14,0
2026-09-17 22:00:00,441.6,20.27,50.98,0
2026-09-17 22:30:00,427.4,18.53,51.11,0
2026-09-17 23:00:00,429.6,19.36,50.06,0
2026-09-17 23:30:00,436.3,18.54,52.45,0
2026-09-18 00:00:00,410.4,17.05,53.37,0
2026-09-18 00:30:00,451.6,16.65,55.87,0
2026-09-18 01:00:00,426.4,17.36,53.9,0
2026-09-18 01:30:00,436.0,16.89,56.86,0
2026-09-18 02:00:00,449.7,16.28,57.09,0
2026-09-18 02:30:00,439.4,16.44,55.36,0
2026-09-18 03:00:00,441.7,16.52,56.37,0
2026-09-18 03:30:00,452.3,16.28,55.67,0
2026-09-18 04:00:00,441.5,16.25,58.38,0
2026-09-18 04:30:00,470.4,15.7,58.75,0
2026-09-18 05:00:00,448.0,15.98,59.07,0
2026-09-18 05:30:00,436.9,16.17,60.89,0
2026-09-18 06:00:00,418.6,16.7,59.75,0
2026-09-18 06:30:00,450.4,16.52,63.37,0
2026-09-18 07:00:00,417.0,16.61,62.95,0
2026-09-18 07:30:00,455.9,16.91,60.96,0
2026-09-18 08:00:00,450.1,18.04,63.61,0
2026-09-18 08:30:00,423.7,18.57,64.62,0
2026-09-18 09:00:00,433.2,17.94,63.72,0
2026-09-18 09:30:00,467.2,18.46,63.97,0
2026-09-18 10:00:00,439.8,20.74,67.09,0
2026-09-18 10:30:00,430.1,20.42,65.4,0
2026-09-18 11:00:00,454.0,19.64,65.47,0
2026-09-18 11:30:00,440.6,21.9,64.65,0
2026-09-18 12:00:00,452.2,21.74,64.89,0
2026-09-18 12:30:00,438.2,22.0,64.6,0
2026-09-18 13:00:00,426.6,21.92,62.09,0
2026-09-18 13:30:00,419.0,22.67,59.48,0
2026-09-18 14:00:00,448.0,22.63,59.93,0
2026-09-18 14:30:00,444.1,22.95,63.54,0
2026-09-18 15:00:00,429.6,22.74,61.56,0
2026-09-18 15:30:00,436.8,23.66,58.65,0
2026-09-18 16:00:00,439.4,23.05,58.27,0
2026-09-18 16:30:00,450.7,23.43,59.07,0
2026-09-18 17:00:00,426.9,22.15,57.23,0
2026-09-18 17:30:00,449.8,23.21,55.42,0
2026-09-18 18:00:00,447.7,21.63,52.19,0
2026-09-18 18:30:00,452.5,21.79,53.2,0
2026-09-18 19:00:00,454.8,22.46,54.4,0
2026-09-18 19:30:00,445.5,20.77,54.53,0
2026-09-18 20:00:00,438.6,20.51,51.23,0
2026-09-18 20:30:00,425.9,21.19,52.39,0
2026-09-18 21:00:00,452.0,20.37,54.53,0
2026-09-18 21:30:00,436.6,18.73,53.46,0
2026-09-18 22:00:00,451.9,20.77,54.03,0
2026-09-18 22:30:00,431.6,19.5,52.37,0
2026-09-18 23:00:00,426.0,18.28,52.61,0
2026-09-18 23:30:00,447.5,19.79,54.52,0
2026-09-19 00:00:00,458.9,19.09,48.97,0
2026-09-19 00:30:00,448.9,17.56,53.89,0
2026-09-19 01:00:00,445.7,17.32,56.01,0
2026-09-19 01:30:00,445.8,17.25,52.84,0
2026-09-19 02:00:00,409.0,17.31,55.75,0
2026-09-19 02:30:00,439.1,17.21,54.41,0
2026-09-19 03:00:00,455.2,16.36,56.69,0
2026-09-19 03:30:00,446.9,16.72,56.83,0
2026-09-19 04:00:00,464.1,15.61,57.9,0
2026-09-19 04:30:00,448.6,16.51,59.87,0
2026-09-19 05:00:00,454.4,16.43,59.78,0
2026-09-19 05:30:00,444.2,16.33,57.64,0
2026-09-19 06:00:00,450.2,16.95,61.69,0
2026-09-19 06:30:00,439.6,17.81,62.63,0
2026-09-19 07:00:00,437.9,16.46,62.57,0
2026-09-19 07:30:00,440.5,16.3,61.39,0
2026-09-19 08:00:00,430.3,18.46,62.6,0
2026-09-19 08:30:00,427.8,19.19,64.57,0
2026-09-19 09:00:00,440.9,18.06,63.44,0
2026-09-19 09:30:00,442.7,18.5,64.39,0
2026-09-19 10:00:00,439.4,19.1,63.41,0
2026-09-19 10:30:00,448.9,19.54,65.1,0
2026-09-19 11:00:00,438.7,20.12,63.68,0
2026-09-19 11:30:00,453.7,21.1,65.05,0
2026-09-19 12:00:00,444.8,22.07,60.22,0
2026-09-19 12:30:00,459.1,22.25,63.19,0
2026-09-19 13:00:00,435.4,21.24,63.77,0
2026-09-19 13:30:00,450.3,22.53,62.74,0
2026-09-19 14:00:00,441.3,22.7,60.3,0
2026-09-19 14:30:00,430.1,22.96,60.65,0
2026-09-19 15:00:00,457.2,23.04,59.49,0
2026-09-19 15:30:00,447.1,23.21,58.56,0
2026-09-19 16:00:00,442.7,22.98,58.51,0
2026-09-19 16:30:00,454.3,23.41,58.33,0
2026-09-19 17:00:00,469.2,21.79,55.92,0
2026-09-19 17:30:00,459.6,22.77,57.67,0
2026-09-19 18:00:00,445.8,22.89,54.78,0
2026-09-19 18:30:00,431.1,23.19,53.26,0
2026-09-19 19:00:00,439.7,21.1,52.15,0
2026-09-19 19:30:00,424.1,21.5,50.56,0
2026-09-19 20:00:00,457.0,21.01,56.66,0
2026-09-19 20:30:00,457.5,21.57,55.38,0
2026-09-19 21:00:00,440.1,21.35,52.69,0
2026-09-19 21:30:00,479.4,21.28,50.46,0
2026-09-19 22:00:00,484.9,20.41,50.57,0
2026-09-19 22:30:00,440.8,19.56,49.81,0
2026-09-19 23:00:00,453.8,18.82,54.18,0
2026-09-19 23:30:00,463.4,18.31,51.27,0
2026-09-20 00:00:00,450.8,18.14,53.01,0
2026-09-20 00:30:00,443.7,18.18,54.45,0
2026-09-20 01:00:00,455.4,17.3,50.99,0
2026-09-20 01:30:00,464.6,18.24,53.62,0
2026-09-20 02:00:00,472.6,16.27,53.55,0
2026-09-20 02:30:00,452.7,16.65,57.42,0
2026-09-20 03:00:00,440.2,16.23,59.68,0
2026-09-20 03:30:00,458.8,16.66,57.03,0
2026-09-20 04:00:00,457.9,16.56,55.37,0
2026-09-20 04:30:00,458.3,16.38,58.82,0
2026-09-20 05:00:00,457.0,16.28,59.72,0
2026-09-20 05:30:00,445.9,15.61,60.95,0
2026-09-20 06:00:00,454.0,16.21,60.34,0
2026-09-20 06:30:00,461.6,17.83,62.35,0
2026-09-20 07:00:00,471.3,17.84,60.47,0
2026-09-20 07:30:00,446.7,16.83,61.74,0
2026-09-20 08:00:00,451.8,16.82,64.95,0
2026-09-20 08:30:00,451.0,18.21,62.33,0
2026-09-20 09:00:00,465.2,18.76,67.44,0
2026-09-20 09:30:00,474.4,19.19,65.85,0
2026-09-20 10:00:00,449.3,18.99,64.62,0
2026-09-20 10:30:00,441.4,20.62,66.42,0
2026-09-20 11:00:00,464.0,20.29,64.42,0
2026-09-20 11:30:00,449.4,21.71,61.46,0
2026-09-20 12:00:00,438.1,22.0,62.88,0
2026-09-20 12:30:00,480.0,22.45,62.02,0
2026-09-20 13:00:00,424.3,22.52,61.92,0
2026-09-20 13:30:00,454.1,22.52,64.74,0
2026-09-20 14:00:00,459.8,22.67,62.34,0
2026-09-20 14:30:00,445.6,23.15,60.03,0
2026-09-20 15:00:00,455.7,23.04,63.46,0
2026-09-20 15:30:00,445.8,24.31,61.41,0
2026-09-20 16:00:00,467.1,23.55,59.65,0
2026-09-20 16:30:00,444.4,24.36,59.21,0
2026-09-20 17:00:00,-259.8239522585559,22.78,55.62,0
2026-09-20 17:30:00,458.0,23.43,54.57,0
2026-09-20 18:00:00,445.6,22.55,52.04,0
2026-09-20 18:30:00,457.7,23.18,54.95,0
2026-09-20 19:00:00,451.6,21.04,54.81,0
2026-09-20 19:30:00,471.7,22.11,55.67,0
2026-09-20 20:00:00,446.4,21.21,52.54,0
2026-09-20 20:30:00,455.7,21.73,51.21,0
2026-09-20 21:00:00,449.3,20.03,53.68,0
2026-09-20 21:30:00,466.3,20.44,52.31,0
2026-09-20 22:00:00,454.3,19.14,54.97,0
2026-09-20 22:30:00,428.4,18.23,49.91,0
2026-09-20 23:00:00,442.0,19.28,53.42,0
2026-09-20 23:30:00,446.4,17.7,53.31,0
2026-09-21 00:00:00,446.8,18.22,51.31,0
2026-09-21 00:30:00,444.3,17.31,53.1,0
2026-09-21 01:00:00,434.0,17.17,53.16,0
2026-09-21 01:30:00,447.2,17.8,53.95,0
2026-09-21 02:00:00,459.5,17.49,56.1,0
2026-09-21 02:30:00,450.5,16.6,54.86,0
2026-09-21 03:00:00,439.8,17.42,57.97,0
2026-09-21 03:30:00,444.1,15.72,57.56,0
2026-09-21 04:00:00,468.6,15.22,54.3,0
2026-09-21 04:30:00,458.3,16.69,57.93,0
2026-09-21 05:00:00,444.9,16.75,60.98,0
2026-09-21 05:30:00,449.6,18.19,60.05,0
2026-09-21 06:00:00,447.5,16.41,60.18,0
2026-09-21 06:30:00,469.0,16.62,62.68,0
2026-09-21 07:00:00,451.9,17.11,61.66,0
2026-09-21 07:30:00,443.6,17.34,59.55,0
2026-09-21 08:00:00,460.0,18.27,64.41,0
2026-09-21 08:30:00,449.3,17.77,63.02,0
2026-09-21 09:00:00,442.1,18.9,63.49,0
2026-09-21 09:30:00,429.3,19.22,63.44,0
2026-09-21 10:00:00,459.8,19.12,64.7,0
2026-09-21 10:30:00,458.5,19.86,62.38,0
2026-09-21 11:00:00,442.8,21.21,63.68,0
2026-09-21 11:30:00,439.0,20.76,61.71,0
2026-09-21 12:00:00,440.1,21.62,63.53,0
2026-09-21 12:30:00,448.0,22.27,62.86,0
2026-09-21 13:00:00,430.1,22.11,62.95,0
2026-09-21 13:30:00,468.0,22.47,63.69,0
2026-09-21 14:00:00,440.4,23.17,59.58,0
2026-09-21 14:30:00,442.9,22.65,59.01,0
2026-09-21 15:00:00,456.9,23.69,59.28,0
2026-09-21 15:30:00,455.1,23.21,57.87,0
2026-09-21 16:00:00,446.3,23.2,57.42,0
2026-09-21 16:30:00,457.3,23.46,59.26,0
2026-09-21 17:00:00,477.6,23.74,56.01,0
2026-09-21 17:30:00,463.9,22.7,54.77,0
2026-09-21 18:00:00,449.8,21.57,53.16,0
2026-09-21 18:30:00,457.1,22.19,50.6,0
2026-09-21 19:00:00,472.5,22.41,53.74,0
2026-09-21 19:30:00,469.2,21.85,52.7,0
2026-09-21 20:00:00,463.8,22.35,53.37,0
2026-09-21 20:30:00,456.8,21.21,53.61,0
2026-09-21 21:00:00,438.8,20.83,52.22,0
2026-09-21 21:30:00,465.6,19.79,52.22,0
2026-09-21 22:00:00,462.5,19.19,52.74,0
2026-09-21 22:30:00,459.6,19.86,54.66,0
2026-09-21 23:00:00,443.6,18.96,51.57,0
2026-09-21 23:30:00,457.4,19.2,52.5,0
2026-09-22 00:00:00,447.4,18.09,52.77,0
2026-09-22 00:30:00,456.0,17.34,52.45,0
2026-09-22 01:00:00,474.2,18.12,53.16,0
2026-09-22 01:30:00,459.8,17.24,55.93,0
2026-09-22 02:00:00,464.9,16.74,52.5,0
2026-09-22 02:30:00,456.4,17.28,54.95,0
2026-09-22 03:00:00,455.9,16.57,56.17,0
2026-09-22 03:30:00,477.3,16.0,57.34,0
2026-09-22 04:00:00,468.1,17.07,57.7,0
2026-09-22 04:30:00,458.2,15.94,58.73,0
2026-09-22 05:00:00,464.1,16.39,58.59,0
2026-09-22 05:30:00,483.6,16.38,60.05,0
2026-09-22 06:00:00,453.8,16.61,61.59,0
2026-09-22 06:30:00,478.0,17.33,61.07,0
2026-09-22 07:00:00,449.9,17.36,62.9,0
2026-09-22 07:30:00,462.9,17.27,64.99,0
2026-09-22 08:00:00,454.2,19.27,62.74,0
2026-09-22 08:30:00,480.7,18.15,62.14,0
2026-09-22 09:00:00,459.8,18.37,64.08,0
2026-09-22 09:30:00,479.0,20.83,65.6,0
2026-09-22 10:00:00,466.9,21.16,64.49,0
2026-09-22 10:30:00,471.5,20.37,66.11,0
2026-09-22 11:00:00,472.2,21.19,64.88,0
2026-09-22 11:30:00,472.8,21.6,63.33,0
2026-09-22 12:00:00,459.8,21.97,61.8,0
2026-09-22 12:30:00,482.2,21.56,61.25,0
2026-09-22 13:00:00,477.1,22.54,61.58,0
2026-09-22 13:30:00,471.8,22.54,60.57,0
2026-09-22 14:00:00,448.1,22.33,63.83,0
2026-09-22 14:30:00,460.8,24.5,62.09,0
2026-09-22 15:00:00,473.5,23.88,57.96,0
2026-09-22 15:30:00,472.4,24.03,56.04,0
2026-09-22 16:00:00,474.0,23.98,59.7,0
2026-09-22 16:30:00,459.3,22.47,57.34,0
2026-09-22 17:00:00,474.0,22.9,57.01,0
2026-09-22 17:30:00,480.9,22.99,57.03,0
2026-09-22 18:00:00,470.2,23.24,55.03,0
2026-09-22 18:30:00,479.6,22.8,53.95,0
2026-09-22 19:00:00,483.0,21.96,53.07,0
2026-09-22 19:30:00,465.3,21.4,55.28,0
2026-09-22 20:00:00,467.8,22.73,52.97,0
2026-09-22 20:30:00,471.8,21.12,53.18,0
2026-09-22 21:00:00,494.0,21.86,53.51,0
2026-09-22 21:30:00,503.4,20.75,51.8,0
2026-09-22 22:00:00,463.3,19.96,50.76,0
2026-09-22 22:30:00,482.4,19.59,51.65,0
2026-09-22 23:00:00,499.6,19.64,51.2,0
2026-09-22 23:30:00,483.9,19.26,52.11,0
2026-09-23 00:00:00,466.2,18.03,52.27,0
2026-09-23 00:30:00,492.1,16.96,54.72,0
2026-09-23 01:00:00,465.2,17.39,55.08,0
2026-09-23 01:30:00,493.8,16.92,53.24,0
2026-09-23 02:00:00,484.3,15.71,54.76,0
2026-09-23 02:30:00,467.4,16.13,59.21,0
2026-09-23 03:00:00,501.5,16.19,55.89,0
2026-09-23 03:30:00,496.9,16.32,56.72,0
2026-09-23 04:00:00,493.0,14.85,58.19,0
2026-09-23 04:30:00,503.1,16.42,59.75,0
2026-09-23 05:00:00,486.2,16.87,60.57,0
2026-09-23 05:30:00,489.0,17.05,61.14,0
2026-09-23 06:00:00,497.5,17.62,64.02,0
2026-09-23 06:30:00,511.1,16.24,62.38,0
2026-09-23 07:00:00,512.5,17.72,62.38,0
2026-09-23 07:30:00,505.7,17.84,62.5,0
2026-09-23 08:00:00,493.3,17.48,64.05,0
2026-09-23 08:30:00,509.1,18.58,60.1,0
2026-09-23 09:00:00,494.9,17.74,65.1,0
2026-09-23 09:30:00,507.2,19.64,64.28,0
2026-09-23 10:00:00,534.4,20.23,64.74,0
2026-09-23 10:30:00,482.8,20.04,66.39,0
2026-09-23 11:00:00,506.4,21.33,63.79,0
2026-09-23 11:30:00,532.9,21.78,65.48,0
2026-09-23 12:00:00,519.6,22.11,63.19,0
2026-09-23 12:30:00,500.2,22.18,62.37,0
2026-09-23 13:00:00,507.3,23.34,62.21,0
2026-09-23 13:30:00,538.1,22.79,60.73,0
2026-09-23 14:00:00,501.3,22.54,61.19,0
2026-09-23 14:30:00,510.7,23.31,58.34,0
2026-09-23 15:00:00,502.5,22.61,58.71,0
2026-09-23 15:30:00,521.0,23.39,58.29,0
2026-09-23 16:00:00,500.9,23.66,56.54,0
2026-09-23 16:30:00,516.9,24.23,58.48,0
2026-09-23 17:00:00,508.6,24.26,55.34,0
2026-09-23 17:30:00,529.0,24.4,57.13,0
2026-09-23 18:00:00,511.0,23.33,52.97,0
2026-09-23 18:30:00,492.9,22.78,56.48,0
2026-09-23 19:00:00,535.7,22.77,53.22,0
2026-09-23 19:30:00,523.4,20.75,53.49,0
2026-09-23 20:00:00,545.3,20.79,53.48,0
2026-09-23 20:30:00,533.7,21.96,53.32,0
2026-09-23 21:00:00,514.1,20.91,51.86,0
2026-09-23 21:30:00,546.1,20.62,52.45,0
2026-09-23 22:00:00,541.5,20.3,51.0,0
2026-09-23 22:30:00,538.0,20.56,52.36,0
2026-09-23 23:00:00,538.0,19.15,53.17,0
2026-09-23 23:30:00,544.0,18.36,51.63,0
2026-09-24 00:00:00,536.0,18.74,51.11,0
2026-09-24 00:30:00,510.9,18.59,55.27,0
2026-09-24 01:00:00,538.6,17.54,53.35,0
2026-09-24 01:30:00,549.2,18.02,54.49,0
2026-09-24 02:00:00,529.1,17.67,56.83,0
2026-09-24 02:30:00,536.1,17.1,55.93,0
2026-09-24 03:00:00,531.5,17.43,56.54,0
2026-09-24 03:30:00,525.4,18.03,55.12,0
2026-09-24 04:00:00,544.6,17.23,59.1,0
2026-09-24 04:30:00,537.7,17.53,60.56,0
2026-09-24 05:00:00,537.5,16.66,61.11,0
2026-09-24 05:30:00,564.2,16.49,60.57,0
2026-09-24 06:00:00,570.6,17.32,63.03,0
2026-09-24 06:30:00,,17.79,63.23,0
2026-09-24 07:00:00,566.2,18.03,62.19,0
2026-09-24 07:30:00,548.4,18.2,64.31,0
2026-09-24 08:00:00,564.3,18.21,62.86,0
2026-09-24 08:30:00,559.9,18.42,64.07,0
2026-09-24 09:00:00,564.3,19.43,64.6,0
2026-09-24 09:30:00,551.0,19.79,64.3,0
2026-09-24 10:00:00,557.4,22.27,62.6,0
2026-09-24 10:30:00,586.6,20.43,63.94,0
2026-09-24 11:00:00,562.7,22.17,64.11,0
2026-09-24 11:30:00,551.8,22.73,63.0,0
2026-09-24 12:00:00,582.0,22.88,63.72,0
2026-09-24 12:30:00,584.4,23.15,62.73,0
2026-09-24 13:00:00,575.4,22.65,63.73,0
2026-09-24 13:30:00,577.3,23.28,62.59,0
2026-09-24 14:00:00,591.0,24.47,61.83,0
2026-09-24 14:30:00,571.5,24.62,59.57,0
2026-09-24 15:00:00,590.6,24.57,59.25,0
2026-09-24 15:30:00,562.2,24.42,57.6,0
2026-09-24 16:00:00,572.0,24.84,58.69,0
2026-09-24 16:30:00,610.4,22.8,59.27,0
2026-09-24 17:00:00,606.1,23.68,55.24,0
2026-09-24 17:30:00,584.8,23.51,54.49,0
2026-09-24 18:00:00,596.4,23.34,55.44,0
2026-09-24 18:30:00,600.6,22.77,55.02,0
2026-09-24 19:00:00,608.9,23.14,51.26,0
2026-09-24 19:30:00,617.8,22.47,53.85,0
2026-09-24 20:00:00,608.8,23.89,54.26,0
2026-09-24 20:30:00,613.5,22.38,52.32,0
2026-09-24 21:00:00,608.0,22.92,53.67,0
2026-09-24 21:30:00,617.2,21.38,47.64,0
2026-09-24 22:00:00,615.2,20.69,54.64,0
2026-09-24 22:30:00,622.6,19.63,51.72,0
2026-09-24 23:00:00,604.9,19.67,52.38,0
2026-09-24 23:30:00,625.5,18.4,52.28,0
2026-09-25 00:00:00,601.5,19.55,54.21,0
2026-09-25 00:30:00,612.2,18.96,54.24,0
2026-09-25 01:00:00,630.4,18.05,54.6,0
2026-09-25 01:30:00,622.5,17.26,53.44,0
2026-09-25 02:00:00,606.4,17.89,54.71,0
2026-09-25 02:30:00,612.5,18.34,55.29,0
2026-09-25 03:00:00,618.6,18.33,58.8,0
2026-09-25 03:30:00,638.1,15.79,58.54,0
2026-09-25 04:00:00,646.6,16.89,57.67,0
2026-09-25 04:30:00,635.5,16.32,57.84,0
2026-09-25 05:00:00,641.3,17.01,59.6,0
2026-09-25 05:30:00,619.0,18.02,59.74,0
2026-09-25 06:00:00,645.7,18.52,60.7,0
2026-09-25 06:30:00,627.7,18.66,59.13,0
2026-09-25 07:00:00,637.3,18.56,61.25,0
2026-09-25 07:30:00,641.0,18.43,63.64,0
2026-09-25 08:00:00,641.0,19.08,62.1,0
2026-09-25 08:30:00,667.8,19.86,62.18,0
2026-09-25 09:00:00,667.4,21.78,62.71,0
2026-09-25 09:30:00,672.1,21.65,65.79,0
2026-09-25 10:00:00,689.3,21.23,61.22,0
2024-08-31 10:30:00,675.5,20.6,64.55,0
2026-09-25 11:00:00,672.2,22.07,63.71,0
2026-09-25 11:30:00,671.8,22.79,65.57,0
2026-09-25 12:00:00,658.6,22.86,62.23,0
2026-09-25 12:30:00,667.7,22.97,62.49,0
2026-09-25 13:00:00,692.0,23.56,60.72,0
2026-09-25 13:30:00,665.8,23.47,60.93,0
2026-09-25 14:00:00,682.1,24.36,58.93,0
2026-09-25 14:30:00,687.1,24.48,60.65,0
2026-09-25 15:00:00,665.6,23.36,61.57,0
2026-09-25 15:30:00,671.8,24.73,60.05,0
2026-09-25 16:00:00,683.8,24.89,60.49,0
2026-09-25 16:30:00,701.7,25.31,54.81,0
2026-09-25 17:00:00,708.1,23.72,56.77,0
2026-09-25 17:30:00,708.9,24.68,54.49,0
2026-09-25 18:00:00,680.3,23.64,54.97,0
2026-09-25 18:30:00,704.6,23.67,51.04,0
2026-09-25 19:00:00,691.8,23.78,52.35,0
2026-09-25 19:30:00,713.5,23.62,55.08,0
2026-09-25 20:00:00,698.1,22.66,52.7,0
2026-09-25 20:30:00,712.4,22.44,53.17,0
2026-09-25 21:00:00,711.2,22.48,50.73,0
2026-09-25 21:30:00,715.4,21.65,52.9,0
2026-09-25 22:00:00,721.6,21.27,52.67,0
2026-09-25 22:30:00,722.8,20.92,53.59,0
2026-09-25 23:00:00,719.0,20.51,48.71,0
2026-09-25 23:30:00,731.5,19.43,55.05,0
2026-09-26 00:00:00,752.5,19.75,51.65,0
2026-09-26 00:30:00,743.2,20.52,51.89,0
2026-09-26 01:00:00,731.9,19.62,54.77,0
2026-09-26 01:30:00,747.5,18.96,53.12,0
2026-09-26 02:00:00,746.5,18.45,54.79,0
2026-09-26 02:30:00,762.8,18.99,53.92,0
2026-09-26 03:00:00,731.0,17.68,55.82,0
2026-09-26 03:30:00,740.4,17.27,54.75,0
2026-09-26 04:00:00,764.9,18.57,54.76,0
2026-09-26 04:30:00,757.2,18.2,59.9,0
2026-09-26 05:00:00,784.2,18.01,61.96,0
2026-09-26 05:30:00,758.2,19.21,62.97,0
2026-09-26 06:00:00,777.5,18.07,61.17,0
2026-09-26 06:30:00,754.9,19.91,59.53,0
2026-09-26 07:00:00,764.2,19.13,63.08,0
2026-09-26 07:30:00,748.1,19.48,62.02,0
2026-09-26 08:00:00,756.4,19.04,63.29,0
2026-09-26 08:30:00,809.2,19.4,62.41,0
2026-09-26 09:00:00,778.2,19.75,62.51,0
2026-09-26 09:30:00,799.6,20.89,65.17,0
2026-09-26 10:00:00,779.8,22.95,63.77,0
2026-09-26 10:30:00,803.9,21.94,66.89,0
2026-09-26 11:00:00,802.5,22.61,63.11,0
2026-09-26 11:30:00,803.3,22.93,65.01,0
2026-09-26 12:00:00,811.5,23.66,65.4,0
2026-09-26 12:30:00,775.6,22.35,60.43,0
2026-09-26 13:00:00,805.5,24.58,60.66,0
2026-09-26 13:30:00,790.2,25.09,60.46,0
2026-09-26 14:00:00,809.8,24.0,58.84,0
2026-09-26 14:30:00,820.1,23.88,60.01,0
2026-09-26 15:00:00,835.0,24.87,59.12,0
2026-09-26 15:30:00,821.0,24.96,60.27,0
2026-09-26 16:00:00,848.6,25.29,57.24,0
2026-09-26 16:30:00,833.0,24.39,57.84,0
2026-09-26 17:00:00,,24.74,56.28,0
2026-09-26 17:30:00,854.3,25.68,54.03,0
2026-09-26 18:00:00,838.6,24.52,52.75,0
2026-09-26 18:30:00,828.8,24.83,53.14,0
2026-09-26 19:00:00,854.4,24.85,56.38,0
2026-09-26 19:30:00,860.8,24.45,51.9,0
2026-09-26 20:00:00,844.5,23.24,53.54,0
2026-09-26 20:30:00,862.8,24.46,55.1,0
2026-09-26 21:00:00,845.0,23.04,49.42,0
2026-09-26 21:30:00,896.9,22.91,52.67,0
2026-09-26 22:00:00,868.2,22.55,50.78,0
2026-09-26 22:30:00,856.2,21.17,49.19,0
2026-09-26 23:00:00,863.6,21.27,54.67,0
2026-09-26 23:30:00,882.5,20.75,51.45,0
2026-09-27 00:00:00,890.4,19.66,51.4,0
2026-09-27 00:30:00,871.8,19.05,55.0,0
2026-09-27 01:00:00,871.4,19.87,56.26,0
2026-09-27 01:30:00,872.3,18.95,53.5,0
2026-09-27 02:00:00,867.1,18.88,56.98,0
2026-09-27 02:30:00,863.8,19.69,56.25,0
2026-09-27 03:00:00,829.3,18.58,57.52,0
2026-09-27 03:30:00,849.9,19.15,55.38,0
2026-09-27 04:00:00,834.6,18.0,57.96,0
2026-09-27 04:30:00,827.0,18.0,58.69,0
2026-09-27 05:00:00,835.8,18.75,61.93,0
2026-09-27 05:30:00,842.5,18.45,61.99,0
2026-09-27 06:00:00,829.4,18.9,60.5,0
2026-09-27 06:30:00,826.1,19.39,62.58,0
2026-09-27 07:00:00,805.6,19.68,61.03,0
2026-09-27 07:30:00,808.5,19.24,58.88,0
2026-09-27 08:00:00,,19.72,63.82,0
2026-09-27 08:30:00,790.3,20.69,62.96,0
2026-09-27 09:00:00,788.6,20.25,63.5,0
2026-09-27 09:30:00,779.8,21.79,62.93,0
2026-09-27 10:00:00,788.3,21.72,65.33,0
2026-09-27 10:30:00,783.6,22.24,64.68,0
2026-09-27 11:00:00,801.5,23.14,65.03,0
2026-09-27 11:30:00,777.4,22.54,65.58,0
2026-09-27 12:00:00,766.8,24.08,62.45,0
2026-09-27 12:30:00,764.9,23.54,63.06,0
2026-09-27 13:00:00,764.3,24.14,61.82,0
2026-09-27 13:30:00,745.6,24.33,60.98,0
2026-09-27 14:00:00,759.0,23.85,60.99,0
2026-09-27 14:30:00,762.6,24.41,60.42,0
2026-09-27 15:00:00,723.7,24.48,59.43,0
2026-09-27 15:30:00,740.2,26.0,57.83,0
2026-09-27 16:00:00,731.2,24.45,56.79,0
2026-09-27 16:30:00,737.6,24.28,58.03,0
2026-09-27 17:00:00,703.4,25.35,58.17,0
2026-09-27 17:30:00,719.7,24.8,56.79,0
2026-09-27 18:00:00,710.4,24.61,57.47,0
2026-09-27 18:30:00,725.3,23.37,52.36,0
2026-09-27 19:00:00,696.0,24.64,56.21,0
2026-09-27 19:30:00,685.3,23.3,52.32,0
2026-09-27 20:00:00,696.0,24.55,54.67,0
2026-09-27 20:30:00,701.3,24.06,50.11,0
2026-09-27 21:00:00,686.0,22.13,50.89,0
2026-09-27 21:30:00,679.9,22.08,51.39,0
2026-09-27 22:00:00,663.4,21.41,48.05,0
2026-09-27 22:30:00,665.7,19.46,51.0,0
2026-09-27 23:00:00,658.7,20.32,53.05,0
2026-09-27 23:30:00,663.9,19.62,53.27,0
2026-09-28 00:00:00,662.5,19.79,52.13,0
2026-09-28 00:30:00,662.5,19.02,55.58,0
2026-09-28 01:00:00,662.5,17.86,52.88,0
2026-09-28 01:30:00,662.5,19.11,51.86,0
2026-09-28 02:00:00,662.5,18.27,56.57,0
2026-09-28 02:30:00,662.5,18.23,56.72,0
2026-09-28 03:00:00,662.5,18.43,55.71,0
2026-09-28 03:30:00,662.5,16.32,55.11,0
2026-09-28 04:00:00,662.5,16.41,58.61,0
2026-09-28 04:30:00,662.5,18.13,58.42,0
2026-09-28 05:00:00,662.5,17.37,59.07,0
2026-09-28 05:30:00,662.5,16.98,60.2,0
2026-09-28 06:00:00,577.3,16.98,60.58,0
2026-09-28 06:30:00,598.4,19.03,59.94,0
2026-09-28 07:00:00,588.5,17.17,60.67,0
2026-09-28 07:30:00,582.9,19.04,61.07,0
2026-09-28 08:00:00,585.3,18.94,62.54,0
2026-09-28 08:30:00,587.0,19.69,63.3,0
2026-09-28 09:00:00,561.4,19.03,65.88,0
2026-09-28 09:30:00,566.3,19.21,61.59,0
2026-09-28 10:00:00,543.5,20.66,61.49,0
2026-09-28 10:30:00,527.3,21.08,66.13,0
2026-09-28 11:00:00,569.1,21.72,63.11,0
2026-09-28 11:30:00,567.3,22.33,60.97,0
2026-09-28 12:00:00,559.3,21.91,63.34,0
2026-09-28 12:30:00,528.6,22.43,62.22,0
2026-09-28 13:00:00,536.9,21.75,62.6,0
2026-09-28 13:30:00,537.4,22.79,63.12,0
2026-09-28 14:00:00,529.9,23.72,61.78,0
2026-09-28 14:30:00,533.0,23.71,64.96,0
2026-09-28 15:00:00,518.0,22.89,58.91,0
2026-09-28 15:30:00,518.3,24.72,59.08,0
2026-09-28 16:00:00,499.0,24.96,58.27,0
2026-09-28 16:30:00,509.4,24.43,55.75,0
2026-09-28 17:00:00,497.1,23.6,57.38,0
2026-09-28 17:30:00,489.2,24.19,57.19,0
2026-09-28 18:00:00,495.9,22.97,56.08,0
2026-09-28 18:30:00,503.1,23.58,55.47,0
2026-09-28 19:00:00,477.1,22.13,53.61,0
2026-09-28 19:30:00,493.4,22.78,53.59,0
2026-09-28 20:00:00,482.2,22.53,53.55,0
2026-09-28 20:30:00,460.9,20.42,52.62,0
2026-09-28 21:00:00,464.1,21.23,53.37,0
2026-09-28 21:30:00,436.5,20.94,51.72,0
2026-09-28 22:00:00,439.7,20.62,50.35,0
2026-09-28 22:30:00,446.0,19.39,52.15,0
2026-09-28 23:00:00,426.8,19.04,53.56,0
2026-09-28 23:30:00,448.9,18.53,56.13,0
2026-09-29 00:00:00,426.9,18.76,53.48,0
2026-09-29 00:30:00,404.0,17.03,54.13,0
2026-09-29 01:00:00,437.5,17.3,53.81,0
2026-09-29 01:30:00,434.7,18.13,53.99,0
2026-09-29 02:00:00,422.8,17.24,52.78,0
2026-09-29 02:30:00,442.9,18.06,56.52,0
2026-09-29 03:00:00,429.5,17.89,55.86,0
2026-09-29 03:30:00,423.0,16.87,59.92,0
2026-09-29 04:00:00,435.4,16.91,59.05,0
2026-09-29 04:30:00,439.5,16.66,60.95,0
2026-09-29 05:00:00,448.7,17.04,59.75,0
2026-09-29 05:30:00,423.1,17.37,63.16,0
2026-09-29 06:00:00,444.8,17.36,58.84,0
2026-09-29 06:30:00,449.1,17.46,62.08,0
2026-09-29 07:00:00,429.7,18.28,60.09,0
2026-09-29 07:30:00,445.6,18.58,62.92,0
2026-09-29 08:00:00,450.5,18.56,62.66,0
2026-09-29 08:30:00,434.9,18.69,62.22,0
2026-09-29 09:00:00,440.5,19.46,66.07,0
2026-09-29 09:30:00,433.2,20.1,65.08,0
2026-09-29 10:00:00,433.5,20.15,66.19,0
2026-09-29 10:30:00,445.6,20.7,63.85,0
2026-09-29 11:00:00,449.4,21.14,62.56,0
2026-09-29 11:30:00,433.8,21.7,64.46,0
2026-09-29 12:00:00,458.4,21.07,60.95,0
2026-09-29 12:30:00,457.8,20.59,64.27,0
2026-09-29 13:00:00,432.4,22.73,60.9,0
2026-09-29 13:30:00,433.9,21.3,58.45,0
2026-09-29 14:00:00,422.7,22.96,62.04,0
2026-09-29 14:30:00,440.6,22.86,62.41,0
2026-09-29 15:00:00,423.6,24.13,58.27,0
2026-09-29 15:30:00,425.6,23.73,57.81,0
2026-09-29 16:00:00,444.9,24.44,56.46,0
2026-09-29 16:30:00,441.5,22.75,55.86,0
2026-09-29 17:00:00,451.6,23.07,55.16,0
2026-09-29 17:30:00,423.4,23.75,57.52,0
2026-09-29 18:00:00,427.9,24.33,54.74,0
2026-09-29 18:30:00,449.7,22.7,53.79,0
2026-09-29 19:00:00,426.1,23.62,52.65,0
2026-09-29 19:30:00,433.5,22.49,54.03,0
2026-09-29 20:00:00,447.6,22.14,48.55,0
2026-09-29 20:30:00,412.3,21.23,54.15,0
2026-09-29 21:00:00,439.4,21.13,51.53,0
2026-09-29 21:30:00,440.7,20.23,53.93,0
2026-09-29 22:00:00,429.8,20.15,53.97,0
2026-09-29 22:30:00,421.3,19.5,50.38,0
2026-09-29 23:00:00,416.3,17.76,54.29,0
2026-09-29 23:30:00,436.1,19.96,51.62,0
2026-09-30 00:00:00,422.3,18.0,53.42,0
2026-09-30 00:30:00,443.5,19.2,53.57,0
2026-09-30 01:00:00,448.3,17.06,53.43,0
2026-09-30 01:30:00,444.4,16.58,53.81,0
2026-09-30 02:00:00,430.5,17.52,53.31,0
2026-09-30 02:30:00,431.6,17.91,55.75,0
2026-09-30 03:00:00,432.3,16.38,54.33,0
2026-09-30 03:30:00,425.2,16.8,57.71,0
2026-09-30 04:00:00,438.1,16.5,54.39,0
2026-09-30 04:30:00,432.1,16.89,57.74,0
2026-09-30 05:00:00,415.0,17.05,60.38,0
2026-09-30 05:30:00,427.5,17.07,59.92,0
2026-09-30 06:00:00,450.1,17.96,59.66,0
2026-09-30 06:30:00,443.6,17.68,60.51,0
2026-09-30 07:00:00,441.7,18.53,63.15,0
2026-09-30 07:30:00,423.3,17.79,63.58,0
2026-09-30 08:00:00,435.7,18.47,64.31,0
2026-09-30 08:30:00,430.4,18.8,64.57,0
2026-09-30 09:00:00,419.7,19.46,63.78,0
2026-09-30 09:30:00,451.7,20.4,62.52,0
2026-09-30 10:00:00,424.2,20.38,65.56,0
2026-09-30 10:30:00,429.9,21.49,61.91,0
2026-09-30 11:00:00,432.6,21.33,63.66,0
2026-09-30 11:30:00,417.9,21.07,64.81,0
2026-09-30 12:00:00,434.3,21.59,64.61,0
2026-09-30 12:30:00,446.7,23.31,65.87,0
2026-09-30 13:00:00,429.3,23.91,61.9,0
2026-09-30 13:30:00,408.5,22.74,61.39,0
2026-09-30 14:00:00,432.6,22.64,61.96,0
2026-09-30 14:30:00,408.5,24.02,60.21,0
2026-09-30 15:00:00,426.5,23.48,58.42,0
2026-09-30 15:30:00,435.1,24.07,58.3,0
2026-09-30 16:00:00,428.4,23.66,58.35,0
2026-09-30 16:30:00,435.4,22.88,58.23,0
2026-09-30 17:00:00,427.7,23.82,59.45,0
2026-09-30 17:30:00,427.5,23.43,54.87,0
2026-09-30 18:00:00,447.3,24.25,52.88,0
2026-09-30 18:30:00,434.4,23.75,52.09,0
2026-09-30 19:00:00,429.6,23.44,53.21,0
2026-09-30 19:30:00,422.4,22.32,52.2,0
2026-09-30 20:00:00,428.4,22.38,52.18,0
2026-09-30 20:30:00,436.6,22.07,55.62,0
2026-09-30 21:00:00,411.9,21.4,49.05,0
2026-09-30 21:30:00,425.9,19.92,51.94,0
2026-09-30 22:00:00,430.4,20.0,52.37,0
2026-09-30 22:30:00,435.0,20.0,53.8,0
2026-09-30 23:00:00,430.7,18.81,53.63,0
2026-09-30 23:30:00,415.7,19.29,52.04,0
2026-10-01 00:00:00,440.0,17.97,49.9,0
2026-10-01 00:30:00,428.9,17.61,52.55,0
2026-10-01 01:00:00,406.2,18.11,53.26,0
2026-10-01 01:30:00,453.7,17.83,56.83,0
2026-10-01 02:00:00,430.5,17.17,55.77,0
2026-10-01 02:30:00,421.8,16.77,54.49,0
2026-10-01 03:00:00,414.9,16.97,56.12,0
2026-10-01 03:30:00,431.4,15.73,56.91,0
2026-10-01 04:00:00,436.7,16.53,57.86,0
2026-10-01 04:30:00,424.7,16.88,59.0,0
2026-10-01 05:00:00,427.0,17.15,58.16,0
2026-10-01 05:30:00,421.6,17.44,60.87,0
2026-10-01 06:00:00,421.1,17.09,61.93,0
2026-10-01 06:30:00,434.4,17.79,61.71,0
2026-10-01 07:00:00,449.8,17.26,61.7,0
2026-10-01 07:30:00,440.3,18.58,63.81,0
2026-10-01 08:00:00,422.0,18.6,64.33,0
2026-10-01 08:30:00,417.0,18.64,63.27,0
2026-10-01 09:00:00,427.1,19.86,64.34,0
2026-10-01 09:30:00,419.8,19.55,63.23,0
2026-10-01 10:00:00,432.8,20.82,61.79,0
2026-10-01 10:30:00,422.2,19.66,65.54,0
2026-10-01 11:00:00,417.9,21.08,61.88,0
2026-10-01 11:30:00,423.1,20.94,63.5,0
2026-10-01 12:00:00,427.3,22.47,61.15,0
2026-10-01 12:30:00,420.9,22.05,59.53,0
2026-10-01 13:00:00,427.0,22.76,62.58,0
2026-10-01 13:30:00,413.7,22.51,63.52,0
2026-10-01 14:00:00,413.8,22.6,60.12,0
2026-10-01 14:30:00,407.5,22.79,61.18,0
2026-10-01 15:00:00,424.5,23.86,57.41,0
2026-10-01 15:30:00,430.6,23.46,56.47,0
2026-10-01 16:00:00,438.2,23.94,56.52,0
2026-10-01 16:30:00,417.5,24.54,57.82,0
2026-10-01 17:00:00,430.8,23.46,55.9,0
2026-10-01 17:30:00,420.8,23.48,55.24,0
2026-10-01 18:00:00,419.7,23.17,53.54,0
2026-10-01 18:30:00,415.5,24.42,57.33,0
2026-10-01 19:00:00,433.3,22.8,52.52,0
2026-10-01 19:30:00,417.4,23.42,52.97,0
2026-10-01 20:00:00,422.0,23.01,55.03,0
2026-10-01 20:30:00,412.9,21.82,54.53,0
2026-10-01 21:00:00,439.1,22.02,51.93,0
2026-10-01 21:30:00,436.5,20.74,51.25,0
2026-10-01 22:00:00,421.7,20.56,53.55,0
2026-10-01 22:30:00,401.5,20.01,50.29,0
2026-10-01 23:00:00,427.3,19.44,54.68,0
2026-10-01 23:30:00,418.3,18.98,53.62,0
2026-10-02 00:00:00,423.5,18.31,54.9,0
2026-10-02 00:30:00,413.8,17.74,51.9,0
2026-10-02 01:00:00,442.3,18.32,53.12,0
2026-10-02 01:30:00,426.0,18.17,55.16,0
2026-10-02 02:00:00,437.3,17.84,56.08,0
2026-10-02 02:30:00,431.6,17.39,56.87,0
2026-10-02 03:00:00,421.7,16.68,57.17,0
2026-10-02 03:30:00,417.2,16.71,60.59,0
2026-10-02 04:00:00,422.7,17.0,57.18,0
2026-10-02 04:30:00,436.4,16.89,60.28,0
2026-10-02 05:00:00,441.0,16.51,61.23,0
2026-10-02 05:30:00,408.2,18.12,61.02,0
2026-10-02 06:00:00,,17.37,60.11,0
2026-10-02 06:30:00,414.5,17.38,61.05,0
2026-10-02 07:00:00,432.8,18.1,58.38,0
2026-10-02 07:30:00,415.4,17.84,67.59,0
2026-10-02 08:00:00,421.4,18.65,59.26,0
2026-10-02 08:30:00,406.2,19.82,64.28,0
2026-10-02 09:00:00,426.0,18.71,65.61,0
2026-10-02 09:30:00,405.7,20.21,64.43,0
2026-10-02 10:00:00,436.2,20.86,63.29,0
2026-10-02 10:30:00,419.9,19.74,61.53,0
2026-10-02 11:00:00,400.6,22.11,65.37,0
2026-10-02 11:30:00,417.6,22.09,61.59,0
2026-10-02 12:00:00,436.7,22.96,62.55,0
2026-10-02 12:30:00,400.0,22.39,61.23,0
2026-10-02 13:00:00,412.3,24.2,61.3,0
2026-10-02 13:30:00,405.1,24.18,63.01,0
2026-10-02 14:00:00,430.8,22.7,62.65,0
2026-10-02 14:30:00,424.6,23.74,59.99,0
2026-10-02 15:00:00,421.2,23.94,59.79,0
2026-10-02 15:30:00,434.4,23.8,59.3,0
2026-10-02 16:00:00,416.6,24.07,56.52,0
2026-10-02 16:30:00,430.5,24.45,58.2,0
2026-10-02 17:00:00,441.2,22.55,57.11,0
2026-10-02 17:30:00,439.4,23.6,54.65,0
2026-10-02 18:00:00,439.2,24.09,54.91,0
2026-10-02 18:30:00,442.7,22.59,53.39,0
2026-10-02 19:00:00,443.8,24.33,52.97,0
2026-10-02 19:30:00,433.6,21.85,54.53,0
2026-10-02 20:00:00,424.7,21.84,51.76,0
2026-10-02 20:30:00,430.8,21.15,54.53,0
2026-10-02 21:00:00,415.1,21.38,50.05,0
2026-10-02 21:30:00,447.9,20.08,52.46,0
2026-10-02 22:00:00,446.9,19.53,53.2,0
2026-10-02 22:30:00,444.3,19.44,53.04,0
2026-10-02 23:00:00,428.9,18.87,52.35,0
2026-10-02 23:30:00,440.0,18.49,53.98,0
2026-10-03 00:00:00,426.4,18.61,53.72,0
2026-10-03 00:30:00,435.5,17.7,51.13,0
2026-10-03 01:00:00,403.5,16.44,53.76,0
2026-10-03 01:30:00,416.8,18.9,51.8,0
2026-10-03 02:00:00,415.2,15.97,57.01,0
2026-10-03 02:30:00,408.8,16.1,55.55,0
2026-10-03 03:00:00,417.5,16.86,58.6,0
2026-10-03 03:30:00,406.8,16.41,56.62,0
2026-10-03 04:00:00,414.3,16.27,58.63,0
2026-10-03 04:30:00,434.4,15.92,59.77,0
2026-10-03 05:00:00,405.9,16.6,59.05,0
2026-10-03 05:30:00,416.7,17.38,58.73,0
2026-10-03 06:00:00,412.0,17.73,62.06,0
2026-10-03 06:30:00,414.0,17.78,63.53,0
2026-10-03 07:00:00,414.3,17.99,61.98,0
2026-10-03 07:30:00,410.2,17.73,64.49,0
2026-10-03 08:00:00,422.3,19.03,63.83,0
2026-10-03 08:30:00,426.9,19.09,61.38,0
2026-10-03 09:00:00,422.3,19.38,65.76,0
2026-10-03 09:30:00,419.5,20.3,62.17,0
2026-10-03 10:00:00,414.8,20.57,63.76,0
2026-10-03 10:30:00,433.2,20.62,64.44,0
2026-10-03 11:00:00,418.3,21.1,66.22,0
2026-10-03 11:30:00,394.5,21.8,63.75,0
2026-10-03 12:00:00,436.2,22.84,64.12,0
2026-10-03 12:30:00,413.6,22.35,63.93,0
2026-10-03 13:00:00,446.4,23.39,62.64,0
2026-10-03 13:30:00,433.0,22.79,62.19,0
2026-10-03 14:00:00,433.8,22.78,57.83,0
2026-10-03 14:30:00,420.7,24.51,62.42,0
2026-10-03 15:00:00,410.1,22.37,60.56,0
2026-10-03 15:30:00,393.3,24.37,59.46,0
2026-10-03 16:00:00,406.8,25.16,58.06,0
2026-10-03 16:30:00,412.3,23.68,55.74,0
2026-10-03 17:00:00,414.6,23.12,56.06,0
2026-10-03 17:30:00,392.7,23.7,54.29,0
2026-10-03 18:00:00,432.1,23.71,59.34,0
2026-10-03 18:30:00,409.6,22.16,53.21,0
2026-10-03 19:00:00,407.3,22.64,53.27,0
2026-10-03 19:30:00,416.9,22.3,52.8,0
2026-10-03 20:00:00,414.5,22.91,50.19,0
2026-10-03 20:30:00,409.5,21.42,52.7,0
2026-10-03 21:00:00,407.6,21.2,54.63,0
2026-10-03 21:30:00,397.0,20.24,55.92,0
2026-10-03 22:00:00,401.7,20.33,50.83,0
2026-10-03 22:30:00,433.6,19.71,52.14,0
2026-10-03 23:00:00,412.5,19.32,51.81,0
2026-10-03 23:30:00,408.8,19.02,53.5,0
2026-10-04 00:00:00,414.3,19.19,50.78,0
2026-10-04 00:30:00,423.3,18.31,53.13,0
2026-10-04 01:00:00,425.1,17.95,56.54,0
2026-10-04 01:30:00,428.3,19.07,53.23,0
2026-10-04 02:00:00,412.7,17.54,54.84,0
2026-10-04 02:30:00,421.3,18.26,57.8,0
2026-10-04 03:00:00,401.6,16.94,54.66,0
2026-10-04 03:30:00,410.4,17.75,57.36,0
2026-10-04 04:00:00,441.2,17.48,61.17,0
2026-10-04 04:30:00,443.9,16.42,57.33,0
2026-10-04 05:00:00,396.9,16.93,62.49,0
2026-10-04 05:30:00,396.9,17.04,59.86,0
2026-10-04 06:00:00,396.9,17.44,61.9,0
2026-10-04 06:30:00,396.9,16.74,60.49,0
2026-01-27 07:00:00,396.9,17.31,62.66,0
2026-10-04 07:30:00,396.9,17.78,64.55,0
2026-10-04 08:00:00,396.9,19.47,62.94,0
2026-10-04 08:30:00,396.9,18.05,64.03,0
2026-10-04 09:00:00,396.9,19.45,64.66,0
2026-10-04 09:30:00,396.9,19.64,63.25,0
2026-10-04 10:00:00,396.9,20.01,66.26,0
2026-10-04 10:30:00,396.9,19.92,61.14,0
2026-10-04 11:00:00,396.9,22.01,67.62,0
2026-10-04 11:30:00,396.9,21.94,60.29,0
2026-10-04 12:00:00,396.9,22.38,61.2,0
2026-10-04 12:30:00,396.9,23.9,63.86,0
2026-10-04 13:00:00,396.9,23.17,62.56,0
2026-10-04 13:30:00,396.9,23.09,59.7,0
2026-10-04 14:00:00,396.9,23.49,59.16,0
2026-10-04 14:30:00,396.9,23.5,62.15,0
2026-10-04 15:00:00,396.9,24.02,59.25,0
2026-10-04 15:30:00,396.9,24.71,61.16,0
2026-10-04 16:00:00,396.9,24.71,56.92,0
2026-10-04 16:30:00,396.9,23.01,60.71,0
2026-10-04 17:00:00,396.9,23.23,56.75,0
2026-10-04 17:30:00,396.9,23.66,57.28,0
2026-10-04 18:00:00,411.8,24.27,53.8,0
2026-10-04 18:30:00,411.0,24.2,51.59,0
2026-10-04 19:00:00,415.8,24.89,53.1,0
2026-10-04 19:30:00,417.5,22.1,49.37,0
2026-10-04 20:00:00,435.0,23.18,51.79,0
2026-10-04 20:30:00,420.7,21.43,53.0,0
2026-10-04 21:00:00,407.0,20.9,49.92,0
2026-10-04 21:30:00,432.4,20.88,52.52,0
2026-10-04 22:00:00,404.0,21.0,50.44,0
2026-10-04 22:30:00,390.1,19.62,55.16,0
2026-10-04 23:00:00,426.2,18.94,50.44,0
2026-10-04 23:30:00,428.1,19.57,51.24,0
2026-10-05 00:00:00,412.4,18.64,52.14,0
2026-10-05 00:30:00,414.4,17.68,51.98,0
2026-10-05 01:00:00,409.2,17.87,54.02,0
2026-10-05 01:30:00,422.8,17.0,54.33,0
2026-10-05 02:00:00,414.6,16.79,55.11,0
2026-10-05 02:30:00,415.3,16.35,55.58,0
2026-10-05 03:00:00,424.7,15.55,58.63,0
2026-10-05 03:30:00,420.1,16.64,57.4,0
2026-10-05 04:00:00,413.5,17.41,58.07,0
2026-10-05 04:30:00,437.2,16.94,58.24,0
2026-10-05 05:00:00,414.5,16.78,62.72,0
2026-10-05 05:30:00,415.6,16.89,60.3,0
2026-10-05 06:00:00,411.7,18.29,61.79,0
2026-10-05 06:30:00,407.5,17.6,60.41,0
2026-10-05 07:00:00,408.9,17.01,60.69,0
2026-10-05 07:30:00,419.1,19.16,61.27,0
2026-10-05 08:00:00,401.7,18.89,64.05,0
2026-10-05 08:30:00,417.8,19.64,62.76,0
2026-10-05 09:00:00,398.2,19.51,60.92,0
2026-10-05 09:30:00,423.3,20.17,62.65,0
2026-10-05 10:00:00,423.9,21.62,63.11,0
2026-10-05 10:30:00,419.1,20.8,64.33,0
2026-10-05 11:00:00,417.0,20.46,63.79,0
2026-10-05 11:30:00,410.2,21.85,62.56,0
2026-10-05 12:00:00,435.2,21.13,64.74,0
2026-10-05 12:30:00,422.5,23.43,62.61,0
2026-10-05 13:00:00,430.0,22.75,62.2,0
2026-10-05 13:30:00,428.6,22.65,59.11,0
2026-10-05 14:00:00,407.1,23.99,60.45,0
2026-10-05 14:30:00,425.8,23.23,60.71,0
2026-10-05 15:00:00,407.3,23.28,61.37,0
2026-10-05 15:30:00,437.7,24.09,59.85,0
2026-10-05 16:00:00,434.1,25.16,57.12,0
2026-10-05 16:30:00,423.5,23.98,59.66,0
2026-10-05 17:00:00,423.8,23.47,55.06,0
2026-10-05 17:30:00,438.5,23.91,55.07,0
2026-10-05 18:00:00,413.9,23.3,54.11,0
2026-10-05 18:30:00,441.1,23.39,54.76,0
2026-10-05 19:00:00,450.5,23.32,55.93,0
2026-10-05 19:30:00,422.2,22.25,52.5,0
2026-10-05 20:00:00,416.1,23.03,48.66,0
2026-10-05 20:30:00,433.9,21.76,52.53,0
2026-10-05 21:00:00,436.5,21.61,53.99,0
2026-10-05 21:30:00,433.0,22.02,50.92,0
2026-10-05 22:00:00,425.4,20.69,54.25,0
2026-10-05 22:30:00,423.1,20.5,54.25,0
2026-10-05 23:00:00,427.4,19.2,50.09,0
2026-10-05 23:30:00,435.9,18.65,50.89,0
2026-10-06 00:00:00,435.9,19.02,54.58,0
2026-10-06 00:30:00,435.9,19.11,52.9,0
2026-10-06 01:00:00,435.9,18.61,52.54,0
2026-10-06 01:30:00,435.9,17.91,54.13,0
2026-10-06 02:00:00,435.9,18.61,54.34,0
2026-10-06 02:30:00,435.9,17.28,55.17,0
2026-10-06 03:00:00,435.9,16.72,58.93,0
2026-10-06 03:30:00,435.9,17.38,58.24,0
2026-10-06 04:00:00,435.9,17.22,57.86,0
2026-10-06 04:30:00,435.9,16.55,56.31,0
2026-10-06 05:00:00,435.9,17.25,58.37,0
2026-10-06 05:30:00,435.9,17.74,59.36,0
2026-10-06 06:00:00,435.9,17.24,61.3,0
2026-10-06 06:30:00,435.9,18.47,60.94,0
2026-10-06 07:00:00,435.9,19.72,60.65,0
2026-10-06 07:30:00,435.9,18.78,62.78,0
2026-10-06 08:00:00,435.9,19.72,65.14,0
2026-10-06 08:30:00,435.9,19.01,62.15,0
2026-10-06 09:00:00,435.9,20.21,63.83,0
2026-10-06 09:30:00,435.9,20.39,65.41,0
2026-10-06 10:00:00,437.7,21.52,64.39,0
2026-10-06 10:30:00,455.9,21.02,62.39,0
2026-10-06 11:00:00,450.9,22.69,60.75,0
2026-10-06 11:30:00,481.1,21.03,64.09,0
2026-10-06 12:00:00,473.8,22.83,61.25,0
2026-10-06 12:30:00,469.4,23.71,63.41,0
2026-10-06 13:00:00,428.9,23.07,64.94,0
2026-10-06 13:30:00,436.3,23.75,61.67,0
2026-10-06 14:00:00,448.7,23.39,59.63,0
2026-10-06 14:30:00,454.3,24.51,59.12,0
2026-10-06 15:00:00,454.0,23.98,57.6,0
2026-10-06 15:30:00,447.2,24.61,59.02,0
2026-10-06 16:00:00,450.4,24.94,59.36,0
2026-10-06 16:30:00,446.2,23.62,56.65,0
2026-10-06 17:00:00,468.0,24.82,57.77,0
2026-10-06 17:30:00,457.9,24.04,54.21,0
2026-10-06 18:00:00,469.7,23.1,52.91,0
2026-10-06 18:30:00,476.0,24.65,56.69,0
2026-10-06 19:00:00,480.0,22.93,53.31,0
2026-10-06 19:30:00,474.7,24.76,52.53,0
2026-10-06 20:00:00,457.6,22.14,55.53,0
2026-10-06 20:30:00,475.2,21.73,50.08,0
2026-10-06 21:00:00,477.3,22.34,50.36,0
2026-10-06 21:30:00,452.2,20.65,53.07,0
2026-10-06 22:00:00,450.7,21.86,54.09,0
2026-10-06 22:30:00,494.2,22.05,51.55,0
2026-10-06 23:00:00,481.4,19.98,55.7,0
2026-10-06 23:30:00,474.4,19.5,53.63,0
2026-10-07 00:00:00,468.8,19.6,52.84,0
2026-10-07 00:30:00,480.1,18.16,54.53,0
2026-10-07 01:00:00,469.0,18.06,54.72,0
2026-10-07 01:30:00,476.9,18.6,55.87,0
2026-10-07 02:00:00,466.7,17.54,54.28,0
2026-10-07 02:30:00,465.0,17.69,54.72,0
2026-10-07 03:00:00,470.3,17.6,58.99,0
2026-10-07 03:30:00,495.0,16.28,59.83,0
2026-10-07 04:00:00,505.8,17.63,62.19,0
2026-10-07 04:30:00,471.9,17.51,60.24,0
2026-10-07 05:00:00,486.0,17.58,59.45,0
2026-10-07 05:30:00,479.6,18.11,60.29,0
2026-10-07 06:00:00,478.2,17.18,61.93,0
2026-10-07 06:30:00,513.5,18.68,61.99,0
2026-10-07 07:00:00,491.1,18.01,63.97,0
2026-10-07 07:30:00,491.9,19.17,63.35,0
2026-10-07 08:00:00,509.3,21.09,63.25,0
2026-10-07 08:30:00,492.2,20.2,63.22,0
2026-10-07 09:00:00,503.4,21.18,64.42,0
2026-10-07 09:30:00,510.3,20.16,62.37,0
2026-10-07 10:00:00,500.5,21.45,63.95,0
2026-10-07 10:30:00,508.1,21.11,64.11,0
2026-10-07 11:00:00,500.3,22.38,62.88,0
2026-10-07 11:30:00,502.3,21.79,63.33,0
2026-10-07 12:00:00,513.9,23.57,61.65,0
2026-10-07 12:30:00,527.9,22.8,65.68,0
2026-10-07 13:00:00,504.3,24.64,60.84,0
2026-10-07 13:30:00,507.8,24.58,62.37,0
2026-10-07 14:00:00,526.4,23.09,60.66,0
2026-10-07 14:30:00,530.8,25.28,58.53,0
2026-10-07 15:00:00,525.2,24.41,60.85,0
2026-10-07 15:30:00,516.1,24.63,58.86,0
2026-10-07 16:00:00,529.1,24.63,57.69,0
2026-10-07 16:30:00,537.5,24.72,54.54,0
2026-10-07 17:00:00,534.5,24.74,56.11,0
2026-10-07 17:30:00,510.4,24.22,51.71,0
2026-10-07 18:00:00,515.3,24.72,55.33,0
2026-10-07 18:30:00,525.5,25.79,51.85,0
2026-10-07 19:00:00,515.3,23.15,52.03,0
2026-10-07 19:30:00,526.1,23.56,54.53,0
2026-10-07 20:00:00,545.8,21.71,51.68,0
2026-10-07 20:30:00,511.8,23.41,51.97,0
2026-10-07 21:00:00,527.3,22.12,53.95,0
2026-10-07 21:30:00,532.4,22.12,54.95,0
2026-10-07 22:00:00,532.9,21.41,48.89,0
2026-10-07 22:30:00,518.6,21.45,48.86,0
2026-10-07 23:00:00,2044.3,21.43,53.99,0
2026-10-07 23:30:00,2729.9,19.68,51.12,0
2026-10-08 00:00:00,2554.2,20.37,52.54,0
2026-10-08 00:30:00,2568.9,19.93,55.97,0
2026-10-08 01:00:00,2007.0,19.42,53.4,0
2026-10-08 01:30:00,1812.7,18.78,52.73,0
2026-10-08 02:00:00,544.8,19.03,56.73,0
2026-10-08 02:30:00,542.9,18.29,58.84,0
2026-10-08 03:00:00,547.8,18.33,56.16,0
2026-10-08 03:30:00,555.5,18.41,58.29,0
2026-10-08 04:00:00,555.8,17.89,58.66,0
2026-10-08 04:30:00,569.5,17.43,56.74,0
2026-10-08 05:00:00,564.3,18.86,59.19,0
2026-10-08 05:30:00,539.0,17.69,57.58,0
2026-10-08 06:00:00,557.1,17.95,60.06,0
2026-10-08 06:30:00,551.6,19.06,61.69,0
2026-10-08 07:00:00,555.1,19.28,62.77,0
2026-10-08 07:30:00,571.2,19.95,62.4,0
2026-10-08 08:00:00,573.5,19.94,63.2,0
2026-10-08 08:30:00,578.3,21.04,60.22,0
2026-10-08 09:00:00,576.7,20.82,65.67,0
2026-10-08 09:30:00,595.0,21.92,67.94,0
2026-10-08 10:00:00,608.2,21.64,66.79,0
2026-10-08 10:30:00,583.3,22.7,63.53,0
2026-10-08 11:00:00,592.4,21.94,66.38,0
2026-10-08 11:30:00,583.2,22.7,62.25,0
2026-10-08 12:00:00,594.3,23.17,62.89,0
2026-10-08 12:30:00,568.6,24.73,61.56,0
2026-10-08 13:00:00,574.2,24.3,61.94,0
2026-10-08 13:30:00,590.9,23.78,60.98,0
2026-10-08 14:00:00,602.1,25.32,60.87,0
2026-10-08 14:30:00,608.8,25.16,61.69,0
2026-10-08 15:00:00,627.7,25.86,59.38,0
2026-10-08 15:30:00,616.4,24.6,58.32,0
2026-10-08 16:00:00,614.9,25.48,55.6,0
2026-10-08 16:30:00,599.6,25.83,56.19,0
2026-10-08 17:00:00,617.9,25.42,55.09,0
2026-10-08 17:30:00,614.9,24.58,54.98,0
2026-10-08 18:00:00,602.7,25.03,54.95,0
2026-10-08 18:30:00,602.0,25.14,54.1,0
2026-10-08 19:00:00,611.9,24.62,56.32,0
2026-10-08 19:30:00,649.5,24.63,52.81,0
2026-10-08 20:00:00,636.2,24.07,55.13,0
2026-10-08 20:30:00,633.1,22.0,50.94,0
2026-10-08 21:00:00,635.1,23.04,52.44,0
2026-10-08 21:30:00,602.9,21.64,51.17,0
2026-10-08 22:00:00,626.1,22.07,52.15,0
2026-10-08 22:30:00,668.8,20.92,51.43,0
2026-10-08 23:00:00,620.3,21.99,50.57,0
2026-10-08 23:30:00,633.8,20.48,51.0,0
2026-10-09 00:00:00,633.9,20.21,54.06,0
2026-10-09 00:30:00,648.5,19.43,54.13,0
2026-10-09 01:00:00,642.0,19.88,54.42,0
2026-10-09 01:30:00,632.2,19.59,53.94,0
2026-10-09 02:00:00,626.7,19.72,52.87,0
2026-10-09 02:30:00,644.6,19.02,52.27,0
2026-10-09 03:00:00,650.2,18.98,55.13,0
2026-10-09 03:30:00,656.6,19.77,56.51,0
2026-10-09 04:00:00,653.0,19.34,58.63,0
2026-10-09 04:30:00,650.0,18.06,60.66,0
2026-10-09 05:00:00,663.6,19.21,60.91,0
2026-10-09 05:30:00,655.7,18.75,61.5,0
2026-10-09 06:00:00,663.8,19.08,60.06,0
2026-10-09 06:30:00,674.0,18.44,62.51,0
2026-10-09 07:00:00,676.7,19.14,63.71,0
2026-10-09 07:30:00,651.1,20.24,62.03,0
2026-10-09 08:00:00,681.4,20.9,65.43,0
2026-10-09 08:30:00,681.1,20.91,66.2,0
2026-10-09 09:00:00,662.8,19.65,61.57,0
2026-10-09 09:30:00,685.4,21.92,62.42,0
2026-10-09 10:00:00,673.8,21.56,63.65,0
2026-10-09 10:30:00,697.7,23.34,63.58,0
2026-10-09 11:00:00,689.3,23.29,65.82,0
2026-10-09 11:30:00,696.1,22.68,63.55,0
2026-10-09 12:00:00,698.4,24.52,64.72,0
2026-10-09 12:30:00,697.6,24.38,60.6,0
2026-10-09 13:00:00,698.9,25.37,62.61,0
2026-10-09 13:30:00,677.4,24.52,61.49,0
2026-10-09 14:00:00,710.1,25.5,59.48,0
2026-10-09 14:30:00,726.1,25.36,60.6,0
2026-10-09 15:00:00,720.2,26.15,60.3,0
2026-10-09 15:30:00,716.7,25.57,58.97,0
2026-10-09 16:00:00,721.7,25.43,59.18,0
2026-10-09 16:30:00,729.1,26.19,57.58,0
2026-10-09 17:00:00,733.7,25.36,54.58,0
2026-10-09 17:30:00,713.1,25.78,53.3,0
2026-10-09 18:00:00,734.4,25.58,54.69,0
2026-10-09 18:30:00,732.6,25.48,54.01,0
2026-10-09 19:00:00,740.6,24.95,54.9,0
2026-10-09 19:30:00,734.1,25.2,53.33,0
2026-10-09 20:00:00,739.4,24.64,54.64,0
2026-10-09 20:30:00,768.9,23.08,56.79,0
2026-10-09 21:00:00,768.7,22.81,55.61,0
2026-10-09 21:30:00,764.7,23.39,48.83,0
2026-10-09 22:00:00,787.3,22.36,51.65,0
2026-10-09 22:30:00,740.0,22.72,51.96,0
2026-10-09 23:00:00,751.1,22.34,54.88,0
2026-10-09 23:30:00,760.6,21.52,53.48,0
2026-10-10 00:00:00,752.0,21.43,52.93,0
2026-10-10 00:30:00,751.5,20.46,55.45,0
2026-10-10 01:00:00,772.5,20.43,53.65,0
2026-10-10 01:30:00,763.1,20.0,54.22,0
2026-10-10 02:00:00,777.1,20.29,53.78,0
2026-10-10 02:30:00,777.1,19.83,53.45,0
2026-10-10 03:00:00,768.0,20.61,57.02,0
2026-10-10 03:30:00,786.3,18.97,58.95,0
2026-10-10 04:00:00,782.3,19.99,57.39,0
2026-10-10 04:30:00,817.0,19.85,60.75,0
2026-10-10 05:00:00,827.7,19.61,57.74,0
2026-10-10 05:30:00,777.6,19.26,58.86,0
2026-10-10 06:00:00,806.9,20.09,60.24,0
2026-10-10 06:30:00,812.7,19.65,65.14,0
2026-10-10 07:00:00,821.9,19.94,62.76,0
2026-10-10 07:30:00,830.0,19.74,62.9,0
2026-10-10 08:00:00,812.2,21.25,61.25,1
2026-10-10 08:30:00,824.0,21.9,61.92,1
2026-10-10 09:00:00,836.1,22.29,63.29,1
2026-10-10 09:30:00,816.9,22.34,64.16,1
2026-10-10 10:00:00,821.4,23.57,64.23,1
2026-10-10 10:30:00,809.3,23.49,64.42,1
2026-10-10 11:00:00,824.7,23.97,66.06,1
2026-10-10 11:30:00,810.6,23.33,66.59,1
2026-10-10 12:00:00,853.6,24.53,64.12,1
2026-10-10 12:30:00,846.5,25.63,62.84,1
2026-10-10 13:00:00,882.1,25.12,60.91,1
2026-10-10 13:30:00,827.2,26.5,64.47,1
2026-10-10 14:00:00,841.7,27.01,59.71,1
2026-10-10 14:30:00,871.2,26.42,60.62,1
2026-10-10 15:00:00,859.3,26.17,60.83,1
2026-10-10 15:30:00,862.9,26.96,56.65,1
2026-10-10 16:00:00,1816.7,25.42,59.1,1
2026-10-10 16:30:00,3015.1,26.44,55.06,1
2026-10-10 17:00:00,1835.3,27.08,55.55,1
2026-10-10 17:30:00,2374.5,26.32,53.44,1
2026-10-10 18:00:00,2821.4,26.16,55.41,1
2026-10-10 18:30:00,2264.4,26.64,56.63,1
2026-10-10 19:00:00,891.0,26.15,52.7,1
2026-10-10 19:30:00,903.8,27.14,52.02,1
2026-10-10 20:00:00,885.8,24.65,55.81,1
2026-10-10 20:30:00,925.8,24.4,54.39,1
2026-10-10 21:00:00,913.7,24.35,49.73,1
2026-10-10 21:30:00,901.5,24.06,53.23,1
2026-10-10 22:00:00,909.2,23.27,53.0,1
2026-10-10 22:30:00,912.1,23.11,51.56,1
2026-10-10 23:00:00,934.3,22.48,53.12,1
2026-10-10 23:30:00,937.0,22.07,52.78,1
2026-10-11 00:00:00,954.1,21.96,50.61,1
2026-10-11 00:30:00,938.0,21.9,51.86,1
2026-10-11 01:00:00,931.7,20.94,52.77,1
2026-10-11 01:30:00,947.1,21.11,53.81,1
2026-10-11 02:00:00,952.2,20.95,53.28,1
2026-10-11 02:30:00,959.3,19.39,56.46,1
2026-10-11 03:00:00,946.6,21.17,56.58,1
2026-10-11 03:30:00,942.2,20.46,57.76,1
2026-10-11 04:00:00,953.6,20.58,58.07,1
2026-10-11 04:30:00,956.2,20.27,61.18,1
2026-10-11 05:00:00,968.6,20.79,59.39,1
2026-10-11 05:30:00,973.2,21.01,62.43,1
2026-10-11 06:00:00,975.7,19.89,62.21,1
2026-10-11 06:30:00,997.8,20.71,62.61,1
2026-10-11 07:00:00,,21.55,60.29,1
2026-10-11 07:30:00,1000.7,22.14,61.73,1
2026-10-11 08:00:00,982.9,21.44,63.58,1
2026-10-11 08:30:00,988.5,21.45,63.16,1
2026-10-11 09:00:00,1010.8,21.71,62.7,1
2026-10-11 09:30:00,1017.7,23.76,65.02,1
2026-10-11 10:00:00,1018.8,23.52,63.7,1
2026-10-11 10:30:00,1011.6,24.87,63.96,1
2026-10-11 11:00:00,1024.0,25.48,63.81,1
2026-10-11 11:30:00,1006.2,26.19,61.72,1
2026-10-11 12:00:00,1013.3,26.16,62.39,1
2026-10-11 12:30:00,1036.5,26.02,64.44,1
2026-10-11 13:00:00,1038.2,26.47,61.7,1
2026-10-11 13:30:00,1055.9,26.2,63.38,1
2026-10-11 14:00:00,1038.1,26.82,61.15,1
2026-10-11 14:30:00,1036.4,26.26,60.79,1
2026-10-11 15:00:00,1062.8,27.02,60.26,1
2026-10-11 15:30:00,1064.1,27.29,58.94,1
2026-10-11 16:00:00,1057.9,25.97,56.52,1
2026-10-11 16:30:00,1054.3,27.25,59.41,1
2026-10-11 17:00:00,1068.0,27.23,55.85,1
2026-10-11 17:30:00,1065.0,27.96,56.4,1
2026-10-11 18:00:00,1066.8,27.34,55.0,1
2026-10-11 18:30:00,1105.3,27.58,52.63,1
2026-10-11 19:00:00,1078.6,25.93,52.21,1
2026-10-11 19:30:00,1099.6,26.37,52.1,1
2026-10-11 20:00:00,1117.1,26.28,54.01,1
2026-10-11 20:30:00,1096.4,25.47,50.54,1
2026-10-11 21:00:00,1090.4,26.02,53.35,1
2026-10-11 21:30:00,1096.0,24.37,52.39,1
2026-10-11 22:00:00,1112.1,25.12,49.44,1
2026-10-11 22:30:00,1115.6,25.31,49.8,1
2026-10-11 23:00:00,1148.5,23.76,52.11,1
2026-10-11 23:30:00,1115.7,22.75,51.11,1
2026-10-12 00:00:00,1126.6,22.06,53.35,1
2026-10-12 00:30:00,1158.3,22.54,54.07,1
2026-10-12 01:00:00,1149.4,22.27,51.2,1
2026-10-12 01:30:00,1133.9,21.07,54.21,1
2026-10-12 02:00:00,1174.6,20.88,54.91,1
2026-10-12 02:30:00,1147.0,21.68,54.11,1
2026-10-12 03:00:00,1138.2,21.92,57.32,1
2026-10-12 03:30:00,1168.1,21.88,58.09,1
2026-10-12 04:00:00,1146.3,20.74,56.07,1
2026-10-12 04:30:00,1153.7,21.15,61.38,1
2026-10-12 05:00:00,1169.9,21.19,62.47,1
2026-10-12 05:30:00,1200.4,20.89,61.12,1
2026-10-12 06:00:00,1171.6,22.46,60.27,1
2026-10-12 06:30:00,1198.4,22.45,63.58,1
2026-10-12 07:00:00,1210.5,22.76,62.49,1
2026-10-12 07:30:00,1212.2,23.33,60.86,1
2026-10-12 08:00:00,1204.4,22.48,63.35,1
2026-10-12 08:30:00,1224.5,23.53,63.93,1
2026-10-12 09:00:00,1230.2,24.13,65.27,1
2026-10-12 09:30:00,1246.2,24.18,63.32,1
2026-10-12 10:00:00,1224.2,24.71,62.11,1
2026-10-12 10:30:00,1239.0,25.31,59.72,1
2026-10-12 11:00:00,1214.4,25.65,63.1,1
2026-10-12 11:30:00,1226.4,26.3,59.79,1
2026-10-12 12:00:00,1235.9,25.51,64.68,1
2026-10-12 12:30:00,1236.6,26.69,62.78,1
2026-10-12 13:00:00,1246.7,27.82,63.51,1
2026-10-12 13:30:00,1261.7,28.17,63.56,1
2026-10-12 14:00:00,1264.5,27.03,60.5,1
2026-10-12 14:30:00,1261.4,28.52,62.21,1
2026-10-12 15:00:00,1260.9,28.93,61.27,1
2026-10-12 15:30:00,1274.6,28.33,59.95,1
2026-10-12 16:00:00,1307.1,27.54,58.56,1
2026-10-12 16:30:00,1283.8,28.52,58.78,1
2026-10-12 17:00:00,1308.8,28.9,60.11,1
2026-10-12 17:30:00,1298.0,28.23,56.37,1
2026-10-12 18:00:00,1293.5,27.76,57.06,1
2026-10-12 18:30:00,1329.2,26.71,55.07,1
2026-10-12 19:00:00,1335.2,27.8,53.31,1
2026-10-12 19:30:00,1317.0,26.85,54.71,1
2026-10-12 20:00:00,1311.7,25.97,51.6,1
2026-10-12 20:30:00,1357.3,26.66,52.8,1
2026-10-12 21:00:00,1339.8,26.86,51.85,1
2026-10-12 21:30:00,1325.6,24.91,52.17,1
2026-10-12 22:00:00,1343.4,24.8,53.6,1
2026-10-12 22:30:00,1350.5,23.98,51.56,1
2026-10-12 23:00:00,1370.5,25.06,52.74,1
2026-10-12 23:30:00,1386.6,24.88,54.93,1
2026-10-13 00:00:00,1362.5,23.92,52.2,1
2026-10-13 00:30:00,1352.0,23.55,50.58,1
2026-10-13 01:00:00,1351.8,22.74,56.17,1
2026-10-13 01:30:00,1340.8,22.19,55.7,1
2026-10-13 02:00:00,1319.5,21.68,55.27,1
2026-10-13 02:30:00,1311.6,21.53,54.51,1
2026-10-13 03:00:00,1315.4,22.23,55.62,1
2026-10-13 03:30:00,1305.7,22.79,60.03,1
2026-10-13 04:00:00,1303.0,21.54,60.52,1
2026-10-13 04:30:00,1257.1,21.93,59.53,1
2026-10-13 05:00:00,1263.8,22.43,60.04,1
2026-10-13 05:30:00,1250.6,21.57,61.7,1
2026-10-13 06:00:00,1255.8,21.81,60.91,1
2026-10-13 06:30:00,1258.3,22.15,64.17,1
2026-10-13 07:00:00,1246.3,22.36,58.7,1
2026-10-13 07:30:00,1217.6,22.44,62.57,1
2026-10-13 08:00:00,1195.3,23.29,63.49,1
2026-10-13 08:30:00,1189.6,22.29,65.93,1
2026-10-13 09:00:00,-107.52962829344219,23.37,64.46,1
2026-10-13 09:30:00,1177.5,24.31,64.92,1
2026-10-13 10:00:00,1157.2,23.95,63.58,1
2026-10-13 10:30:00,1163.2,24.57,64.03,1
2026-10-13 11:00:00,1182.0,25.07,62.34,1
2026-10-13 11:30:00,1140.0,25.92,63.4,1
2026-10-13 12:00:00,1120.3,25.28,65.58,1
2026-10-13 12:30:00,1106.0,26.02,61.42,1
2026-10-13 13:00:00,1111.6,26.21,62.72,1
2026-10-13 13:30:00,1097.2,26.33,61.23,1
2026-10-13 14:00:00,1076.2,27.07,62.02,1
2026-10-13 14:30:00,1085.4,27.83,61.72,1
2026-10-13 15:00:00,1067.2,26.46,57.91,1
2026-10-13 15:30:00,1052.6,26.86,59.73,1
2026-10-13 16:00:00,1042.7,26.79,55.77,1
2026-10-13 16:30:00,1060.7,27.3,56.45,1
2026-10-13 17:00:00,1034.0,26.79,53.58,1
2026-10-13 17:30:00,-138.36515663563836,27.38,55.43,1
2026-10-13 18:00:00,1028.8,26.47,55.19,1
2026-10-13 18:30:00,994.3,26.58,57.2,0
2026-10-13 19:00:00,998.4,26.31,52.23,0
2026-10-13 19:30:00,982.3,25.39,52.23,0
2026-10-13 20:00:00,980.2,24.08,55.31,0
2026-10-13 20:30:00,959.7,25.33,53.71,0
2026-10-13 21:00:00,958.5,23.88,51.58,0
2026-10-13 21:30:00,941.8,23.59,50.07,0
2026-10-13 22:00:00,,23.45,53.23,0
2026-10-13 22:30:00,915.5,22.59,52.43,0
2026-10-13 23:00:00,896.1,22.24,51.88,0
2026-10-13 23:30:00,896.2,21.8,50.95,0
2026-10-14 00:00:00,882.4,20.96,56.08,0
2026-10-14 00:30:00,855.8,20.84,53.3,0
2026-10-14 01:00:00,897.7,20.76,53.69,0
2026-10-14 01:30:00,862.8,19.89,54.6,0
2026-10-14 02:00:00,865.9,20.25,55.31,0
2026-10-14 02:30:00,831.8,19.03,56.11,0
2026-10-14 03:00:00,843.8,18.59,56.14,0
2026-10-14 03:30:00,832.3,19.24,58.2,0
2026-10-14 04:00:00,808.0,19.72,59.62,0
2026-10-14 04:30:00,807.3,18.87,59.11,0
2026-10-14 05:00:00,795.7,18.63,58.74,0
2026-10-14 05:30:00,781.0,20.12,61.82,0
2026-10-14 06:00:00,778.6,19.24,60.03,0
2026-10-14 06:30:00,768.0,19.27,60.83,0
2026-10-14 07:00:00,743.0,19.52,63.56,0
2026-10-14 07:30:00,748.3,21.01,63.44,0
2026-10-14 08:00:00,,21.15,63.19,0
2026-10-14 08:30:00,710.2,20.28,61.67,0
2026-10-14 09:00:00,706.5,21.24,62.11,0
2026-10-14 09:30:00,687.0,21.54,63.79,0
2026-10-14 10:00:00,697.3,23.07,61.69,0
2026-10-14 10:30:00,689.4,22.2,64.8,0
2026-10-14 11:00:00,672.1,22.8,65.27,0
2026-10-14 11:30:00,660.9,23.4,64.95,0
2026-10-14 12:00:00,640.2,22.53,62.68,0
2026-10-14 12:30:00,639.1,23.96,64.7,0
2026-10-14 13:00:00,609.1,25.01,63.4,0
2026-10-14 13:30:00,653.7,23.6,61.8,0
2026-10-14 14:00:00,623.9,25.27,62.79,0
2026-10-14 14:30:00,612.9,24.59,62.54,0
2026-10-14 15:00:00,608.3,24.72,60.89,0
2026-10-14 15:30:00,596.8,25.44,57.78,0
2026-10-14 16:00:00,560.2,24.65,59.82,0
2026-10-14 16:30:00,575.7,24.39,56.88,0
2026-10-14 17:00:00,535.1,25.12,57.99,0
2026-10-14 17:30:00,535.7,24.75,55.75,0
2026-10-14 18:00:00,543.9,25.24,57.11,0
2026-10-14 18:30:00,501.7,23.87,54.06,0
2026-10-14 19:00:00,504.5,23.99,52.23,0
2026-10-14 19:30:00,503.6,23.36,52.46,0
2026-10-14 20:00:00,477.8,22.04,51.41,0
2026-10-14 20:30:00,495.4,21.96,53.95,0
2026-10-14 21:00:00,471.1,21.57,52.31,0
2026-10-14 21:30:00,440.8,20.92,51.72,0
2026-10-14 22:00:00,450.1,21.0,51.51,0
2026-10-14 22:30:00,444.5,20.37,54.29,0
2026-10-14 23:00:00,412.9,20.54,52.92,0
2026-10-14 23:30:00,423.6,19.42,52.6,0
2026-10-15 00:00:00,413.5,18.5,53.16,0
2026-10-15 00:30:00,409.2,20.28,52.98,0
2026-10-15 01:00:00,420.9,19.39,54.05,0
2026-10-15 01:30:00,423.9,18.15,52.25,0
2026-10-15 02:00:00,416.0,17.28,56.34,0
2026-10-15 02:30:00,425.4,17.21,54.17,0
2026-10-15 03:00:00,405.5,17.8,55.56,0
2026-10-15 03:30:00,412.6,17.03,57.0,0
2026-10-15 04:00:00,424.0,16.06,55.86,0
2026-10-15 04:30:00,428.4,17.52,59.12,0
2026-10-15 05:00:00,421.5,16.12,61.24,0
2026-10-15 05:30:00,417.6,17.87,63.68,0
2026-10-15 06:00:00,425.1,18.2,58.09,0
2026-10-15 06:30:00,412.9,18.8,60.87,0
2026-10-15 07:00:00,430.1,18.05,61.5,0
2026-10-15 07:30:00,433.4,18.25,62.56,0
2026-10-15 08:00:00,424.4,19.23,63.82,0
2026-10-15 08:30:00,425.5,19.52,62.23,0
2026-10-15 09:00:00,427.2,19.68,63.25,0
2026-10-15 09:30:00,404.7,20.62,62.17,0
2026-10-15 10:00:00,436.0,21.25,65.29,0
2026-10-15 10:30:00,452.0,21.49,65.14,0
2026-10-15 11:00:00,448.0,22.54,65.23,0
2026-10-15 11:30:00,414.8,22.74,62.75,0
2026-10-15 12:00:00,442.1,23.02,64.88,0
2026-10-15 12:30:00,420.8,23.17,63.66,0
2026-10-15 13:00:00,428.6,23.3,64.56,0
2026-10-15 13:30:00,416.5,24.35,64.08,0
2026-10-15 14:00:00,423.5,24.04,62.58,0
2026-10-15 14:30:00,424.0,23.07,60.38,0
2026-10-15 15:00:00,381.7,24.25,60.67,0
2026-10-15 15:30:00,418.8,23.68,58.95,0
2026-10-15 16:00:00,430.2,24.4,56.59,0
2026-10-15 16:30:00,415.4,23.65,58.62,0
2026-10-15 17:00:00,414.7,23.45,56.03,0
2026-10-15 17:30:00,432.2,23.3,55.52,0
2026-10-15 18:00:00,433.9,24.4,55.49,0
2026-10-15 18:30:00,416.4,23.52,54.95,0
2026-10-15 19:00:00,419.0,23.86,54.69,0
2026-10-15 19:30:00,406.1,23.56,51.59,0
2026-10-15 20:00:00,445.9,22.64,52.57,0
2026-10-15 20:30:00,446.2,23.1,50.89,0
2026-10-15 21:00:00,424.1,21.67,49.49,0
2026-10-15 21:30:00,417.8,21.23,49.38,0
2026-10-15 22:00:00,427.5,21.15,49.89,0
2026-10-15 22:30:00,411.6,20.08,51.02,0
2026-10-15 23:00:00,434.2,20.36,50.01,0
2026-10-15 23:30:00,428.7,20.26,53.34,0
2026-10-16 00:00:00,414.2,19.94,57.3,0
2026-10-16 00:30:00,430.1,19.08,53.49,0
2026-10-16 01:00:00,436.4,18.63,54.3,0
2026-10-16 01:30:00,436.1,17.53,56.92,0
2026-10-16 02:00:00,437.8,17.83,56.3,0
2026-10-16 02:30:00,429.0,17.94,53.48,0
2026-10-16 03:00:00,420.0,17.7,55.63,0
2026-10-16 03:30:00,439.5,17.96,56.38,0
2026-10-16 04:00:00,428.8,17.53,58.5,0
2026-10-16 04:30:00,431.6,17.0,60.28,0
2026-10-16 05:00:00,424.8,18.57,59.34,0
2026-10-16 05:30:00,431.2,17.84,60.1,0
2026-10-16 06:00:00,458.9,17.33,62.83,0
2026-10-16 06:30:00,441.4,18.97,60.55,0
2026-10-16 07:00:00,440.1,18.01,64.33,0
2026-10-16 07:30:00,419.7,19.32,62.32,0
2026-10-16 08:00:00,444.9,19.1,63.46,0
2026-10-16 08:30:00,415.2,18.67,61.95,0
2026-10-16 09:00:00,446.8,19.33,64.27,0
2026-10-16 09:30:00,434.4,20.71,65.13,0
2026-10-16 10:00:00,428.7,20.51,66.66,0
2026-10-16 10:30:00,413.1,21.29,62.96,0
2026-10-16 11:00:00,442.5,21.65,61.92,0
2026-10-16 11:30:00,453.8,22.62,61.66,0
2026-10-16 12:00:00,443.1,23.22,63.52,0
2026-10-16 12:30:00,448.6,22.25,61.28,0
2026-10-16 13:00:00,425.6,23.12,64.91,0
2026-10-16 13:30:00,436.7,24.34,59.58,0
2026-10-16 14:00:00,431.0,24.01,61.8,0
2026-10-16 14:30:00,448.1,24.44,61.16,0
2026-10-16 15:00:00,436.4,24.63,62.06,0
2026-10-16 15:30:00,440.0,24.16,59.62,0
2026-10-16 16:00:00,439.5,23.63,56.53,0
2026-10-16 16:30:00,438.0,24.47,57.43,0
2026-10-16 17:00:00,427.3,24.09,55.44,0
2026-10-16 17:30:00,435.4,23.27,53.94,0
2026-10-16 18:00:00,435.5,23.87,56.54,0
2026-10-16 18:30:00,437.1,23.54,53.53,0
2026-10-16 19:00:00,451.6,24.19,54.04,0
2026-10-16 19:30:00,427.8,22.88,52.26,0
2026-10-16 20:00:00,425.7,22.23,55.58,0
2026-10-16 20:30:00,432.6,22.78,52.8,0
2026-10-16 21:00:00,437.7,21.7,53.07,0
2026-10-16 21:30:00,417.3,22.57,53.46,0
2026-10-16 22:00:00,435.1,22.71,52.16,0
2026-10-16 22:30:00,431.7,21.56,50.63,0
2026-10-16 23:00:00,440.4,19.51,53.56,0
2026-10-16 23:30:00,428.1,20.0,51.3,0
2026-10-17 00:00:00,454.8,18.68,53.24,0
2026-10-17 00:30:00,431.7,18.28,56.72,0
2026-10-17 01:00:00,446.4,19.19,53.21,0
2026-10-17 01:30:00,446.9,18.36,52.98,0
2026-10-17 02:00:00,461.0,18.24,56.28,0
2026-10-17 02:30:00,436.5,17.86,55.76,0
2026-10-17 03:00:00,453.2,17.59,54.73,0
2026-10-17 03:30:00,441.6,18.51,58.96,0
2026-10-17 04:00:00,437.4,18.11,56.73,0
2026-10-17 04:30:00,450.7,18.35,58.92,0
2026-10-17 05:00:00,451.0,16.61,62.71,0
2026-10-17 05:30:00,435.3,18.5,59.12,0
2026-10-17 06:00:00,465.1,18.94,60.65,0
2026-10-17 06:30:00,455.1,18.38,59.93,0
2026-10-17 07:00:00,452.2,19.44,61.66,0
2026-10-17 07:30:00,453.2,19.12,62.76,0
2026-10-17 08:00:00,443.9,19.95,64.81,0
2026-10-17 08:30:00,479.4,19.31,62.86,0
2026-10-17 09:00:00,462.1,20.15,65.01,0
2026-10-17 09:30:00,459.9,21.21,64.59,0
2026-10-17 10:00:00,453.1,20.47,64.1,0
2026-10-17 10:30:00,459.4,21.35,64.16,0
2026-10-17 11:00:00,446.3,21.61,64.54,0
2026-10-17 11:30:00,469.4,23.28,63.26,0
2026-10-17 12:00:00,453.5,22.98,62.81,0
2026-10-17 12:30:00,467.5,23.02,63.59,0
2026-10-17 13:00:00,481.4,23.64,62.63,0
2026-10-17 13:30:00,475.1,23.48,64.07,0
2026-10-17 14:00:00,461.3,24.3,65.08,0
2026-10-17 14:30:00,457.3,23.77,60.59,0
2026-10-17 15:00:00,469.3,23.67,58.62,0
2026-10-17 15:30:00,470.8,24.44,57.62,0
2026-10-17 16:00:00,472.0,25.05,58.23,0
2026-10-17 16:30:00,469.4,24.79,57.13,0
2026-10-17 17:00:00,457.9,25.09,54.89,0
2026-10-17 17:30:00,470.0,24.43,53.53,0
2026-10-17 18:00:00,460.9,24.62,54.22,0
2026-10-17 18:30:00,494.9,23.57,53.82,0
2026-10-17 19:00:00,452.4,24.28,52.12,0
2026-10-17 19:30:00,477.8,23.45,52.53,0
2026-10-17 20:00:00,465.1,22.39,53.22,0
2026-10-17 20:30:00,483.2,22.48,52.16,0
2026-10-17 21:00:00,474.3,21.31,53.89,0
2026-10-17 21:30:00,496.8,21.84,50.07,0
2026-10-17 22:00:00,485.0,22.05,49.14,0
2026-10-17 22:30:00,473.4,21.13,50.34,0
2026-10-17 23:00:00,470.9,21.25,51.67,0
2026-10-17 23:30:00,510.3,19.38,54.7,0
2026-10-18 00:00:00,477.4,18.77,52.86,0
2026-10-18 00:30:00,490.7,19.36,54.23,0
2026-10-18 01:00:00,495.7,19.38,53.93,0
2026-10-18 01:30:00,471.2,18.71,51.21,0
2026-10-18 02:00:00,477.0,17.4,56.71,0
2026-10-18 02:30:00,491.6,18.43,57.99,0
2026-10-18 03:00:00,493.4,16.65,56.85,0
2026-10-18 03:30:00,469.4,18.06,57.77,0
2026-10-18 04:00:00,519.5,16.72,57.07,0
2026-10-18 04:30:00,484.5,17.46,60.23,0
2026-10-18 05:00:00,507.5,19.47,57.5,0
2026-10-18 05:30:00,505.4,17.8,60.96,0
2026-10-18 06:00:00,499.3,18.83,61.05,0
2026-10-18 06:30:00,495.4,19.77,63.28,0
2026-10-18 07:00:00,509.1,18.3,61.84,0
2026-10-18 07:30:00,515.9,20.64,61.64,0
2026-10-18 08:00:00,512.1,19.98,63.38,0
2026-10-18 08:30:00,506.7,21.46,62.48,0
2026-10-18 09:00:00,512.7,20.5,61.68,0
2026-10-18 09:30:00,522.8,20.85,63.66,0
2026-10-18 10:00:00,508.7,20.77,65.25,0
2026-10-18 10:30:00,514.0,21.79,63.95,0
2026-10-18 11:00:00,491.3,22.02,59.74,0
2026-10-18 11:30:00,523.1,21.91,63.82,0
2026-10-18 12:00:00,533.2,22.36,62.68,0
2026-10-18 12:30:00,519.3,23.67,62.34,0
2026-10-18 13:00:00,535.9,23.77,61.96,0
2026-10-18 13:30:00,512.4,24.3,61.99,0
2026-10-18 14:00:00,510.5,24.43,58.72,0
2026-10-18 14:30:00,536.7,25.46,57.54,0
2026-10-18 15:00:00,529.7,25.0,58.85,0
2026-10-18 15:30:00,540.8,25.52,58.54,0
2026-10-18 16:00:00,534.2,24.91,59.29,0
2026-10-18 16:30:00,522.9,24.47,55.11,0
2026-10-18 17:00:00,519.6,25.09,55.42,0
2026-10-18 17:30:00,548.2,25.17,57.28,0
2026-10-18 18:00:00,544.0,24.88,55.48,0
2026-10-18 18:30:00,524.2,24.42,53.08,0
2026-10-18 19:00:00,537.5,23.81,55.0,0
2026-10-18 19:30:00,545.4,23.54,54.1,0
2026-10-18 20:00:00,537.1,22.59,55.57,0
2026-10-18 20:30:00,533.1,23.15,54.48,0
2026-10-18 21:00:00,563.6,22.55,51.99,0
2026-10-18 21:30:00,547.2,21.15,50.79,0
2026-10-18 22:00:00,553.1,21.34,53.15,0
2026-10-18 22:30:00,564.9,22.24,50.92,0
2026-10-18 23:00:00,550.0,20.48,50.68,0
2026-10-18 23:30:00,563.9,21.35,53.83,0
2026-10-19 00:00:00,560.4,20.45,53.28,0
2026-10-19 00:30:00,568.1,19.54,52.79,0
2026-10-19 01:00:00,569.3,18.48,52.44,0
2026-10-19 01:30:00,560.6,18.28,52.55,0
2026-10-19 02:00:00,551.2,19.73,52.73,0
2026-10-19 02:30:00,593.0,19.8,54.36,0
2026-10-19 03:00:00,567.7,19.25,54.79,0
2026-10-19 03:30:00,580.8,18.37,56.69,0
2026-10-19 04:00:00,593.5,17.63,57.93,0
2026-10-19 04:30:00,560.8,18.89,57.99,0
2026-10-19 05:00:00,603.4,17.38,58.89,0
2026-10-19 05:30:00,568.5,18.31,61.31,0
2026-10-19 06:00:00,608.8,19.91,63.31,0
2026-10-19 06:30:00,601.0,19.71,62.11,0
2026-10-19 07:00:00,590.5,20.48,62.87,0
2026-10-19 07:30:00,581.6,19.51,63.32,0
2026-10-19 08:00:00,600.3,20.32,63.59,0
2026-10-19 08:30:00,589.8,19.52,63.64,0
2026-10-19 09:00:00,609.5,20.73,64.1,0
2026-10-19 09:30:00,617.5,22.11,64.31,0
2026-10-19 10:00:00,596.9,21.17,65.42,0
2026-10-19 10:30:00,593.4,23.11,64.44,0
2026-10-19 11:00:00,614.0,23.59,61.38,0
2026-10-19 11:30:00,603.7,23.49,61.84,0
2026-10-19 12:00:00,608.7,23.27,64.42,0
2026-10-19 12:30:00,624.7,24.91,65.09,0
2026-10-19 13:00:00,609.1,24.84,63.18,0
2026-10-19 13:30:00,629.3,26.68,56.55,0
2026-10-19 14:00:00,641.8,26.37,59.92,0
2026-10-19 14:30:00,637.2,25.09,58.99,0
2026-10-19 15:00:00,637.7,25.29,57.19,0
2026-10-19 15:30:00,656.1,26.1,57.82,0
2026-10-19 16:00:00,654.4,25.93,55.67,0
2026-10-19 16:30:00,624.9,25.96,58.67,0
2026-10-19 17:00:00,636.4,25.71,56.66,0
2026-10-19 17:30:00,640.3,24.45,56.66,0
2026-10-19 18:00:00,629.2,25.57,53.72,0
2026-10-19 18:30:00,,24.24,55.16,0
2026-10-19 19:00:00,647.2,23.77,53.88,0
2026-10-19 19:30:00,656.1,24.56,52.24,0
2026-10-19 20:00:00,654.1,24.37,55.01,0
2026-10-19 20:30:00,672.2,23.19,51.95,0
2026-10-19 21:00:00,650.2,23.41,50.89,0
2026-10-19 21:30:00,673.8,22.88,50.29,0
2026-10-19 22:00:00,684.5,22.32,49.76,0
2026-10-19 22:30:00,677.4,21.81,51.23,0
2026-10-19 23:00:00,685.1,22.47,50.58,0
2026-10-19 23:30:00,663.8,20.63,52.64,0
2026-10-20 00:00:00,692.9,20.38,50.9,0
2026-10-20 00:30:00,675.0,19.77,52.56,0
2026-10-20 01:00:00,695.3,19.27,54.97,0
2026-10-20 01:30:00,690.5,20.26,52.93,0
2026-10-20 02:00:00,691.2,19.41,57.28,0
2026-10-20 02:30:00,689.8,18.98,56.41,0
2026-10-20 03:00:00,724.1,19.08,56.62,0
2026-10-20 03:30:00,703.8,18.55,56.73,0
2026-10-20 04:00:00,694.5,20.41,54.75,0
2026-10-20 04:30:00,706.1,19.27,60.24,0
2026-10-20 05:00:00,706.9,18.28,57.92,0
2026-10-20 05:30:00,728.2,18.7,60.5,0
2026-10-20 06:00:00,724.8,20.29,59.59,0
2026-10-20 06:30:00,740.4,20.61,63.72,0
2026-10-20 07:00:00,730.9,20.17,62.27,0
2026-10-20 07:30:00,730.7,20.07,64.47,0
2026-10-20 08:00:00,723.7,20.36,62.5,0
2026-10-20 08:30:00,749.0,21.49,65.37,0
2026-10-20 09:00:00,738.9,22.5,63.67,0
2026-10-20 09:30:00,748.1,22.36,61.92,0
2026-10-20 10:00:00,764.4,23.86,62.22,0
2026-10-20 10:30:00,743.5,22.63,62.27,0
2026-10-20 11:00:00,763.0,23.58,64.16,0
2026-10-20 11:30:00,756.9,23.51,62.97,0
2026-10-20 12:00:00,784.7,23.94,62.05,0
2026-10-20 12:30:00,776.2,24.38,62.86,0
2026-10-20 13:00:00,779.5,25.28,62.0,0
2026-10-20 13:30:00,776.4,24.79,60.18,0
2026-10-20 14:00:00,790.1,24.91,58.25,0
2026-10-20 14:30:00,763.5,25.75,59.55,0
2026-10-20 15:00:00,783.4,26.13,59.22,0
2026-10-20 15:30:00,802.7,27.35,64.43,0
2026-10-20 16:00:00,794.6,26.42,56.85,0
2026-10-20 16:30:00,780.1,27.29,59.11,0
2026-10-20 17:00:00,785.3,24.54,58.18,0
2026-10-20 17:30:00,810.4,27.19,54.67,0
2026-10-20 18:00:00,794.1,26.96,54.42,0
2026-10-20 18:30:00,796.3,25.98,52.85,0
2026-10-20 19:00:00,814.6,26.06,52.12,0
2026-10-20 19:30:00,819.4,25.64,52.44,0
2026-10-20 20:00:00,790.5,23.5,52.94,0
2026-10-20 20:30:00,841.0,23.56,53.23,0
2026-10-20 21:00:00,840.9,22.76,50.43,0
2026-10-20 21:30:00,840.9,24.58,50.85,0
2026-10-20 22:00:00,828.0,23.54,51.87,0
2026-10-20 22:30:00,857.2,23.31,52.96,0
2026-10-20 23:00:00,841.8,22.35,51.01,0
2026-10-20 23:30:00,853.5,21.84,54.47,0
2026-10-21 00:00:00,852.9,21.39,54.08,0
2026-10-21 00:30:00,858.0,21.02,55.39,0
2026-10-21 01:00:00,839.0,21.15,56.86,0
2026-10-21 01:30:00,837.2,20.63,53.95,0
2026-10-21 02:00:00,836.3,20.99,53.65,0
2026-10-21 02:30:00,820.0,20.73,55.28,0
2026-10-21 03:00:00,823.4,20.41,55.3,0
2026-10-21 03:30:00,815.6,21.26,57.12,0
2026-10-21 04:00:00,822.6,18.92,58.75,0
2026-10-21 04:30:00,847.5,18.96,59.22,0
2026-10-21 05:00:00,809.6,18.63,57.83,0
2026-10-21 05:30:00,806.6,20.38,61.07,0
2026-10-21 06:00:00,801.9,20.16,62.38,0
2026-10-21 06:30:00,813.1,21.2,62.47,0
2026-10-21 07:00:00,758.9,19.75,59.92,0
2026-10-21 07:30:00,778.1,21.46,65.19,0
2026-10-21 08:00:00,787.5,21.88,60.77,0
2026-10-21 08:30:00,781.2,20.66,65.99,0
2026-10-21 09:00:00,769.0,22.52,63.86,0
2026-10-21 09:30:00,784.1,23.37,61.21,0
2026-10-21 10:00:00,757.7,24.0,65.42,0
2026-10-21 10:30:00,762.8,23.44,64.83,0
2026-10-21 11:00:00,764.4,22.76,66.24,0
2026-10-21 11:30:00,722.7,23.6,65.67,0
2026-10-21 12:00:00,742.3,24.47,59.78,0
2026-10-21 12:30:00,720.9,24.67,63.96,0
2026-10-21 13:00:00,720.0,24.82,60.31,0
2026-10-21 13:30:00,723.7,26.09,60.89,0
2026-10-21 14:00:00,743.0,25.05,62.38,0
2026-10-21 14:30:00,734.9,25.48,60.93,0
2026-10-21 15:00:00,719.5,26.27,60.49,0
2026-10-21 15:30:00,718.6,26.36,62.64,0
2026-10-21 16:00:00,729.3,26.74,57.73,0
2026-10-21 16:30:00,713.6,25.39,56.13,0
2026-10-21 17:00:00,723.0,25.05,57.1,0
2026-10-21 17:30:00,701.2,26.07,57.28,0
2026-10-21 18:00:00,715.2,25.87,53.81,0
2026-10-21 18:30:00,699.8,25.5,54.39,0
2026-10-21 19:00:00,704.8,24.86,54.09,0
2026-10-21 19:30:00,696.2,24.41,53.99,0
2026-10-21 20:00:00,703.1,23.79,52.56,0
2026-10-21 20:30:00,665.9,24.19,51.03,0
2026-10-21 21:00:00,675.3,22.83,53.22,0
2026-10-21 21:30:00,673.3,23.06,52.51,0
2026-10-21 22:00:00,691.9,21.91,50.13,0
2026-10-21 22:30:00,673.9,22.05,50.15,0
2026-10-21 23:00:00,677.1,22.2,50.52,0
2026-10-21 23:30:00,639.7,21.47,49.75,0
2026-10-22 00:00:00,647.5,21.16,54.29,0
2026-10-22 00:30:00,642.3,20.15,52.48,0
2026-10-22 01:00:00,644.5,20.59,53.11,0
2026-10-22 01:30:00,610.3,18.76,54.16,0
2026-10-22 02:00:00,631.1,19.62,55.07,0
2026-10-22 02:30:00,619.4,18.2,53.88,0
2026-10-22 03:00:00,635.6,18.77,57.81,0
2026-10-22 03:30:00,598.0,18.91,58.79,0
2026-10-22 04:00:00,611.4,19.12,58.37,0
2026-10-22 04:30:00,605.9,18.33,58.0,0
2026-10-22 05:00:00,616.7,19.15,61.08,0
2026-10-22 05:30:00,602.1,18.09,62.66,0
2026-10-22 06:00:00,626.4,18.47,62.36,0
2026-10-22 06:30:00,593.4,19.15,60.72,0
2026-10-22 07:00:00,605.5,19.82,61.32,0
2026-10-22 07:30:00,595.5,20.15,59.35,0
2026-10-22 08:00:00,592.5,21.43,63.0,0
2026-10-22 08:30:00,584.8,20.99,63.54,0
2026-10-22 09:00:00,542.2,20.32,61.57,0
2026-10-22 09:30:00,577.8,21.95,62.85,0
2026-10-22 10:00:00,580.1,22.41,62.97,0
2026-10-22 10:30:00,541.7,22.68,62.73,0
2026-10-22 11:00:00,553.3,23.04,63.47,0
2026-10-22 11:30:00,543.0,23.17,62.57,0
2026-10-22 12:00:00,560.9,23.72,65.29,0
2026-10-22 12:30:00,531.9,23.91,62.33,0
2026-10-22 13:00:00,551.8,23.85,60.84,0
2026-10-22 13:30:00,540.6,24.97,63.04,0
2026-10-22 14:00:00,542.0,25.4,59.63,0
2026-10-22 14:30:00,520.6,25.83,59.8,0
2026-10-22 15:00:00,528.9,25.36,62.35,0
2026-10-22 15:30:00,519.5,25.92,57.13,0
2026-10-22 16:00:00,521.3,25.36,57.84,0
2026-10-22 16:30:00,521.7,23.95,55.85,0
2026-10-22 17:00:00,526.8,25.42,55.22,0
2026-10-22 17:30:00,521.1,25.3,56.89,0
2026-10-22 18:00:00,493.4,24.55,57.35,0
2026-10-22 18:30:00,516.4,23.96,54.62,0
2026-10-22 19:00:00,505.6,23.08,53.34,0
2026-10-22 19:30:00,509.1,23.49,52.82,0
2026-10-22 20:00:00,486.4,22.61,54.22,0
2026-10-22 20:30:00,475.5,22.86,49.67,0
2026-10-22 21:00:00,471.9,23.07,52.9,0
2026-10-22 21:30:00,480.4,22.09,53.61,0
2026-10-22 22:00:00,458.6,22.22,49.75,0
2026-10-22 22:30:00,467.8,21.88,50.82,0
2026-10-22 23:00:00,446.1,20.02,53.2,0
2026-10-22 23:30:00,454.4,20.9,53.41,0
2026-10-23 00:00:00,445.6,19.56,50.59,0
2026-10-23 00:30:00,465.1,18.46,53.92,0
2026-10-23 01:00:00,437.1,18.52,50.94,0
2026-10-23 01:30:00,450.5,18.24,54.48,0
2026-10-23 02:00:00,443.7,18.68,54.87,0
2026-10-23 02:30:00,470.8,18.47,54.03,0
2026-10-23 03:00:00,456.3,17.62,57.6,0
2026-10-23 03:30:00,442.4,17.8,59.8,0
2026-10-23 04:00:00,438.2,17.45,59.67,0
2026-10-23 04:30:00,430.6,18.63,60.51,0
2026-10-23 05:00:00,442.3,17.98,59.71,0
2026-10-23 05:30:00,443.8,17.88,60.61,0
2026-10-23 06:00:00,466.0,18.97,61.14,0
2026-10-23 06:30:00,474.3,19.42,62.86,0
2026-10-23 07:00:00,445.7,19.6,61.86,0
2026-10-23 07:30:00,447.5,18.62,63.76,0
2026-10-23 08:00:00,441.8,20.05,60.8,0
2026-10-23 08:30:00,430.1,20.24,63.31,0
2026-10-23 09:00:00,458.3,20.6,64.68,0
2026-10-23 09:30:00,474.9,21.45,65.2,0
2026-10-23 10:00:00,447.6,21.53,63.09,0
2026-10-23 10:30:00,433.7,22.19,66.23,0
2026-10-23 11:00:00,461.1,22.52,62.22,0
2026-10-23 11:30:00,437.3,21.71,66.79,0
2026-10-23 12:00:00,466.5,23.28,60.63,0
2026-10-23 12:30:00,463.1,23.22,62.64,0
2026-10-23 13:00:00,467.1,24.49,58.57,0
2026-10-23 13:30:00,445.6,24.48,60.7,0
2026-10-23 14:00:00,459.9,24.56,62.89,0
2026-10-23 14:30:00,443.6,24.37,61.29,0
2026-10-23 15:00:00,453.8,26.39,61.6,0
2026-10-23 15:30:00,454.4,24.94,57.26,0
2026-10-23 16:00:00,424.3,25.96,59.87,0
2026-10-23 16:30:00,453.3,25.08,58.54,0
2026-10-23 17:00:00,442.6,25.37,54.01,0
2026-10-23 17:30:00,447.5,25.53,56.82,0
2026-10-23 18:00:00,466.5,23.54,52.58,0
2026-10-23 18:30:00,458.9,24.13,54.99,0
2026-10-23 19:00:00,454.6,23.88,53.64,0
2026-10-23 19:30:00,436.0,23.24,54.76,0
2026-10-23 20:00:00,452.2,22.63,54.43,0
2026-10-23 20:30:00,432.7,21.87,51.9,0
2026-10-23 21:00:00,462.4,21.77,51.85,0
2026-10-23 21:30:00,447.2,22.33,53.18,0
2026-10-23 22:00:00,446.4,21.31,52.29,0
2026-10-23 22:30:00,470.0,21.18,53.76,0
2026-10-23 23:00:00,444.4,21.0,51.33,0
2026-10-23 23:30:00,454.8,20.05,53.33,0
2026-10-24 00:00:00,451.5,19.49,52.16,0
2026-10-24 00:30:00,453.2,19.78,53.19,0
2026-10-24 01:00:00,468.0,19.47,53.14,0
2026-10-24 01:30:00,472.1,18.76,54.29,0
2026-10-24 02:00:00,461.0,18.29,55.11,0
2026-10-24 02:30:00,441.6,18.3,57.14,0
2026-10-24 03:00:00,457.2,17.83,56.63,0
2026-10-24 03:30:00,447.8,17.49,52.7,0
2026-10-24 04:00:00,456.6,17.42,56.37,0
2026-10-24 04:30:00,463.1,17.49,58.09,0
2026-10-24 05:00:00,453.0,17.97,60.68,0
2026-10-24 05:30:00,472.0,18.02,63.74,0
2026-10-24 06:00:00,467.5,18.14,62.09,0
2026-10-24 06:30:00,466.2,18.46,62.48,0
2026-10-24 07:00:00,458.8,18.85,62.07,0
2026-10-24 07:30:00,435.2,19.7,61.38,0
2026-10-24 08:00:00,445.0,19.7,62.18,0
2026-10-24 08:30:00,459.3,19.69,64.62,0
2026-10-24 09:00:00,441.8,20.38,65.34,0
2026-10-24 09:30:00,453.1,20.67,63.68,0
2026-10-24 10:00:00,459.7,21.38,63.81,0
2026-10-24 10:30:00,458.1,22.09,61.16,0
2026-10-24 11:00:00,466.9,22.0,65.02,0
2026-10-24 11:30:00,443.0,23.44,62.16,0
2026-10-24 12:00:00,449.0,22.75,64.86,0
2026-10-24 12:30:00,474.7,23.24,62.59,0
2026-10-24 13:00:00,449.4,23.41,63.66,0
2026-10-24 13:30:00,446.4,23.53,60.04,0
2026-10-24 14:00:00,,24.4,63.64,0
2026-10-24 14:30:00,462.8,23.89,62.44,0
2026-10-24 15:00:00,445.4,25.91,60.59,0
2026-10-24 15:30:00,439.4,24.28,58.41,0
2026-10-24 16:00:00,472.3,25.33,57.6,0
2026-10-24 16:30:00,455.4,24.07,56.58,0
2026-10-24 17:00:00,450.6,24.82,58.0,0
2026-10-24 17:30:00,438.3,24.37,54.39,0
2026-10-24 18:00:00,447.5,24.06,53.92,0
2026-10-24 18:30:00,453.7,25.2,53.8,0
2026-10-24 19:00:00,457.5,24.4,50.86,0
2026-10-24 19:30:00,463.4,22.84,52.33,0
2026-10-24 20:00:00,441.4,22.57,52.08,0
2026-10-24 20:30:00,457.3,23.43,51.35,0
2026-10-24 21:00:00,446.1,21.9,50.41,0
2026-10-24 21:30:00,426.8,21.73,52.1,0
2026-10-24 22:00:00,457.7,21.48,52.1,0
2026-10-24 22:30:00,443.8,22.04,54.05,0
2026-10-24 23:00:00,478.7,20.89,52.25,0
2026-10-24 23:30:00,439.8,20.15,52.36,0
2026-10-25 00:00:00,447.9,18.79,50.45,0
2026-10-25 00:30:00,454.5,18.98,54.28,0
2026-10-25 01:00:00,462.7,18.77,52.14,0
2026-10-25 01:30:00,457.5,19.58,54.65,0
2026-10-25 02:00:00,456.8,18.94,53.74,0
2026-10-25 02:30:00,441.9,17.44,58.41,0
2026-10-25 03:00:00,453.5,17.69,55.06,0
2026-10-25 03:30:00,446.7,17.58,56.37,0
2026-10-25 04:00:00,459.0,17.65,58.11,0
2026-10-25 04:30:00,443.5,18.73,57.16,0
2026-10-25 05:00:00,446.1,17.79,62.06,0
2026-10-25 05:30:00,439.4,19.0,61.81,0
2026-10-25 06:00:00,424.3,19.08,62.09,0
2026-10-25 06:30:00,457.8,19.73,61.9,0
2026-10-25 07:00:00,477.8,19.69,62.66,0
2026-10-25 07:30:00,456.5,19.8,65.82,0
2026-10-25 08:00:00,446.3,18.32,63.27,0
2026-10-25 08:30:00,441.7,20.73,61.28,0
2026-10-25 09:00:00,460.9,20.62,59.87,0
2026-10-25 09:30:00,439.2,21.6,63.61,0
2026-10-25 10:00:00,445.3,21.86,65.64,0
2026-10-25 10:30:00,469.9,22.04,60.84,0
2026-10-25 11:00:00,457.8,22.43,63.03,0
2026-10-25 11:30:00,452.5,24.3,64.93,0
2026-10-25 12:00:00,442.2,23.04,62.42,0
2026-10-25 12:30:00,466.4,23.61,63.93,0
2026-10-25 13:00:00,438.9,23.55,61.48,0
2026-10-25 13:30:00,445.5,23.73,61.28,0
2026-10-25 14:00:00,446.3,24.01,63.77,0
2026-10-25 14:30:00,465.0,25.46,59.88,0
2026-10-25 15:00:00,460.2,25.19,61.5,0
2026-10-25 15:30:00,466.7,24.39,59.35,0
2026-10-25 16:00:00,454.4,24.18,58.7,0
2026-10-25 16:30:00,463.4,24.33,55.7,0
2026-10-25 17:00:00,467.4,25.51,57.18,0
2026-10-25 17:30:00,431.1,25.29,55.04,0
2026-10-25 18:00:00,461.9,24.19,53.07,0
2026-10-25 18:30:00,453.0,24.03,53.93,0
2026-10-25 19:00:00,431.2,24.44,53.36,0
2026-10-25 19:30:00,452.6,23.99,53.32,0
2026-10-25 20:00:00,439.1,24.1,53.83,0
2026-10-25 20:30:00,463.4,22.6,52.98,0
2026-10-25 21:00:00,456.2,23.16,52.81,0
2026-10-25 21:30:00,446.4,22.43,53.02,0
2026-10-25 22:00:00,450.2,21.64,52.9,0
2026-10-25 22:30:00,465.1,21.65,51.66,0
2026-10-25 23:00:00,445.9,21.06,52.99,0
2026-10-25 23:30:00,460.1,19.94,51.53,0
2026-10-26 00:00:00,460.3,19.73,50.14,0
2026-10-26 00:30:00,457.0,19.58,51.79,0
2026-10-26 01:00:00,455.2,18.77,53.44,0
2026-10-26 01:30:00,-45.55245019216011,19.51,53.95,0
2026-10-26 02:00:00,474.5,18.4,54.99,0
2026-10-26 02:30:00,453.8,18.18,56.37,0
2026-10-26 03:00:00,457.2,18.19,55.62,0
2026-10-26 03:30:00,432.5,18.34,58.65,0
2026-10-26 04:00:00,457.5,17.86,58.08,0
2026-10-26 04:30:00,456.1,18.05,59.74,0
2026-10-26 05:00:00,437.6,18.17,64.13,0
2026-10-26 05:30:00,473.7,19.66,61.17,0
2026-10-26 06:00:00,464.4,17.98,59.67,0
2026-10-26 06:30:00,454.6,17.8,61.49,0
2026-10-26 07:00:00,452.3,19.07,60.77,0
2026-10-26 07:30:00,451.5,19.94,64.88,0
2026-10-26 08:00:00,454.3,18.63,62.08,0
2026-10-26 08:30:00,461.8,20.2,64.41,0
2026-10-26 09:00:00,441.6,21.47,64.63,0
2026-10-26 09:30:00,468.9,21.28,64.59,0
2026-10-26 10:00:00,460.0,21.09,61.35,0
2026-10-26 10:30:00,436.9,22.53,64.48,0
2026-10-26 11:00:00,468.5,22.83,67.19,0
2026-10-26 11:30:00,432.7,22.05,64.29,0
2026-10-26 12:00:00,435.2,23.19,63.59,0
2026-10-26 12:30:00,443.9,22.86,62.52,0
2026-10-26 13:00:00,443.3,24.04,63.18,0
2026-10-26 13:30:00,455.7,23.87,62.65,0
2026-10-26 14:00:00,438.0,24.26,59.37,0
2026-10-26 14:30:00,467.6,24.39,61.97,0
2026-10-26 15:00:00,427.3,25.31,60.71,0
2026-10-26 15:30:00,-294.48817424115725,25.81,60.24,0
2026-10-26 16:00:00,464.9,24.85,63.01,0
2026-10-26 16:30:00,442.9,25.56,59.2,0
2026-10-26 17:00:00,448.3,25.11,57.12,0
2026-10-26 17:30:00,448.8,25.25,56.67,0
2026-10-26 18:00:00,437.8,24.17,54.78,0
2026-10-26 18:30:00,,23.64,55.79,0
2026-10-26 19:00:00,444.9,23.93,52.51,0
2026-10-26 19:30:00,453.0,24.14,52.7,0
2026-10-26 20:00:00,454.9,22.8,52.15,0
2026-10-26 20:30:00,456.9,22.82,54.05,0
2026-10-26 21:00:00,453.3,22.73,53.27,0
2026-10-26 21:30:00,430.7,22.15,53.45,0
2026-10-26 22:00:00,442.1,22.83,52.09,0
2026-10-26 22:30:00,443.7,19.81,52.97,0
2026-10-26 23:00:00,493.1,20.38,50.53,0
2026-10-26 23:30:00,445.5,20.17,52.58,0
2026-10-27 00:00:00,447.6,20.66,51.64,0
2026-10-27 00:30:00,447.7,18.79,57.47,0
2026-10-27 01:00:00,442.4,19.55,54.09,0
2026-10-27 01:30:00,446.9,18.12,53.63,0
2026-10-27 02:00:00,451.0,17.63,55.96,0
2026-10-27 02:30:00,432.8,17.85,58.01,0
2026-10-27 03:00:00,454.2,17.39,56.97,0
2026-10-27 03:30:00,446.4,18.06,55.15,0
2026-10-27 04:00:00,438.9,17.45,59.71,0
2026-10-27 04:30:00,453.4,18.62,59.94,0
2026-10-27 05:00:00,461.3,18.37,60.0,0
2026-10-27 05:30:00,471.5,18.83,62.0,0
2026-10-27 06:00:00,455.9,19.27,58.59,0
2026-10-27 06:30:00,449.3,19.42,60.74,0
2026-10-27 07:00:00,465.8,19.99,63.13,0
2026-10-27 07:30:00,440.5,19.34,62.4,0
2026-10-27 08:00:00,454.0,19.99,62.05,0
2026-10-27 08:30:00,459.0,20.44,61.7,0
2026-10-27 09:00:00,437.7,20.63,65.38,0
2026-10-27 09:30:00,424.1,20.57,61.41,0
2026-10-27 10:00:00,468.5,21.76,66.39,0
2026-10-27 10:30:00,437.3,21.17,65.33,0
2026-10-27 11:00:00,464.7,22.74,63.81,0
2026-10-27 11:30:00,429.2,23.57,61.54,0
2026-10-27 12:00:00,470.2,23.56,62.88,0
2026-10-27 12:30:00,436.0,23.19,62.91,0
2026-10-27 13:00:00,449.3,24.49,63.24,0
2026-10-27 13:30:00,462.1,24.63,61.51,0
2026-10-27 14:00:00,451.3,24.28,58.1,0
2026-10-27 14:30:00,445.8,25.91,58.89,0
2026-10-27 15:00:00,454.4,24.57,60.26,0
2026-10-27 15:30:00,454.8,24.56,58.92,0
2026-10-27 16:00:00,465.7,24.83,58.72,0
2026-10-27 16:30:00,452.8,25.08,54.83,0
2026-10-27 17:00:00,458.0,24.88,56.53,0
2026-10-27 17:30:00,453.6,25.33,53.77,0
2026-10-27 18:00:00,441.0,25.3,56.99,0
2026-10-27 18:30:00,459.7,23.8,53.29,0
2026-10-27 19:00:00,453.0,23.63,53.06,0
2026-10-27 19:30:00,443.6,23.89,58.19,0
2026-10-27 20:00:00,437.7,22.38,53.52,0
2026-10-27 20:30:00,459.6,22.7,51.44,0
2026-10-27 21:00:00,435.0,23.15,51.0,0
2026-10-27 21:30:00,450.3,21.24,53.27,0
2026-10-27 22:00:00,451.3,21.33,51.24,0
2026-10-27 22:30:00,448.5,21.53,51.52,0
2026-10-27 23:00:00,451.2,21.19,53.23,0
2026-10-27 23:30:00,449.4,20.85,51.47,0
2026-10-28 00:00:00,433.8,20.11,51.12,0
2026-10-28 00:30:00,426.5,19.41,52.15,0
2026-10-28 01:00:00,436.4,19.59,51.46,0
2026-10-28 01:30:00,437.4,19.99,57.05,0
2026-10-28 02:00:00,453.9,18.52,55.8,0
2026-10-28 02:30:00,434.9,18.42,54.94,0
2026-10-28 03:00:00,455.0,18.42,56.42,0
2026-10-28 03:30:00,438.3,18.25,56.82,0
2026-10-28 04:00:00,461.2,17.49,59.95,0
2026-10-28 04:30:00,458.4,18.28,61.14,0
2026-10-28 05:00:00,449.2,19.17,59.85,0
2026-10-28 05:30:00,453.5,18.02,59.95,0
2026-10-28 06:00:00,438.2,17.57,62.98,0
2026-10-28 06:30:00,441.4,18.65,60.09,0
2026-10-28 07:00:00,,18.67,61.33,0
2026-10-28 07:30:00,462.3,19.24,60.87,0
2026-10-28 08:00:00,440.4,19.54,64.8,0
2026-10-28 08:30:00,442.0,19.49,62.3,0
2026-10-28 09:00:00,434.0,20.61,65.42,0
2026-10-28 09:30:00,453.2,21.45,62.67,0
2026-10-28 10:00:00,433.7,22.52,63.58,0
2026-10-28 10:30:00,457.4,22.36,66.91,0
2026-10-28 11:00:00,426.8,23.19,64.92,0
2026-10-28 11:30:00,447.5,23.94,63.26,0
2026-10-28 12:00:00,444.4,22.06,60.57,0
2026-10-28 12:30:00,437.6,22.55,62.55,0
2026-10-28 13:00:00,437.9,23.78,61.39,0
2026-10-28 13:30:00,449.0,23.98,59.21,0
2026-10-28 14:00:00,432.7,24.65,61.69,0
2026-10-28 14:30:00,450.5,25.03,61.5,0
2026-10-28 15:00:00,433.7,24.9,60.33,0
2026-10-28 15:30:00,456.0,24.44,59.94,0
2026-10-28 16:00:00,446.7,25.88,58.18,0
2026-10-28 16:30:00,442.8,25.69,56.88,0
2026-10-28 17:00:00,432.3,23.79,57.69,0
2026-10-28 17:30:00,438.5,24.18,53.58,0
2026-10-28 18:00:00,425.0,24.49,54.97,0
2026-10-28 18:30:00,446.9,24.76,52.92,0
2026-10-28 19:00:00,443.7,23.52,52.21,0
2026-10-28 19:30:00,434.0,23.55,55.67,0
2026-10-28 20:00:00,442.5,23.03,53.02,0
2026-10-28 20:30:00,451.1,22.58,54.34,0
2026-10-28 21:00:00,443.7,22.67,51.0,0
2026-10-28 21:30:00,432.2,21.77,50.24,0
2026-10-28 22:00:00,426.0,20.59,51.19,0
2026-10-28 22:30:00,436.1,20.24,53.63,0
2026-10-28 23:00:00,435.3,20.99,55.6,0
2026-10-28 23:30:00,441.1,21.02,52.2,0
2026-10-29 00:00:00,446.6,19.71,51.19,0
2026-10-29 00:30:00,429.0,18.31,50.65,0
2026-10-29 01:00:00,460.5,20.18,56.29,0
2026-10-29 01:30:00,436.1,18.55,56.03,0
2026-10-29 02:00:00,459.8,18.47,55.52,0
2026-10-29 02:30:00,454.2,18.1,56.06,0
2026-10-29 03:00:00,432.7,18.09,54.47,0
2026-10-29 03:30:00,445.0,17.44,55.04,0
2026-10-29 04:00:00,430.5,17.82,58.99,0
2026-10-29 04:30:00,434.9,18.38,57.62,0
2026-10-29 05:00:00,429.2,19.86,60.45,0
2026-10-29 05:30:00,430.8,18.72,59.84,0
2026-10-29 06:00:00,467.0,19.12,64.22,0
2026-10-29 06:30:00,463.3,18.27,64.58,0
2026-10-29 07:00:00,454.1,19.75,59.49,0
2026-10-29 07:30:00,428.7,19.04,61.9,0
2026-10-29 08:00:00,442.6,19.38,62.78,0
2026-10-29 08:30:00,429.5,20.58,64.8,0
2026-10-29 09:00:00,471.1,20.21,61.81,0
2026-10-29 09:30:00,432.4,20.87,66.17,0
2026-10-29 10:00:00,433.9,20.61,61.45,0
2026-10-29 10:30:00,439.6,22.76,61.58,0
2026-10-29 11:00:00,445.7,22.76,64.36,0
2026-10-29 11:30:00,430.5,22.52,62.85,0
2026-10-29 12:00:00,461.5,23.52,64.73,0
2026-10-29 12:30:00,438.3,25.04,61.41,0
2026-10-29 13:00:00,424.5,24.94,61.27,0
2026-10-29 13:30:00,444.5,24.98,60.43,0
2026-10-29 14:00:00,425.9,25.07,60.45,0
2026-10-29 14:30:00,444.1,24.84,59.28,0
2026-10-29 15:00:00,463.5,25.16,59.03,0
2026-10-29 15:30:00,414.5,24.82,59.68,0
2026-10-29 16:00:00,428.7,24.85,56.24,0
2026-10-29 16:30:00,415.4,26.18,61.17,0
2026-10-29 17:00:00,448.2,25.51,57.6,0
2026-10-29 17:30:00,448.1,23.95,57.65,0
2026-10-29 18:00:00,425.4,24.22,56.14,0
2026-10-29 18:30:00,405.9,25.76,53.98,0
2026-10-29 19:00:00,421.6,23.89,53.6,0
2026-10-29 19:30:00,424.2,22.47,50.98,0
2026-10-29 20:00:00,449.8,23.39,54.06,0
2026-10-29 20:30:00,432.9,22.29,54.02,0
2026-10-29 21:00:00,433.6,21.85,50.94,0
2026-10-29 21:30:00,443.7,21.51,52.82,0
2026-10-29 22:00:00,422.8,21.7,53.34,0
2026-10-29 22:30:00,450.4,22.88,54.39,0
2026-10-29 23:00:00,436.9,21.42,51.13,0
2026-10-29 23:30:00,431.9,20.55,52.69,0
2026-10-30 00:00:00,427.4,18.72,53.91,0
2026-10-30 00:30:00,428.1,18.76,54.49,0
2026-10-30 01:00:00,446.8,19.07,53.35,0
2026-10-30 01:30:00,428.8,18.96,55.22,0
2026-10-30 02:00:00,448.3,18.9,58.95,0
2026-10-30 02:30:00,424.8,18.96,56.11,0
2026-10-30 03:00:00,416.6,17.93,54.92,0
2026-10-30 03:30:00,440.1,17.84,59.28,0
2026-10-30 04:00:00,426.8,18.38,59.79,0
2026-10-30 04:30:00,420.5,18.56,57.89,0
2026-10-30 05:00:00,441.6,17.98,58.28,0
2026-10-30 05:30:00,443.3,18.7,62.43,0
2026-10-30 06:00:00,457.9,19.26,59.58,0
2026-10-30 06:30:00,431.7,19.74,64.07,0
2026-10-30 07:00:00,415.2,20.53,63.95,0
2026-10-30 07:30:00,411.9,19.54,63.76,0
2026-10-30 08:00:00,436.7,19.83,62.37,0
2026-10-30 08:30:00,440.3,20.14,62.59,0
2026-10-30 09:00:00,425.3,21.27,65.73,0
2026-10-30 09:30:00,443.2,21.61,62.11,0
2026-10-30 10:00:00,435.7,21.56,61.98,0
2026-10-30 10:30:00,433.8,21.76,65.23,0
2026-10-30 11:00:00,421.5,22.83,64.3,0
2026-10-30 11:30:00,429.0,23.75,61.3,0
2026-10-30 12:00:00,421.5,23.56,64.57,0
2026-10-30 12:30:00,461.0,23.6,63.07,0
2026-10-30 13:00:00,440.9,23.22,62.95,0
2026-10-30 13:30:00,449.4,24.78,61.92,0
2026-10-30 14:00:00,440.7,24.65,61.66,0
2026-10-30 14:30:00,440.2,25.28,62.28,0
2026-10-30 15:00:00,449.8,25.31,57.59,0
2026-10-30 15:30:00,451.3,25.76,58.71,0
2026-10-30 16:00:00,453.2,26.07,58.16,0
2026-10-30 16:30:00,442.6,25.8,55.28,0
2026-10-30 17:00:00,447.2,25.12,59.15,0
2026-10-30 17:30:00,446.9,24.88,56.98,0
2026-10-30 18:00:00,409.2,25.22,53.44,0
2026-10-30 18:30:00,454.7,23.4,54.75,0
2026-10-30 19:00:00,443.5,24.28,56.49,0
2026-10-30 19:30:00,468.1,23.69,51.92,0
2026-10-30 20:00:00,437.8,24.08,54.12,0
2026-10-30 20:30:00,428.5,23.76,48.05,0
2026-10-30 21:00:00,415.9,21.98,54.0,0
2026-10-30 21:30:00,444.7,21.96,52.19,0
2026-10-30 22:00:00,449.3,23.04,51.06,0
2026-10-30 22:30:00,445.4,21.33,50.65,0
2026-10-30 23:00:00,429.9,21.34,51.03,0
2026-10-30 23:30:00,,21.98,51.79,0
2026-10-31 00:00:00,444.8,19.5,51.52,0
2026-10-31 00:30:00,439.8,20.44,53.51,0
2026-10-31 01:00:00,441.3,19.55,53.52,0
2026-10-31 01:30:00,449.8,19.67,51.23,0
2026-10-31 02:00:00,455.5,19.04,54.02,0
2026-10-31 02:30:00,441.9,18.79,56.72,0
2026-10-31 03:00:00,413.8,18.98,54.81,0
2026-10-31 03:30:00,443.2,17.18,57.52,0
2026-10-31 04:00:00,445.5,18.24,57.74,0
2026-10-31 04:30:00,448.3,19.06,59.05,0
2026-10-31 05:00:00,425.2,17.94,59.3,0
2026-10-31 05:30:00,445.5,18.34,59.93,0
2026-10-31 06:00:00,428.4,19.22,61.42,0
2026-10-31 06:30:00,458.0,19.3,60.97,0
2026-10-31 07:00:00,466.9,19.81,64.62,0
2026-10-31 07:30:00,470.0,21.32,61.77,0
2026-10-31 08:00:00,474.9,20.52,63.51,0
2026-10-31 08:30:00,467.2,21.13,62.15,0
2026-10-31 09:00:00,452.0,20.32,65.44,0
2026-10-31 09:30:00,461.8,21.76,61.18,0
2026-10-31 10:00:00,460.7,20.5,63.25,0
2026-10-31 10:30:00,483.2,22.71,64.95,0
2026-10-31 11:00:00,482.7,22.34,64.46,0
2026-10-31 11:30:00,458.9,23.46,62.25,0
2026-10-31 12:00:00,462.6,23.4,63.82,0
2026-10-31 12:30:00,462.7,24.32,60.91,0
2026-10-31 13:00:00,449.0,25.72,63.36,0
2026-10-31 13:30:00,461.4,25.3,60.04,0
2026-10-31 14:00:00,486.5,25.28,60.85,0
2026-10-31 14:30:00,481.9,25.77,61.55,0
2026-10-31 15:00:00,456.1,26.21,60.59,0
2026-10-31 15:30:00,471.8,26.3,58.74,0
2026-10-31 16:00:00,472.0,26.08,57.45,0
2026-10-31 16:30:00,464.4,25.3,56.48,0
2026-10-31 17:00:00,482.0,24.5,52.82,0
2026-10-31 17:30:00,500.1,25.18,56.02,0
2026-10-31 18:00:00,487.8,24.93,55.73,0
2026-10-31 18:30:00,489.4,26.64,54.13,0
2026-10-31 19:00:00,494.3,23.83,52.78,0
2026-10-31 19:30:00,466.5,23.49,53.24,0
2026-10-31 20:00:00,481.8,24.15,54.07,0
2026-10-31 20:30:00,485.7,22.75,53.76,0
2026-10-31 21:00:00,480.1,23.12,52.53,0
2026-10-31 21:30:00,484.3,22.31,53.46,0
2026-10-31 22:00:00,499.1,21.62,52.56,0
2026-10-31 22:30:00,483.3,21.71,52.9,0
2026-10-31 23:00:00,477.6,22.02,53.25,0
2026-10-31 23:30:00,497.9,21.0,53.2,0
2026-11-01 00:00:00,490.5,20.29,52.66,0
2026-11-01 00:30:00,489.3,19.43,53.09,0
2026-11-01 01:00:00,498.2,19.38,54.53,0
2026-11-01 01:30:00,491.6,19.39,53.61,0
2026-11-01 02:00:00,496.0,19.67,55.12,0
2026-11-01 02:30:00,507.9,19.15,54.06,0
2026-11-01 03:00:00,520.3,19.3,58.34,0
2026-11-01 03:30:00,518.1,18.67,57.87,0
2026-11-01 04:00:00,526.9,18.74,58.97,0
2026-11-01 04:30:00,-288.5897236385301,18.33,60.9,0
2026-11-01 05:00:00,507.9,18.32,62.65,0
2026-11-01 05:30:00,516.5,19.16,59.29,0
2026-11-01 06:00:00,512.2,19.32,59.62,0
2026-11-01 06:30:00,522.5,18.77,62.22,0
2026-11-01 07:00:00,512.3,19.8,63.78,0
2026-11-01 07:30:00,519.7,20.83,63.89,0
2026-11-01 08:00:00,528.6,20.8,61.52,0
2026-11-01 08:30:00,496.9,20.5,63.16,0
2026-11-01 09:00:00,544.6,21.59,62.47,0
2026-11-01 09:30:00,543.9,22.24,67.41,0
2026-11-01 10:00:00,547.8,22.72,66.09,0
2026-11-01 10:30:00,543.1,22.05,64.61,0
2026-11-01 11:00:00,542.6,23.93,64.13,0
2026-11-01 11:30:00,536.6,23.98,65.91,0
2026-11-01 12:00:00,557.1,24.5,62.01,0
2026-11-01 12:30:00,-105.53313763854015,25.02,64.4,0
2026-11-01 13:00:00,563.5,24.66,60.62,0
2026-11-01 13:30:00,544.9,26.47,58.79,0
2026-11-01 14:00:00,555.1,25.58,61.86,0
2026-11-01 14:30:00,551.1,26.2,59.16,0
2026-11-01 15:00:00,557.1,26.09,57.15,0
2026-11-01 15:30:00,571.8,26.5,57.66,0
2026-11-01 16:00:00,561.2,25.84,58.96,0
2026-11-01 16:30:00,545.7,26.25,57.61,0
2026-11-01 17:00:00,553.5,25.91,55.56,0
2026-11-01 17:30:00,591.8,26.4,55.25,0
2026-11-01 18:00:00,570.3,25.07,55.88,0
2026-11-01 18:30:00,555.4,25.53,54.38,0
2026-11-01 19:00:00,568.8,25.71,56.7,0
2026-11-01 19:30:00,575.6,24.8,52.92,0
2026-11-01 20:00:00,566.2,24.85,52.9,0
2026-11-01 20:30:00,596.4,23.63,51.79,0
2026-11-01 21:00:00,-167.76970180554753,23.85,52.67,0
2026-11-01 21:30:00,591.6,23.64,53.45,0
2026-11-01 22:00:00,2944.9,23.08,54.75,0
2026-11-01 22:30:00,1979.0,22.09,51.21,0
2026-11-01 23:00:00,1964.6,21.16,52.15,0
2026-11-01 23:30:00,2021.2,21.04,54.74,0
2026-11-02 00:00:00,1993.2,21.13,49.9,0
2026-11-02 00:30:00,2767.3,20.98,50.8,0
2026-11-02 01:00:00,2296.4,19.84,53.77,0
2026-11-02 01:30:00,2386.4,19.46,53.55,0
2026-11-02 02:00:00,1881.8,20.75,55.76,0
2026-11-02 02:30:00,2173.6,19.21,57.79,0
2026-11-02 03:00:00,2480.8,18.91,53.56,0
2026-11-02 03:30:00,635.7,20.0,58.9,0
2026-11-02 04:00:00,610.9,20.18,58.09,0
2026-11-02 04:30:00,615.2,19.46,57.4,0
2026-11-02 05:00:00,656.9,19.38,56.4,0
2026-11-02 05:30:00,651.9,19.78,61.89,0
2026-11-02 06:00:00,624.5,19.54,62.04,0
2026-11-02 06:30:00,645.0,20.55,60.5,0
2026-11-02 07:00:00,644.6,21.68,61.1,0
2026-11-02 07:30:00,643.4,21.46,62.18,0
2026-11-02 08:00:00,658.5,21.03,64.9,0
2026-11-02 08:30:00,642.6,22.25,65.02,0
2026-11-02 09:00:00,652.1,22.09,64.73,0
2026-11-02 09:30:00,,23.51,62.58,0
2026-11-02 10:00:00,668.6,23.5,64.15,0
2026-11-02 10:30:00,690.8,23.54,64.38,0
2026-11-02 11:00:00,678.7,22.94,64.14,0
2026-11-02 11:30:00,688.9,24.6,66.48,0
2026-11-02 12:00:00,668.6,25.42,63.85,0
2026-11-02 12:30:00,683.3,26.38,62.25,0
2026-11-02 13:00:00,674.1,25.86,61.57,0
2026-11-02 13:30:00,681.0,26.25,58.59,0
2026-11-02 14:00:00,691.3,25.53,60.94,0
2026-11-02 14:30:00,689.9,25.85,63.45,0
2026-11-02 15:00:00,720.8,25.88,58.01,0
2026-11-02 15:30:00,676.1,26.53,55.62,0
2026-11-02 16:00:00,722.7,27.41,59.94,0
2026-11-02 16:30:00,702.1,28.35,56.5,0
2026-11-02 17:00:00,734.1,26.75,56.04,0
2026-11-02 17:30:00,732.2,28.32,55.85,0
2026-11-02 18:00:00,734.6,27.47,55.56,0
2026-11-02 18:30:00,724.4,27.14,52.92,0
2026-11-02 19:00:00,743.3,26.19,56.17,0
2026-11-02 19:30:00,728.8,25.7,53.07,0
2026-11-02 20:00:00,717.9,25.66,54.7,0
2026-11-02 20:30:00,747.2,24.51,51.8,0
2026-11-02 21:00:00,772.8,23.46,51.34,0
2026-11-02 21:30:00,750.2,24.58,49.95,0
2026-11-02 22:00:00,742.1,23.69,51.51,1
2026-11-02 22:30:00,775.8,23.66,51.36,1
2026-11-02 23:00:00,781.0,22.24,53.62,1
2026-11-02 23:30:00,781.7,22.98,52.07,1
2026-11-03 00:00:00,765.1,21.98,51.5,1
2026-11-03 00:30:00,790.9,21.54,52.73,1
2026-11-03 01:00:00,784.9,21.11,53.89,1
2026-11-03 01:30:00,800.0,21.56,52.29,1
2026-11-03 02:00:00,781.9,20.61,56.88,1
2026-11-03 02:30:00,809.9,21.12,53.72,1
2026-11-03 03:00:00,818.8,21.44,56.21,1
2026-11-03 03:30:00,800.2,19.94,58.24,1
2026-11-03 04:00:00,818.1,20.82,56.79,1
2026-11-03 04:30:00,821.2,21.33,58.75,1
2026-11-03 05:00:00,807.9,20.15,58.83,1
2026-11-03 05:30:00,832.7,21.19,61.87,1
2026-11-03 06:00:00,841.7,20.54,59.8,1
2026-11-03 06:30:00,829.9,21.65,64.69,1
2026-11-03 07:00:00,854.2,21.36,60.26,1
2026-11-03 07:30:00,842.3,22.63,63.92,1
2026-11-03 08:00:00,854.6,23.16,65.74,1
2026-11-03 08:30:00,873.8,23.17,65.92,1
2026-11-03 09:00:00,864.6,23.72,63.16,1
2026-11-03 09:30:00,879.7,23.44,63.64,1
2026-11-03 10:00:00,879.2,24.28,64.0,1
2026-11-03 10:30:00,844.2,25.16,62.33,1
2026-11-03 11:00:00,893.8,25.83,63.97,1
2026-11-03 11:30:00,881.4,26.04,63.1,1
2026-11-03 12:00:00,888.8,27.07,63.06,1
2026-11-03 12:30:00,900.9,26.42,62.55,1
2026-11-03 13:00:00,921.4,27.11,60.62,1
2026-11-03 13:30:00,915.5,28.22,60.56,1
2026-11-03 14:00:00,934.1,26.93,62.79,1
2026-11-03 14:30:00,908.8,28.06,62.71,1
2026-11-03 15:00:00,932.6,28.11,59.83,1
2026-11-03 15:30:00,927.9,28.74,59.26,1
2026-11-03 16:00:00,926.3,28.16,59.82,1
2026-11-03 16:30:00,951.6,27.67,54.22,1
2026-11-03 17:00:00,960.9,28.11,53.29,1
2026-11-03 17:30:00,927.9,27.75,54.35,1
2026-11-03 18:00:00,951.6,26.88,54.96,1
2026-11-03 18:30:00,976.0,27.34,55.32,1
2026-11-03 19:00:00,961.0,26.38,50.6,1
2026-11-03 19:30:00,972.6,27.46,53.83,1
2026-11-03 20:00:00,998.3,27.2,52.33,1
2026-11-03 20:30:00,988.7,27.32,51.76,1
2026-11-03 21:00:00,999.9,26.4,52.6,1
2026-11-03 21:30:00,1027.8,25.74,52.65,1
2026-11-03 22:00:00,1019.7,24.39,52.27,1
2026-11-03 22:30:00,1018.9,25.02,52.26,1
2026-11-03 23:00:00,1010.1,24.02,48.64,1
2026-11-03 23:30:00,1027.0,24.8,53.82,1
2026-11-04 00:00:00,1035.4,23.0,53.65,1
2026-11-04 00:30:00,1018.0,22.25,54.48,1
2026-11-04 01:00:00,1028.0,23.26,52.59,1
2026-11-04 01:30:00,1045.0,21.98,53.68,1
2026-11-04 02:00:00,1049.3,21.62,55.84,1
2026-11-04 02:30:00,1066.8,22.27,54.2,1
2026-11-04 03:00:00,1072.2,22.12,52.06,1
2026-11-04 03:30:00,1083.2,21.62,56.9,1
2026-11-04 04:00:00,1070.9,22.47,59.43,1
2026-11-04 04:30:00,1067.8,21.81,58.16,1
2026-11-04 05:00:00,1099.5,20.8,58.81,1
2026-11-04 05:30:00,1091.4,21.0,62.51,1
2026-11-04 06:00:00,1100.2,22.66,63.07,1
2026-11-04 06:30:00,1110.8,22.88,63.76,1
2026-11-04 07:00:00,1130.3,23.39,64.39,1
2026-11-04 07:30:00,1140.4,23.81,62.59,1
2026-11-04 08:00:00,1147.6,23.1,64.9,1
2026-11-04 08:30:00,1130.9,24.56,67.09,1
2026-11-04 09:00:00,1128.0,24.37,62.57,1
2026-11-04 09:30:00,1174.4,24.93,64.95,1
2026-11-04 10:00:00,1172.8,25.4,63.04,1
2026-11-04 10:30:00,1175.6,26.76,61.07,1
2026-11-04 11:00:00,1169.5,27.28,62.17,1
2026-11-04 11:30:00,1179.1,27.75,63.12,1
2026-11-04 12:00:00,1201.4,27.04,65.39,1
2026-11-04 12:30:00,1200.6,26.97,65.12,1
2026-11-04 13:00:00,1179.3,28.6,63.23,1
2026-11-04 13:30:00,1208.1,29.6,63.19,1
2026-11-04 14:00:00,1208.3,29.13,61.3,1
2026-11-04 14:30:00,1202.3,29.65,61.69,1
2026-11-04 15:00:00,,28.69,59.95,1
2026-11-04 15:30:00,1252.9,29.19,57.43,1
2026-11-04 16:00:00,1228.0,29.0,55.63,1
2026-11-04 16:30:00,,29.9,59.23,1
2026-11-04 17:00:00,1238.0,29.53,53.12,1
2026-11-04 17:30:00,1252.1,30.34,57.52,1
2026-11-04 18:00:00,1258.5,29.22,54.32,1
2026-11-04 18:30:00,1290.6,29.11,54.12,1
2026-11-04 19:00:00,1273.1,29.25,55.97,1
2026-11-04 19:30:00,1285.2,27.38,52.96,1
2026-11-04 20:00:00,1297.2,28.4,53.86,1
2026-11-04 20:30:00,1315.5,27.43,56.25,1
2026-11-04 21:00:00,1321.7,27.32,51.83,1
2026-11-04 21:30:00,1330.7,27.55,54.35,1
2026-11-04 22:00:00,1325.2,25.9,53.35,1
2026-11-04 22:30:00,1333.0,26.56,52.11,1
2026-11-04 23:00:00,1362.4,25.88,51.58,1
2026-11-04 23:30:00,1340.5,25.04,48.45,1
2026-11-05 00:00:00,1367.7,24.82,52.23,1
2026-11-05 00:30:00,1347.5,25.06,53.81,1
2026-11-05 01:00:00,1338.6,25.05,51.43,1
2026-11-05 01:30:00,1355.4,23.44,55.48,1
2026-11-05 02:00:00,1335.8,23.69,57.56,1
2026-11-05 02:30:00,1307.1,23.33,56.95,1
2026-11-05 03:00:00,1275.3,22.82,55.07,1
2026-11-05 03:30:00,1292.7,21.94,55.44,1
2026-11-05 04:00:00,1273.4,23.27,60.79,1
2026-11-05 04:30:00,1282.0,23.15,58.76,1
2026-11-05 05:00:00,1265.3,22.73,58.99,1
2026-11-05 05:30:00,1269.7,21.47,60.12,1
2026-11-05 06:00:00,1243.8,23.58,60.42,1
2026-11-05 06:30:00,1231.9,21.95,62.84,1
2026-11-05 07:00:00,1222.8,23.79,63.39,1
2026-11-05 07:30:00,1200.5,23.67,62.18,1
2026-11-05 08:00:00,1193.6,23.92,63.84,1
2026-11-05 08:30:00,1195.3,22.92,64.21,1
2026-11-05 09:00:00,1193.9,24.26,65.82,1
2026-11-05 09:30:00,1175.7,25.04,61.72,1
2026-11-05 10:00:00,1118.8,25.62,62.26,1
2026-11-05 10:30:00,1160.0,24.75,60.13,1
2026-11-05 11:00:00,1122.6,26.32,62.27,1
2026-11-05 11:30:00,1120.6,26.57,63.54,1
2026-11-05 12:00:00,1136.9,26.75,62.92,1
2026-11-05 12:30:00,1108.7,27.02,62.82,1
2026-11-05 13:00:00,1095.6,28.26,62.94,1
2026-11-05 13:30:00,1093.1,27.84,62.48,1
2026-11-05 14:00:00,1060.8,28.5,61.14,1
2026-11-05 14:30:00,1068.9,28.22,61.84,1
2026-11-05 15:00:00,1070.1,28.62,59.44,1
2026-11-05 15:30:00,1057.3,29.65,60.26,1
2026-11-05 16:00:00,1057.4,28.09,55.53,1
2026-11-05 16:30:00,1029.4,28.98,59.76,1
2026-11-05 17:00:00,1021.5,28.19,55.15,1
2026-11-05 17:30:00,1007.1,28.46,56.09,1
2026-11-05 18:00:00,974.6,27.78,53.82,0
2026-11-05 18:30:00,976.0,27.27,52.77,0
2026-11-05 19:00:00,997.3,26.6,55.07,0
2026-11-05 19:30:00,981.6,26.46,49.77,0
2026-11-05 20:00:00,949.5,25.77,51.48,0
2026-11-05 20:30:00,937.5,24.71,51.51,0
2026-11-05 21:00:00,950.8,24.89,52.07,0
2026-11-05 21:30:00,925.4,25.28,52.95,0
2026-11-05 22:00:00,915.6,24.72,52.5,0
2026-11-05 22:30:00,908.3,24.08,54.66,0
2026-11-05 23:00:00,881.1,23.38,49.26,0
2026-11-05 23:30:00,884.5,22.93,54.38,0
2026-11-06 00:00:00,898.6,22.37,53.55,0
2026-11-06 00:30:00,874.7,22.61,53.67,0
2026-11-06 01:00:00,2936.9,22.69,53.96,0
2026-11-06 01:30:00,2914.9,21.5,52.56,0
2026-11-06 02:00:00,1951.0,22.1,55.95,0
2026-11-06 02:30:00,2834.1,20.82,55.62,0
2026-11-06 03:00:00,2760.9,19.57,54.42,0
2026-11-06 03:30:00,3151.2,20.82,59.76,0
2026-11-06 04:00:00,810.4,20.66,56.56,0
2026-11-06 04:30:00,788.9,20.81,57.43,0
2026-11-06 05:00:00,775.6,21.38,59.69,0
2026-11-06 05:30:00,771.6,20.5,58.27,0
2026-11-06 06:00:00,772.7,19.95,59.25,0
2026-11-06 06:30:00,741.8,21.15,60.64,0
2026-11-06 07:00:00,736.6,20.81,62.84,0
2026-11-06 07:30:00,721.4,21.1,61.85,0
2026-11-06 08:00:00,701.9,21.81,63.19,0
2026-11-06 08:30:00,687.4,22.5,64.06,0
2026-11-06 09:00:00,693.6,22.04,66.83,0
2026-11-06 09:30:00,661.3,21.86,65.54,0
2026-11-06 10:00:00,657.0,23.14,64.06,0
2026-11-06 10:30:00,662.8,24.03,63.89,0
2026-11-06 11:00:00,653.8,23.93,62.23,0
2026-11-06 11:30:00,651.6,24.67,64.53,0
2026-11-06 12:00:00,617.5,25.24,64.85,0
2026-11-06 12:30:00,621.8,25.16,60.91,0
2026-11-06 13:00:00,622.2,25.75,63.84,0
2026-11-06 13:30:00,602.4,24.77,63.53,0
2026-11-06 14:00:00,605.2,26.15,59.29,0
2026-11-06 14:30:00,591.9,26.61,62.31,0
2026-11-06 15:00:00,595.8,26.34,59.09,0
2026-11-06 15:30:00,573.5,26.05,58.32,0
2026-11-06 16:00:00,549.2,27.22,58.91,0
2026-11-06 16:30:00,554.1,26.44,56.64,0
2026-11-06 17:00:00,531.6,24.95,57.76,0
2026-11-06 17:30:00,521.9,26.22,56.31,0
2026-11-06 18:00:00,491.8,25.7,54.1,0
2026-11-06 18:30:00,513.3,24.61,56.58,0
2026-11-06 19:00:00,486.6,26.24,53.64,0
2026-11-06 19:30:00,486.3,24.32,53.51,0
2026-11-06 20:00:00,481.4,23.93,52.69,0
2026-11-06 20:30:00,455.0,24.2,51.48,0
2026-11-06 21:00:00,448.6,22.78,50.9,0
2026-11-06 21:30:00,484.0,23.19,51.1,0
2026-11-06 22:00:00,442.5,21.79,54.71,0
2026-11-06 22:30:00,415.0,21.16,52.02,0
2026-11-06 23:00:00,406.2,21.08,52.15,0
2026-11-06 23:30:00,411.3,20.78,52.53,0
2026-11-07 00:00:00,386.5,20.7,49.91,0
2026-11-07 00:30:00,394.0,21.38,55.68,0
2026-11-07 01:00:00,405.1,20.31,53.21,0
2026-11-07 01:30:00,400.5,19.17,58.13,0
2026-11-07 02:00:00,413.7,19.23,53.94,0
2026-11-07 02:30:00,415.8,18.67,55.62,0
2026-11-07 03:00:00,395.9,18.36,57.53,0
2026-11-07 03:30:00,397.1,17.9,57.42,0
2026-11-07 04:00:00,398.3,18.42,57.89,0
2026-11-07 04:30:00,413.6,18.82,59.19,0
2026-11-07 05:00:00,402.7,18.46,59.53,0
2026-11-07 05:30:00,416.9,19.85,60.19,0
2026-11-07 06:00:00,390.7,20.75,61.62,0
2026-11-07 06:30:00,402.1,19.37,60.13,0
2026-11-07 07:00:00,395.4,20.12,63.26,0
2026-11-07 07:30:00,,18.78,60.0,0
2026-11-07 08:00:00,416.5,20.56,62.54,0
2026-11-07 08:30:00,409.8,20.48,65.18,0
2026-11-07 09:00:00,403.9,21.92,59.88,0
2026-11-07 09:30:00,416.0,22.03,64.08,0
2026-11-07 10:00:00,395.1,21.78,63.92,0
2026-11-07 10:30:00,390.2,23.04,60.6,0
2026-11-07 11:00:00,420.7,23.55,61.29,0
2026-11-07 11:30:00,408.3,23.17,66.46,0
2026-11-07 12:00:00,408.8,24.64,63.42,0
2026-11-07 12:30:00,394.8,23.58,62.01,0
2026-11-07 13:00:00,385.0,25.05,63.15,0
2026-11-07 13:30:00,390.8,23.79,60.45,0
2026-11-07 14:00:00,378.5,25.21,60.32,0
2026-11-07 14:30:00,404.2,25.14,60.67,0
2026-11-07 15:00:00,386.7,25.6,58.24,0
2026-11-07 15:30:00,401.3,25.32,57.57,0
2026-11-07 16:00:00,393.7,25.45,57.72,0
2026-11-07 16:30:00,423.0,25.16,60.46,0
2026-11-07 17:00:00,426.8,25.08,57.29,0
2026-11-07 17:30:00,401.7,25.58,53.65,0
2026-11-07 18:00:00,409.6,24.28,55.06,0
2026-11-07 18:30:00,415.3,24.62,55.32,0
2026-11-07 19:00:00,413.6,25.15,55.5,0
2026-11-07 19:30:00,395.9,23.55,54.99,0
2026-11-07 20:00:00,395.4,24.12,52.57,0
2026-11-07 20:30:00,394.4,23.75,50.79,0
2026-11-07 21:00:00,408.3,22.23,51.88,0
2026-11-07 21:30:00,432.0,20.8,52.42,0
2026-11-07 22:00:00,401.5,23.18,50.86,0
2026-11-07 22:30:00,390.7,23.06,52.13,0
2026-11-07 23:00:00,404.2,21.04,53.0,0
2026-11-07 23:30:00,406.3,21.06,52.84,0
2026-11-08 00:00:00,401.0,20.49,50.07,0
2026-11-08 00:30:00,416.5,19.9,54.32,0
2026-11-08 01:00:00,393.2,19.85,53.62,0
2026-11-08 01:30:00,405.5,19.29,53.9,0
2026-11-08 02:00:00,416.8,19.18,55.34,0
2026-11-08 02:30:00,409.1,17.91,54.72,0
2026-11-08 03:00:00,418.7,19.96,56.02,0
2026-11-08 03:30:00,398.1,18.43,57.08,0
2026-11-08 04:00:00,405.7,18.17,61.73,0
2026-11-08 04:30:00,396.0,18.38,57.51,0
2026-11-08 05:00:00,414.1,18.52,62.62,0
2026-11-08 05:30:00,407.9,18.47,60.53,0
2026-11-08 06:00:00,411.3,19.18,58.94,0
2026-11-08 06:30:00,398.6,18.81,62.04,0
2026-11-08 07:00:00,413.4,19.4,62.49,0
2026-11-08 07:30:00,422.6,20.13,63.22,0
2026-11-08 08:00:00,398.9,21.14,62.46,0
2026-11-08 08:30:00,390.4,20.73,61.68,0
2026-11-08 09:00:00,398.7,20.45,63.95,0
2026-11-08 09:30:00,401.9,21.48,67.4,0
2026-11-08 10:00:00,394.5,22.4,66.89,0
2026-11-08 10:30:00,415.6,23.03,61.05,0
2026-11-08 11:00:00,404.8,22.73,61.92,0
2026-11-08 11:30:00,384.6,24.2,64.38,0
2026-11-08 12:00:00,399.1,24.34,65.18,0
2026-11-08 12:30:00,423.4,23.74,63.86,0
2026-11-08 13:00:00,395.4,24.02,62.8,0
2026-11-08 13:30:00,424.6,25.22,63.34,0
2026-11-08 14:00:00,368.0,25.29,61.53,0
2026-11-08 14:30:00,428.1,25.0,61.09,0
2026-11-08 15:00:00,406.1,25.81,58.64,0
2026-11-08 15:30:00,402.7,24.98,59.75,0
2026-11-08 16:00:00,383.9,25.81,55.45,0
2026-11-08 16:30:00,397.9,25.96,54.9,0
2026-11-08 17:00:00,418.7,24.51,54.58,0
2026-11-08 17:30:00,410.3,26.18,56.5,0
2026-11-08 18:00:00,407.7,25.0,56.77,0
2026-11-08 18:30:00,383.7,24.52,53.64,0
2026-11-08 19:00:00,420.1,23.62,53.65,0
2026-11-08 19:30:00,411.5,23.11,54.97,0
2026-11-08 20:00:00,412.1,23.43,50.95,0
2026-11-08 20:30:00,415.8,23.47,52.33,0
2026-11-08 21:00:00,400.1,23.4,53.35,0
2026-11-08 21:30:00,400.5,22.57,49.9,0
2026-11-08 22:00:00,383.2,22.03,52.39,0
2026-11-08 22:30:00,401.5,22.54,51.08,0
2026-11-08 23:00:00,399.3,21.44,49.07,0
2026-11-08 23:30:00,418.1,21.68,53.61,0
2026-11-09 00:00:00,421.2,20.77,52.46,0
2026-11-09 00:30:00,400.1,20.48,52.17,0
2026-11-09 01:00:00,411.8,20.47,53.55,0
2026-11-09 01:30:00,422.5,19.27,52.63,0
2026-11-09 02:00:00,397.9,18.48,51.68,0
2026-11-09 02:30:00,380.6,18.35,54.33,0
2026-11-09 03:00:00,373.7,18.54,58.83,0
2026-11-09 03:30:00,403.6,17.5,58.81,0
2026-11-09 04:00:00,396.1,18.04,59.76,0
2026-11-09 04:30:00,412.4,19.0,58.12,0
2026-11-09 05:00:00,416.9,19.97,60.56,0
2026-11-09 05:30:00,409.5,19.27,59.88,0
2026-11-09 06:00:00,384.7,17.88,60.16,0
2026-11-09 06:30:00,410.6,19.31,61.3,0
2026-11-09 07:00:00,411.7,19.8,60.65,0
2026-11-09 07:30:00,394.3,19.83,63.52,0
2026-11-09 08:00:00,415.2,20.1,66.31,0
2026-11-09 08:30:00,411.0,20.29,60.71,0
2026-11-09 09:00:00,412.2,20.43,64.27,0
2026-11-09 09:30:00,405.9,21.19,64.88,0
2026-11-09 10:00:00,407.3,21.33,63.72,0
2026-11-09 10:30:00,398.2,22.53,65.13,0
2026-11-09 11:00:00,398.5,23.2,65.94,0
2026-11-09 11:30:00,387.0,23.9,65.4,0
2026-11-09 12:00:00,417.6,24.42,64.23,0
2026-11-09 12:30:00,395.5,24.02,63.63,0
2026-11-09 13:00:00,402.0,23.68,62.68,0
2026-11-09 13:30:00,415.3,24.7,62.11,0
2026-11-09 14:00:00,411.2,25.29,59.21,0
2026-11-09 14:30:00,427.6,25.46,59.63,0
2026-11-09 15:00:00,406.0,26.2,60.86,0
2026-11-09 15:30:00,401.5,26.2,58.95,0
2026-11-09 16:00:00,410.1,25.16,56.01,0
2026-11-09 16:30:00,393.9,24.14,57.6,0
2026-11-09 17:00:00,394.9,26.37,55.51,0
2026-11-09 17:30:00,430.4,25.18,55.82,0
2026-11-09 18:00:00,415.6,25.29,52.68,0
2026-11-09 18:30:00,408.6,24.5,53.31,0
2026-11-09 19:00:00,413.6,25.05,53.51,0
2026-11-09 19:30:00,410.3,25.19,54.47,0
2026-11-09 20:00:00,418.5,24.48,53.99,0
2026-11-09 20:30:00,409.7,24.26,53.43,0
2026-11-09 21:00:00,410.4,22.22,51.63,0
2026-11-09 21:30:00,405.0,22.92,52.13,0
2026-11-09 22:00:00,409.5,22.01,50.84,0
2026-11-09 22:30:00,396.2,22.4,49.66,0
2026-11-09 23:00:00,392.2,20.16,54.57,0
2026-11-09 23:30:00,404.1,19.75,51.63,0
2026-11-10 00:00:00,415.3,20.28,53.93,0
2026-11-10 00:30:00,397.3,21.05,52.08,0
2026-11-10 01:00:00,426.0,20.84,55.31,0
2026-11-10 01:30:00,417.5,20.6,54.95,0
2026-11-10 02:00:00,417.1,19.24,56.31,0
2026-11-10 02:30:00,398.2,18.48,54.37,0
2026-11-10 03:00:00,411.0,18.95,58.05,0
2026-11-10 03:30:00,388.4,18.85,56.53,0
2026-11-10 04:00:00,411.1,19.14,57.93,0
2026-11-10 04:30:00,394.7,19.23,58.49,0
2026-11-10 05:00:00,2777.6,18.1,59.82,0
2026-11-10 05:30:00,2355.1,19.77,60.35,0
2026-11-10 06:00:00,2242.6,18.68,61.63,0
2026-11-10 06:30:00,1838.9,17.94,59.71,0
2026-11-10 07:00:00,2864.6,19.83,59.54,0
2026-11-10 07:30:00,2922.1,19.63,62.6,0
2026-11-10 08:00:00,416.0,20.64,62.0,0
2026-11-10 08:30:00,423.5,20.77,63.68,0
2026-11-10 09:00:00,417.8,22.01,60.56,0
2026-11-10 09:30:00,425.5,22.59,66.82,0
2026-11-10 10:00:00,426.1,22.68,65.55,0
2026-11-10 10:30:00,429.1,23.4,67.47,0
2026-11-10 11:00:00,388.3,23.23,66.83,0
2026-11-10 11:30:00,417.9,24.18,62.71,0
2026-11-10 12:00:00,402.4,24.83,62.58,0
2026-11-10 12:30:00,402.1,23.43,64.5,0
2026-11-10 13:00:00,403.3,23.55,60.32,0
2026-11-10 13:30:00,394.8,25.42,61.12,0
2026-11-10 14:00:00,405.3,25.71,59.8,0
2026-11-10 14:30:00,394.4,25.99,60.59,0
2026-11-10 15:00:00,426.9,25.32,60.58,0
2026-11-10 15:30:00,432.2,25.79,57.02,0
2026-11-10 16:00:00,419.1,26.67,56.79,0
2026-11-10 16:30:00,415.7,26.01,58.27,0
2026-11-10 17:00:00,417.2,26.13,56.93,0
2026-11-10 17:30:00,431.8,25.72,55.5,0
2026-11-10 18:00:00,416.2,25.52,54.23,0
2026-11-10 18:30:00,421.4,25.21,53.95,0
2026-11-10 19:00:00,417.1,24.77,53.1,0
2026-11-10 19:30:00,408.7,24.14,49.89,0
2026-11-10 20:00:00,414.0,25.11,53.44,0
2026-11-10 20:30:00,401.9,23.4,55.18,0
2026-11-10 21:00:00,425.3,23.12,51.26,0
2026-11-10 21:30:00,430.0,24.2,51.6,0
2026-11-10 22:00:00,422.7,21.97,52.81,0
2026-11-10 22:30:00,453.3,21.25,48.04,0
2026-11-10 23:00:00,413.6,21.31,50.2,0
2026-11-10 23:30:00,440.6,21.17,52.39,0
2026-11-11 00:00:00,438.9,20.68,53.1,0
2026-11-11 00:30:00,405.9,20.56,51.78,0
2026-11-11 01:00:00,453.9,19.49,53.5,0
2026-11-11 01:30:00,416.0,19.45,54.36,0
2026-11-11 02:00:00,423.1,18.79,55.71,0
2026-11-11 02:30:00,428.9,18.37,55.96,0
2026-11-11 03:00:00,408.1,19.58,58.24,0
2026-11-11 03:30:00,438.7,19.02,57.27,0
2026-11-11 04:00:00,452.6,19.6,56.6,0
2026-11-11 04:30:00,426.2,19.94,59.81,0
2026-11-11 05:00:00,426.9,18.15,60.01,0
2026-11-11 05:30:00,433.2,19.93,59.16,0
2026-11-11 06:00:00,434.8,19.92,62.22,0
2026-11-11 06:30:00,443.1,19.84,59.6,0
2026-11-11 07:00:00,424.8,20.46,59.6,0
2026-11-11 07:30:00,417.2,20.7,62.28,0
2026-11-11 08:00:00,434.3,20.9,62.65,0
2026-11-11 08:30:00,444.2,21.8,62.99,0
2026-11-11 09:00:00,443.5,22.6,61.09,0
2026-11-11 09:30:00,446.8,22.75,65.02,0
2026-11-11 10:00:00,461.4,23.09,63.88,0
2026-11-11 10:30:00,451.1,22.7,63.97,0
2026-11-11 11:00:00,446.1,23.18,64.96,0
2026-11-11 11:30:00,449.6,24.0,62.42,0
2026-11-11 12:00:00,436.2,24.76,64.32,0
2026-11-11 12:30:00,446.9,24.26,62.14,0
2026-11-11 13:00:00,450.5,25.5,63.81,0
2026-11-11 13:30:00,449.2,25.71,59.01,0
2026-11-11 14:00:00,456.8,25.29,58.84,0
2026-11-11 14:30:00,450.3,25.96,58.27,0
2026-11-11 15:00:00,467.7,26.14,59.62,0
2026-11-11 15:30:00,460.9,26.11,58.56,0
2026-11-11 16:00:00,459.7,26.38,58.7,0
2026-11-11 16:30:00,470.9,26.82,59.47,0
2026-11-11 17:00:00,442.2,25.07,53.92,0
2026-11-11 17:30:00,476.7,26.06,56.3,0
2026-11-11 18:00:00,470.8,25.68,53.57,0
2026-11-11 18:30:00,440.2,24.91,53.8,0
2026-11-11 19:00:00,465.9,24.1,52.74,0
2026-11-11 19:30:00,451.2,25.55,53.32,0
2026-11-11 20:00:00,458.2,24.09,52.13,0
2026-11-11 20:30:00,451.4,24.13,48.44,0
2026-11-11 21:00:00,462.2,23.52,51.77,0
2026-11-11 21:30:00,475.3,22.91,51.23,0
2026-11-11 22:00:00,467.9,23.12,53.18,0
2026-11-11 22:30:00,481.1,22.01,51.57,0
2026-11-11 23:00:00,475.3,21.77,50.08,0
2026-11-11 23:30:00,476.3,21.98,54.85,0
2026-11-12 00:00:00,480.3,21.1,51.81,0
2026-11-12 00:30:00,496.0,20.74,53.3,0
2026-11-12 01:00:00,480.2,20.78,55.1,0
2026-11-12 01:30:00,496.2,20.94,53.44,0
2026-11-12 02:00:00,495.6,19.24,54.52,0
2026-11-12 02:30:00,485.2,20.18,54.56,0
2026-11-12 03:00:00,492.2,19.76,56.02,0
2026-11-12 03:30:00,526.5,20.14,55.91,0
2026-11-12 04:00:00,503.3,20.67,60.09,0
2026-11-12 04:30:00,485.4,19.47,60.83,0
2026-11-12 05:00:00,523.2,19.51,60.65,0
2026-11-12 05:30:00,500.8,20.3,61.07,0
2026-11-12 06:00:00,507.7,19.78,58.16,0
2026-11-12 06:30:00,505.6,19.84,60.39,0
2026-11-12 07:00:00,504.7,21.17,62.01,0
2026-11-12 07:30:00,506.8,20.39,64.73,0
2026-11-12 08:00:00,514.8,21.78,62.15,0
2026-11-12 08:30:00,505.6,21.52,65.49,0
2026-11-12 09:00:00,499.3,22.31,64.57,0
2026-11-12 09:30:00,515.5,22.47,62.61,0
2026-11-12 10:00:00,536.7,22.7,65.33,0
2026-11-12 10:30:00,530.3,24.01,63.04,0
2026-11-12 11:00:00,530.2,24.45,65.73,0
2026-11-12 11:30:00,511.0,24.53,63.04,0
2026-11-12 12:00:00,513.1,24.15,62.97,0
2026-11-12 12:30:00,523.3,25.95,62.95,0
2026-11-12 13:00:00,550.4,25.34,61.87,0
2026-11-12 13:30:00,538.9,26.53,60.5,0
2026-11-12 14:00:00,540.2,26.74,58.92,0
2026-11-12 14:30:00,517.3,25.36,62.12,0
2026-11-12 15:00:00,543.9,26.02,60.62,0
2026-11-12 15:30:00,554.9,27.97,59.32,0
2026-11-12 16:00:00,578.1,26.36,56.25,0
2026-11-12 16:30:00,541.0,26.84,54.71,0
2026-11-12 17:00:00,546.9,27.2,57.15,0
2026-11-12 17:30:00,572.8,26.98,54.73,0
2026-11-12 18:00:00,565.5,26.36,54.61,0
2026-11-12 18:30:00,557.5,25.84,51.82,0
2026-11-12 19:00:00,561.0,26.54,54.02,0
2026-11-12 19:30:00,571.0,26.49,50.37,0
2026-11-12 20:00:00,560.7,25.73,52.49,0
2026-11-12 20:30:00,576.1,24.9,51.22,0
2026-11-12 21:00:00,586.7,23.6,52.47,0
2026-11-12 21:30:00,615.0,23.61,51.49,0
2026-11-12 22:00:00,603.8,22.59,53.44,0
2026-11-12 22:30:00,571.9,23.43,54.35,0
2026-11-12 23:00:00,596.4,23.09,54.43,0
2026-11-12 23:30:00,605.4,22.37,52.78,0
2026-11-13 00:00:00,601.0,22.89,54.44,0
2026-11-13 00:30:00,577.9,21.49,53.87,0
2026-11-13 01:00:00,604.0,20.64,53.68,0
2026-11-13 01:30:00,604.6,19.95,56.91,0
2026-11-13 02:00:00,601.8,20.49,56.11,0
2026-11-13 02:30:00,606.3,20.71,53.43,0
2026-11-13 03:00:00,633.7,21.06,52.73,0
2026-11-13 03:30:00,615.6,19.63,55.42,0
2026-11-13 04:00:00,621.8,21.02,57.41,0
2026-11-13 04:30:00,614.9,20.47,54.82,0
2026-11-13 05:00:00,611.4,21.1,60.12,0
2026-11-13 05:30:00,641.2,20.24,59.14,0
2026-11-13 06:00:00,638.2,21.12,61.59,0
2026-11-13 06:30:00,622.4,20.85,60.08,0
2026-11-13 07:00:00,641.3,21.86,61.86,0
2026-11-13 07:30:00,639.9,22.14,61.38,0
2026-11-13 08:00:00,652.6,22.67,64.31,0
2026-11-13 08:30:00,654.4,22.26,61.95,0
2026-11-13 09:00:00,646.6,23.9,64.39,0
2026-11-13 09:30:00,651.0,23.64,63.06,0
2026-11-13 10:00:00,642.3,23.5,61.8,0
2026-11-13 10:30:00,658.3,23.57,62.84,0
2026-11-13 11:00:00,672.6,24.35,64.73,0
2026-11-13 11:30:00,679.4,24.54,62.82,0
2026-11-13 12:00:00,660.6,25.64,62.66,0
2026-11-13 12:30:00,690.5,26.33,62.53,0
2026-11-13 13:00:00,682.7,26.05,61.41,0
2026-11-13 13:30:00,713.3,25.88,59.0,0
2026-11-13 14:00:00,685.1,26.45,62.97,0
2026-11-13 14:30:00,692.5,27.89,58.16,0
2026-11-13 15:00:00,730.9,27.37,57.73,0
2026-11-13 15:30:00,706.3,27.8,62.35,0
2026-11-13 16:00:00,710.8,27.55,59.88,0
2026-11-13 16:30:00,697.7,28.03,58.33,0
2026-11-13 17:00:00,720.2,27.28,59.52,0
2026-11-13 17:30:00,732.9,27.36,55.49,0
2026-11-13 18:00:00,731.0,27.48,55.71,0
2026-11-13 18:30:00,718.3,27.53,55.31,0
2026-11-13 19:00:00,738.1,26.68,55.68,0
2026-11-13 19:30:00,712.6,25.89,52.43,0
2026-11-13 20:00:00,745.1,26.07,52.48,0
2026-11-13 20:30:00,739.3,25.88,53.5,0
2026-11-13 21:00:00,738.4,25.43,53.26,0
2026-11-13 21:30:00,772.5,24.6,51.42,0
2026-11-13 22:00:00,761.2,22.59,52.77,0
2026-11-13 22:30:00,759.7,23.96,50.74,0
2026-11-13 23:00:00,763.7,23.57,52.31,0
2026-11-13 23:30:00,760.7,23.18,54.3,0
2026-11-14 00:00:00,776.0,22.05,53.14,0
2026-11-14 00:30:00,758.3,23.47,51.33,0
2026-11-14 01:00:00,751.0,22.07,53.87,0
2026-11-14 01:30:00,753.3,20.7,53.54,0
2026-11-14 02:00:00,736.1,20.77,53.42,0
2026-11-14 02:30:00,730.7,20.25,56.44,0
2026-11-14 03:00:00,733.1,20.15,58.83,0
2026-11-14 03:30:00,702.3,20.35,60.22,0
2026-11-14 04:00:00,692.2,20.5,57.99,0
2026-11-14 04:30:00,700.2,20.99,59.56,0
2026-11-14 05:00:00,712.2,20.52,60.14,0
2026-11-14 05:30:00,690.5,20.96,62.49,0
2026-11-14 06:00:00,676.0,21.14,61.63,0
2026-11-14 06:30:00,677.5,22.36,63.24,0
2026-11-14 07:00:00,678.8,20.57,60.61,0
2026-11-14 07:30:00,662.4,21.05,64.39,0
2026-11-14 08:00:00,680.7,21.62,63.54,0
2026-11-14 08:30:00,657.9,22.63,61.71,0
2026-11-14 09:00:00,633.2,20.81,60.93,0
2026-11-14 09:30:00,607.6,23.34,62.6,0
2026-11-14 10:00:00,630.5,23.94,61.79,0
2026-11-14 10:30:00,619.5,24.47,63.88,0
2026-11-14 11:00:00,622.9,24.88,65.46,0
2026-11-14 11:30:00,612.2,26.24,63.65,0
2026-11-14 12:00:00,584.5,24.97,66.88,0
2026-11-14 12:30:00,595.0,26.33,64.05,0
2026-11-14 13:00:00,604.6,25.17,62.66,0
2026-11-14 13:30:00,562.2,25.78,63.26,0
2026-11-14 14:00:00,577.2,27.04,57.11,0
2026-11-14 14:30:00,549.1,26.93,62.02,0
2026-11-14 15:00:00,559.6,26.52,58.92,0
2026-11-14 15:30:00,555.6,27.14,62.76,0
2026-11-14 16:00:00,535.2,27.26,58.72,0
2026-11-14 16:30:00,526.8,26.47,58.95,0
2026-11-14 17:00:00,517.1,25.65,56.0,0
2026-11-14 17:30:00,512.8,26.46,53.74,0
2026-11-14 18:00:00,509.1,26.23,54.86,0
2026-11-14 18:30:00,498.9,25.48,55.6,0
2026-11-14 19:00:00,493.7,25.51,54.03,0
2026-11-14 19:30:00,516.3,24.79,53.23,0
2026-11-14 20:00:00,481.1,25.22,52.83,0
2026-11-14 20:30:00,457.2,24.41,52.37,0
2026-11-14 21:00:00,459.1,23.02,50.84,0
2026-11-14 21:30:00,468.3,23.31,53.67,0
2026-11-14 22:00:00,466.8,22.98,49.14,0
2026-11-14 22:30:00,437.5,21.37,53.13,0
2026-11-14 23:00:00,450.8,21.79,52.85,0
2026-11-14 23:30:00,414.7,21.59,54.09,0
